r,t,y,NewCapacity
REGION1,DEMAGRDSL,2018,99999.0
REGION1,DEMAGRDSL,2019,99999.0
REGION1,DEMAGRDSL,2020,99999.0
REGION1,DEMAGRDSL,2021,99999.0
REGION1,DEMAGRDSL,2022,99999.0
REGION1,DEMAGRDSL,2023,99999.0
REGION1,DEMAGRDSL,2024,99999.0
REGION1,DEMAGRDSL,2025,99999.0
REGION1,DEMAGRDSL,2026,99999.0
REGION1,DEMAGRDSL,2027,99999.0
REGION1,DEMAGRDSL,2028,99999.0
REGION1,DEMAGRDSL,2029,99999.0
REGION1,DEMAGRDSL,2030,99999.0
REGION1,DEMAGRDSL,2031,99999.0
REGION1,DEMAGRDSL,2032,99999.0
REGION1,DEMAGRDSL,2033,99999.0
REGION1,DEMAGRDSL,2034,99999.0
REGION1,DEMAGRDSL,2035,99999.0
REGION1,DEMAGRDSL,2036,99999.0
REGION1,DEMAGRDSL,2037,99999.0
REGION1,DEMAGRDSL,2038,99999.0
REGION1,DEMAGRDSL,2039,99999.0
REGION1,DEMAGRDSL,2040,99999.0
REGION1,DEMAGRELCP02,2018,99999.0
REGION1,DEMAGRELCP02,2019,99999.0
REGION1,DEMAGRELCP02,2020,99999.0
REGION1,DEMAGRELCP02,2021,99999.0
REGION1,DEMAGRELCP02,2022,99999.0
REGION1,DEMAGRELCP02,2023,99999.0
REGION1,DEMAGRELCP02,2024,99999.0
REGION1,DEMAGRELCP02,2025,99999.0
REGION1,DEMAGRELCP02,2026,99999.0
REGION1,DEMAGRELCP02,2027,99999.0
REGION1,DEMAGRELCP02,2028,99999.0
REGION1,DEMAGRELCP02,2029,99999.0
REGION1,DEMAGRELCP02,2030,99999.0
REGION1,DEMAGRELCP02,2031,99999.0
REGION1,DEMAGRELCP02,2032,99999.0
REGION1,DEMAGRELCP02,2033,99999.0
REGION1,DEMAGRELCP02,2034,99999.0
REGION1,DEMAGRELCP02,2035,99999.0
REGION1,DEMAGRELCP02,2036,99999.0
REGION1,DEMAGRELCP02,2037,99999.0
REGION1,DEMAGRELCP02,2038,99999.0
REGION1,DEMAGRELCP02,2039,99999.0
REGION1,DEMAGRELCP02,2040,99999.0
REGION1,DEMAGRGWTPHL_VI,2018,99999.0
REGION1,DEMAGRGWTPHL_VI,2019,99999.0
REGION1,DEMAGRGWTPHL_VI,2020,99999.0
REGION1,DEMAGRGWTPHL_VI,2021,99999.0
REGION1,DEMAGRGWTPHL_VI,2022,99999.0
REGION1,DEMAGRGWTPHL_VI,2023,99999.0
REGION1,DEMAGRGWTPHL_VI,2024,99999.0
REGION1,DEMAGRGWTPHL_VI,2025,99999.0
REGION1,DEMAGRGWTPHL_VI,2026,99999.0
REGION1,DEMAGRGWTPHL_VI,2027,99999.0
REGION1,DEMAGRGWTPHL_VI,2028,99999.0
REGION1,DEMAGRGWTPHL_VI,2029,99999.0
REGION1,DEMAGRGWTPHL_VI,2030,99999.0
REGION1,DEMAGRGWTPHL_VI,2031,99999.0
REGION1,DEMAGRGWTPHL_VI,2032,99999.0
REGION1,DEMAGRGWTPHL_VI,2033,99999.0
REGION1,DEMAGRGWTPHL_VI,2034,99999.0
REGION1,DEMAGRGWTPHL_VI,2035,99999.0
REGION1,DEMAGRGWTPHL_VI,2036,99999.0
REGION1,DEMAGRGWTPHL_VI,2037,99999.0
REGION1,DEMAGRGWTPHL_VI,2038,99999.0
REGION1,DEMAGRGWTPHL_VI,2039,99999.0
REGION1,DEMAGRGWTPHL_VI,2040,99999.0
REGION1,DEMAGRSURPHL_VI,2018,99999.0
REGION1,DEMAGRSURPHL_VI,2019,99999.0
REGION1,DEMAGRSURPHL_VI,2020,99999.0
REGION1,DEMAGRSURPHL_VI,2021,99999.0
REGION1,DEMAGRSURPHL_VI,2022,99999.0
REGION1,DEMAGRSURPHL_VI,2023,99999.0
REGION1,DEMAGRSURPHL_VI,2024,99999.0
REGION1,DEMAGRSURPHL_VI,2025,99999.0
REGION1,DEMAGRSURPHL_VI,2026,99999.0
REGION1,DEMAGRSURPHL_VI,2027,99999.0
REGION1,DEMAGRSURPHL_VI,2028,99999.0
REGION1,DEMAGRSURPHL_VI,2029,99999.0
REGION1,DEMAGRSURPHL_VI,2030,99999.0
REGION1,DEMAGRSURPHL_VI,2031,99999.0
REGION1,DEMAGRSURPHL_VI,2032,99999.0
REGION1,DEMAGRSURPHL_VI,2033,99999.0
REGION1,DEMAGRSURPHL_VI,2034,99999.0
REGION1,DEMAGRSURPHL_VI,2035,99999.0
REGION1,DEMAGRSURPHL_VI,2036,99999.0
REGION1,DEMAGRSURPHL_VI,2037,99999.0
REGION1,DEMAGRSURPHL_VI,2038,99999.0
REGION1,DEMAGRSURPHL_VI,2039,99999.0
REGION1,DEMAGRSURPHL_VI,2040,99999.0
REGION1,DEMCOMBIO,2018,99999.0
REGION1,DEMCOMBIO,2019,99999.0
REGION1,DEMCOMBIO,2020,99999.0
REGION1,DEMCOMBIO,2021,99999.0
REGION1,DEMCOMBIO,2022,99999.0
REGION1,DEMCOMBIO,2023,99999.0
REGION1,DEMCOMBIO,2024,99999.0
REGION1,DEMCOMBIO,2025,99999.0
REGION1,DEMCOMBIO,2026,99999.0
REGION1,DEMCOMBIO,2027,99999.0
REGION1,DEMCOMBIO,2028,99999.0
REGION1,DEMCOMBIO,2029,99999.0
REGION1,DEMCOMBIO,2030,99999.0
REGION1,DEMCOMBIO,2031,99999.0
REGION1,DEMCOMBIO,2032,99999.0
REGION1,DEMCOMBIO,2033,99999.0
REGION1,DEMCOMBIO,2034,99999.0
REGION1,DEMCOMBIO,2035,99999.0
REGION1,DEMCOMBIO,2036,99999.0
REGION1,DEMCOMBIO,2037,99999.0
REGION1,DEMCOMBIO,2038,99999.0
REGION1,DEMCOMBIO,2039,99999.0
REGION1,DEMCOMBIO,2040,99999.0
REGION1,DEMCOMDSL,2018,99999.0
REGION1,DEMCOMDSL,2019,99999.0
REGION1,DEMCOMDSL,2020,99999.0
REGION1,DEMCOMDSL,2021,99999.0
REGION1,DEMCOMDSL,2022,99999.0
REGION1,DEMCOMDSL,2023,99999.0
REGION1,DEMCOMDSL,2024,99999.0
REGION1,DEMCOMDSL,2025,99999.0
REGION1,DEMCOMDSL,2026,99999.0
REGION1,DEMCOMDSL,2027,99999.0
REGION1,DEMCOMDSL,2028,99999.0
REGION1,DEMCOMDSL,2029,99999.0
REGION1,DEMCOMDSL,2030,99999.0
REGION1,DEMCOMDSL,2031,99999.0
REGION1,DEMCOMDSL,2032,99999.0
REGION1,DEMCOMDSL,2033,99999.0
REGION1,DEMCOMDSL,2034,99999.0
REGION1,DEMCOMDSL,2035,99999.0
REGION1,DEMCOMDSL,2036,99999.0
REGION1,DEMCOMDSL,2037,99999.0
REGION1,DEMCOMDSL,2038,99999.0
REGION1,DEMCOMDSL,2039,99999.0
REGION1,DEMCOMDSL,2040,99999.0
REGION1,DEMCOMELCP02,2018,99999.0
REGION1,DEMCOMELCP02,2019,99999.0
REGION1,DEMCOMELCP02,2020,99999.0
REGION1,DEMCOMELCP02,2021,99999.0
REGION1,DEMCOMELCP02,2022,99999.0
REGION1,DEMCOMELCP02,2023,99999.0
REGION1,DEMCOMELCP02,2024,99999.0
REGION1,DEMCOMELCP02,2025,99999.0
REGION1,DEMCOMELCP02,2026,99999.0
REGION1,DEMCOMELCP02,2027,99999.0
REGION1,DEMCOMELCP02,2028,99999.0
REGION1,DEMCOMELCP02,2029,99999.0
REGION1,DEMCOMELCP02,2030,99999.0
REGION1,DEMCOMELCP02,2031,99999.0
REGION1,DEMCOMELCP02,2032,99999.0
REGION1,DEMCOMELCP02,2033,99999.0
REGION1,DEMCOMELCP02,2034,99999.0
REGION1,DEMCOMELCP02,2035,99999.0
REGION1,DEMCOMELCP02,2036,99999.0
REGION1,DEMCOMELCP02,2037,99999.0
REGION1,DEMCOMELCP02,2038,99999.0
REGION1,DEMCOMELCP02,2039,99999.0
REGION1,DEMCOMELCP02,2040,99999.0
REGION1,DEMCOMKER,2018,99999.0
REGION1,DEMCOMKER,2019,99999.0
REGION1,DEMCOMKER,2020,99999.0
REGION1,DEMCOMKER,2021,99999.0
REGION1,DEMCOMKER,2022,99999.0
REGION1,DEMCOMKER,2023,99999.0
REGION1,DEMCOMKER,2024,99999.0
REGION1,DEMCOMKER,2025,99999.0
REGION1,DEMCOMKER,2026,99999.0
REGION1,DEMCOMKER,2027,99999.0
REGION1,DEMCOMKER,2028,99999.0
REGION1,DEMCOMKER,2029,99999.0
REGION1,DEMCOMKER,2030,99999.0
REGION1,DEMCOMKER,2031,99999.0
REGION1,DEMCOMKER,2032,99999.0
REGION1,DEMCOMKER,2033,99999.0
REGION1,DEMCOMKER,2034,99999.0
REGION1,DEMCOMKER,2035,99999.0
REGION1,DEMCOMKER,2036,99999.0
REGION1,DEMCOMKER,2037,99999.0
REGION1,DEMCOMKER,2038,99999.0
REGION1,DEMCOMKER,2039,99999.0
REGION1,DEMCOMKER,2040,99999.0
REGION1,DEMCOMLPG,2018,99999.0
REGION1,DEMCOMLPG,2019,99999.0
REGION1,DEMCOMLPG,2020,99999.0
REGION1,DEMCOMLPG,2021,99999.0
REGION1,DEMCOMLPG,2022,99999.0
REGION1,DEMCOMLPG,2023,99999.0
REGION1,DEMCOMLPG,2024,99999.0
REGION1,DEMCOMLPG,2025,99999.0
REGION1,DEMCOMLPG,2026,99999.0
REGION1,DEMCOMLPG,2027,99999.0
REGION1,DEMCOMLPG,2028,99999.0
REGION1,DEMCOMLPG,2029,99999.0
REGION1,DEMCOMLPG,2030,99999.0
REGION1,DEMCOMLPG,2031,99999.0
REGION1,DEMCOMLPG,2032,99999.0
REGION1,DEMCOMLPG,2033,99999.0
REGION1,DEMCOMLPG,2034,99999.0
REGION1,DEMCOMLPG,2035,99999.0
REGION1,DEMCOMLPG,2036,99999.0
REGION1,DEMCOMLPG,2037,99999.0
REGION1,DEMCOMLPG,2038,99999.0
REGION1,DEMCOMLPG,2039,99999.0
REGION1,DEMCOMLPG,2040,99999.0
REGION1,DEMCOMNGS,2018,99999.0
REGION1,DEMCOMNGS,2019,99999.0
REGION1,DEMCOMNGS,2020,99999.0
REGION1,DEMCOMNGS,2021,99999.0
REGION1,DEMCOMNGS,2022,99999.0
REGION1,DEMCOMNGS,2023,99999.0
REGION1,DEMCOMNGS,2024,99999.0
REGION1,DEMCOMNGS,2025,99999.0
REGION1,DEMCOMNGS,2026,99999.0
REGION1,DEMCOMNGS,2027,99999.0
REGION1,DEMCOMNGS,2028,99999.0
REGION1,DEMCOMNGS,2029,99999.0
REGION1,DEMCOMNGS,2030,99999.0
REGION1,DEMCOMNGS,2031,99999.0
REGION1,DEMCOMNGS,2032,99999.0
REGION1,DEMCOMNGS,2033,99999.0
REGION1,DEMCOMNGS,2034,99999.0
REGION1,DEMCOMNGS,2035,99999.0
REGION1,DEMCOMNGS,2036,99999.0
REGION1,DEMCOMNGS,2037,99999.0
REGION1,DEMCOMNGS,2038,99999.0
REGION1,DEMCOMNGS,2039,99999.0
REGION1,DEMCOMNGS,2040,99999.0
REGION1,DEMINDBIO,2018,99999.0
REGION1,DEMINDBIO,2019,99999.0
REGION1,DEMINDBIO,2020,99999.0
REGION1,DEMINDBIO,2021,99999.0
REGION1,DEMINDBIO,2022,99999.0
REGION1,DEMINDBIO,2023,99999.0
REGION1,DEMINDBIO,2024,99999.0
REGION1,DEMINDBIO,2025,99999.0
REGION1,DEMINDBIO,2026,99999.0
REGION1,DEMINDBIO,2027,99999.0
REGION1,DEMINDBIO,2028,99999.0
REGION1,DEMINDBIO,2029,99999.0
REGION1,DEMINDBIO,2030,99999.0
REGION1,DEMINDBIO,2031,99999.0
REGION1,DEMINDBIO,2032,99999.0
REGION1,DEMINDBIO,2033,99999.0
REGION1,DEMINDBIO,2034,99999.0
REGION1,DEMINDBIO,2035,99999.0
REGION1,DEMINDBIO,2036,99999.0
REGION1,DEMINDBIO,2037,99999.0
REGION1,DEMINDBIO,2038,99999.0
REGION1,DEMINDBIO,2039,99999.0
REGION1,DEMINDBIO,2040,99999.0
REGION1,DEMINDCOA,2018,99999.0
REGION1,DEMINDCOA,2019,99999.0
REGION1,DEMINDCOA,2020,99999.0
REGION1,DEMINDCOA,2021,99999.0
REGION1,DEMINDCOA,2022,99999.0
REGION1,DEMINDCOA,2023,99999.0
REGION1,DEMINDCOA,2024,99999.0
REGION1,DEMINDCOA,2025,99999.0
REGION1,DEMINDCOA,2026,99999.0
REGION1,DEMINDCOA,2027,99999.0
REGION1,DEMINDCOA,2028,99999.0
REGION1,DEMINDCOA,2029,99999.0
REGION1,DEMINDCOA,2030,99999.0
REGION1,DEMINDCOA,2031,99999.0
REGION1,DEMINDCOA,2032,99999.0
REGION1,DEMINDCOA,2033,99999.0
REGION1,DEMINDCOA,2034,99999.0
REGION1,DEMINDCOA,2035,99999.0
REGION1,DEMINDCOA,2036,99999.0
REGION1,DEMINDCOA,2037,99999.0
REGION1,DEMINDCOA,2038,99999.0
REGION1,DEMINDCOA,2039,99999.0
REGION1,DEMINDCOA,2040,99999.0
REGION1,DEMINDDSL,2018,99999.0
REGION1,DEMINDDSL,2019,99999.0
REGION1,DEMINDDSL,2020,99999.0
REGION1,DEMINDDSL,2021,99999.0
REGION1,DEMINDDSL,2022,99999.0
REGION1,DEMINDDSL,2023,99999.0
REGION1,DEMINDDSL,2024,99999.0
REGION1,DEMINDDSL,2025,99999.0
REGION1,DEMINDDSL,2026,99999.0
REGION1,DEMINDDSL,2027,99999.0
REGION1,DEMINDDSL,2028,99999.0
REGION1,DEMINDDSL,2029,99999.0
REGION1,DEMINDDSL,2030,99999.0
REGION1,DEMINDDSL,2031,99999.0
REGION1,DEMINDDSL,2032,99999.0
REGION1,DEMINDDSL,2033,99999.0
REGION1,DEMINDDSL,2034,99999.0
REGION1,DEMINDDSL,2035,99999.0
REGION1,DEMINDDSL,2036,99999.0
REGION1,DEMINDDSL,2037,99999.0
REGION1,DEMINDDSL,2038,99999.0
REGION1,DEMINDDSL,2039,99999.0
REGION1,DEMINDDSL,2040,99999.0
REGION1,DEMINDELCP02,2018,99999.0
REGION1,DEMINDELCP02,2019,99999.0
REGION1,DEMINDELCP02,2020,99999.0
REGION1,DEMINDELCP02,2021,99999.0
REGION1,DEMINDELCP02,2022,99999.0
REGION1,DEMINDELCP02,2023,99999.0
REGION1,DEMINDELCP02,2024,99999.0
REGION1,DEMINDELCP02,2025,99999.0
REGION1,DEMINDELCP02,2026,99999.0
REGION1,DEMINDELCP02,2027,99999.0
REGION1,DEMINDELCP02,2028,99999.0
REGION1,DEMINDELCP02,2029,99999.0
REGION1,DEMINDELCP02,2030,99999.0
REGION1,DEMINDELCP02,2031,99999.0
REGION1,DEMINDELCP02,2032,99999.0
REGION1,DEMINDELCP02,2033,99999.0
REGION1,DEMINDELCP02,2034,99999.0
REGION1,DEMINDELCP02,2035,99999.0
REGION1,DEMINDELCP02,2036,99999.0
REGION1,DEMINDELCP02,2037,99999.0
REGION1,DEMINDELCP02,2038,99999.0
REGION1,DEMINDELCP02,2039,99999.0
REGION1,DEMINDELCP02,2040,99999.0
REGION1,DEMINDHFO,2018,99999.0
REGION1,DEMINDHFO,2019,99999.0
REGION1,DEMINDHFO,2020,99999.0
REGION1,DEMINDHFO,2021,99999.0
REGION1,DEMINDHFO,2022,99999.0
REGION1,DEMINDHFO,2023,99999.0
REGION1,DEMINDHFO,2024,99999.0
REGION1,DEMINDHFO,2025,99999.0
REGION1,DEMINDHFO,2026,99999.0
REGION1,DEMINDHFO,2027,99999.0
REGION1,DEMINDHFO,2028,99999.0
REGION1,DEMINDHFO,2029,99999.0
REGION1,DEMINDHFO,2030,99999.0
REGION1,DEMINDHFO,2031,99999.0
REGION1,DEMINDHFO,2032,99999.0
REGION1,DEMINDHFO,2033,99999.0
REGION1,DEMINDHFO,2034,99999.0
REGION1,DEMINDHFO,2035,99999.0
REGION1,DEMINDHFO,2036,99999.0
REGION1,DEMINDHFO,2037,99999.0
REGION1,DEMINDHFO,2038,99999.0
REGION1,DEMINDHFO,2039,99999.0
REGION1,DEMINDHFO,2040,99999.0
REGION1,DEMINDKER,2018,99999.0
REGION1,DEMINDKER,2019,99999.0
REGION1,DEMINDKER,2020,99999.0
REGION1,DEMINDKER,2021,99999.0
REGION1,DEMINDKER,2022,99999.0
REGION1,DEMINDKER,2023,99999.0
REGION1,DEMINDKER,2024,99999.0
REGION1,DEMINDKER,2025,99999.0
REGION1,DEMINDKER,2026,99999.0
REGION1,DEMINDKER,2027,99999.0
REGION1,DEMINDKER,2028,99999.0
REGION1,DEMINDKER,2029,99999.0
REGION1,DEMINDKER,2030,99999.0
REGION1,DEMINDKER,2031,99999.0
REGION1,DEMINDKER,2032,99999.0
REGION1,DEMINDKER,2033,99999.0
REGION1,DEMINDKER,2034,99999.0
REGION1,DEMINDKER,2035,99999.0
REGION1,DEMINDKER,2036,99999.0
REGION1,DEMINDKER,2037,99999.0
REGION1,DEMINDKER,2038,99999.0
REGION1,DEMINDKER,2039,99999.0
REGION1,DEMINDKER,2040,99999.0
REGION1,DEMINDLPG,2018,99999.0
REGION1,DEMINDLPG,2019,99999.0
REGION1,DEMINDLPG,2020,99999.0
REGION1,DEMINDLPG,2021,99999.0
REGION1,DEMINDLPG,2022,99999.0
REGION1,DEMINDLPG,2023,99999.0
REGION1,DEMINDLPG,2024,99999.0
REGION1,DEMINDLPG,2025,99999.0
REGION1,DEMINDLPG,2026,99999.0
REGION1,DEMINDLPG,2027,99999.0
REGION1,DEMINDLPG,2028,99999.0
REGION1,DEMINDLPG,2029,99999.0
REGION1,DEMINDLPG,2030,99999.0
REGION1,DEMINDLPG,2031,99999.0
REGION1,DEMINDLPG,2032,99999.0
REGION1,DEMINDLPG,2033,99999.0
REGION1,DEMINDLPG,2034,99999.0
REGION1,DEMINDLPG,2035,99999.0
REGION1,DEMINDLPG,2036,99999.0
REGION1,DEMINDLPG,2037,99999.0
REGION1,DEMINDLPG,2038,99999.0
REGION1,DEMINDLPG,2039,99999.0
REGION1,DEMINDLPG,2040,99999.0
REGION1,DEMINDNGS,2018,99999.0
REGION1,DEMINDNGS,2019,99999.0
REGION1,DEMINDNGS,2020,99999.0
REGION1,DEMINDNGS,2021,99999.0
REGION1,DEMINDNGS,2022,99999.0
REGION1,DEMINDNGS,2023,99999.0
REGION1,DEMINDNGS,2024,99999.0
REGION1,DEMINDNGS,2025,99999.0
REGION1,DEMINDNGS,2026,99999.0
REGION1,DEMINDNGS,2027,99999.0
REGION1,DEMINDNGS,2028,99999.0
REGION1,DEMINDNGS,2029,99999.0
REGION1,DEMINDNGS,2030,99999.0
REGION1,DEMINDNGS,2031,99999.0
REGION1,DEMINDNGS,2032,99999.0
REGION1,DEMINDNGS,2033,99999.0
REGION1,DEMINDNGS,2034,99999.0
REGION1,DEMINDNGS,2035,99999.0
REGION1,DEMINDNGS,2036,99999.0
REGION1,DEMINDNGS,2037,99999.0
REGION1,DEMINDNGS,2038,99999.0
REGION1,DEMINDNGS,2039,99999.0
REGION1,DEMINDNGS,2040,99999.0
REGION1,DEMOTHCRU,2018,99999.0
REGION1,DEMOTHCRU,2019,99999.0
REGION1,DEMOTHCRU,2020,99999.0
REGION1,DEMOTHCRU,2021,99999.0
REGION1,DEMOTHCRU,2022,99999.0
REGION1,DEMOTHCRU,2023,99999.0
REGION1,DEMOTHCRU,2024,99999.0
REGION1,DEMOTHCRU,2025,99999.0
REGION1,DEMOTHCRU,2026,99999.0
REGION1,DEMOTHCRU,2027,99999.0
REGION1,DEMOTHCRU,2028,99999.0
REGION1,DEMOTHCRU,2029,99999.0
REGION1,DEMOTHCRU,2030,99999.0
REGION1,DEMOTHCRU,2031,99999.0
REGION1,DEMOTHCRU,2032,99999.0
REGION1,DEMOTHCRU,2033,99999.0
REGION1,DEMOTHCRU,2034,99999.0
REGION1,DEMOTHCRU,2035,99999.0
REGION1,DEMOTHCRU,2036,99999.0
REGION1,DEMOTHCRU,2037,99999.0
REGION1,DEMOTHCRU,2038,99999.0
REGION1,DEMOTHCRU,2039,99999.0
REGION1,DEMOTHCRU,2040,99999.0
REGION1,DEMOTHELCP02,2018,99999.0
REGION1,DEMOTHELCP02,2019,99999.0
REGION1,DEMOTHELCP02,2020,99999.0
REGION1,DEMOTHELCP02,2021,99999.0
REGION1,DEMOTHELCP02,2022,99999.0
REGION1,DEMOTHELCP02,2023,99999.0
REGION1,DEMOTHELCP02,2024,99999.0
REGION1,DEMOTHELCP02,2025,99999.0
REGION1,DEMOTHELCP02,2026,99999.0
REGION1,DEMOTHELCP02,2027,99999.0
REGION1,DEMOTHELCP02,2028,99999.0
REGION1,DEMOTHELCP02,2029,99999.0
REGION1,DEMOTHELCP02,2030,99999.0
REGION1,DEMOTHELCP02,2031,99999.0
REGION1,DEMOTHELCP02,2032,99999.0
REGION1,DEMOTHELCP02,2033,99999.0
REGION1,DEMOTHELCP02,2034,99999.0
REGION1,DEMOTHELCP02,2035,99999.0
REGION1,DEMOTHELCP02,2036,99999.0
REGION1,DEMOTHELCP02,2037,99999.0
REGION1,DEMOTHELCP02,2038,99999.0
REGION1,DEMOTHELCP02,2039,99999.0
REGION1,DEMOTHELCP02,2040,99999.0
REGION1,DEMOTHHFO,2018,99999.0
REGION1,DEMOTHHFO,2019,99999.0
REGION1,DEMOTHHFO,2020,99999.0
REGION1,DEMOTHHFO,2021,99999.0
REGION1,DEMOTHHFO,2022,99999.0
REGION1,DEMOTHHFO,2023,99999.0
REGION1,DEMOTHHFO,2024,99999.0
REGION1,DEMOTHHFO,2025,99999.0
REGION1,DEMOTHHFO,2026,99999.0
REGION1,DEMOTHHFO,2027,99999.0
REGION1,DEMOTHHFO,2028,99999.0
REGION1,DEMOTHHFO,2029,99999.0
REGION1,DEMOTHHFO,2030,99999.0
REGION1,DEMOTHHFO,2031,99999.0
REGION1,DEMOTHHFO,2032,99999.0
REGION1,DEMOTHHFO,2033,99999.0
REGION1,DEMOTHHFO,2034,99999.0
REGION1,DEMOTHHFO,2035,99999.0
REGION1,DEMOTHHFO,2036,99999.0
REGION1,DEMOTHHFO,2037,99999.0
REGION1,DEMOTHHFO,2038,99999.0
REGION1,DEMOTHHFO,2039,99999.0
REGION1,DEMOTHHFO,2040,99999.0
REGION1,DEMOTHKER,2018,99999.0
REGION1,DEMOTHKER,2019,99999.0
REGION1,DEMOTHKER,2020,99999.0
REGION1,DEMOTHKER,2021,99999.0
REGION1,DEMOTHKER,2022,99999.0
REGION1,DEMOTHKER,2023,99999.0
REGION1,DEMOTHKER,2024,99999.0
REGION1,DEMOTHKER,2025,99999.0
REGION1,DEMOTHKER,2026,99999.0
REGION1,DEMOTHKER,2027,99999.0
REGION1,DEMOTHKER,2028,99999.0
REGION1,DEMOTHKER,2029,99999.0
REGION1,DEMOTHKER,2030,99999.0
REGION1,DEMOTHKER,2031,99999.0
REGION1,DEMOTHKER,2032,99999.0
REGION1,DEMOTHKER,2033,99999.0
REGION1,DEMOTHKER,2034,99999.0
REGION1,DEMOTHKER,2035,99999.0
REGION1,DEMOTHKER,2036,99999.0
REGION1,DEMOTHKER,2037,99999.0
REGION1,DEMOTHKER,2038,99999.0
REGION1,DEMOTHKER,2039,99999.0
REGION1,DEMOTHKER,2040,99999.0
REGION1,DEMOTHNGS,2018,99999.0
REGION1,DEMOTHNGS,2019,99999.0
REGION1,DEMOTHNGS,2020,99999.0
REGION1,DEMOTHNGS,2021,99999.0
REGION1,DEMOTHNGS,2022,99999.0
REGION1,DEMOTHNGS,2023,99999.0
REGION1,DEMOTHNGS,2024,99999.0
REGION1,DEMOTHNGS,2025,99999.0
REGION1,DEMOTHNGS,2026,99999.0
REGION1,DEMOTHNGS,2027,99999.0
REGION1,DEMOTHNGS,2028,99999.0
REGION1,DEMOTHNGS,2029,99999.0
REGION1,DEMOTHNGS,2030,99999.0
REGION1,DEMOTHNGS,2031,99999.0
REGION1,DEMOTHNGS,2032,99999.0
REGION1,DEMOTHNGS,2033,99999.0
REGION1,DEMOTHNGS,2034,99999.0
REGION1,DEMOTHNGS,2035,99999.0
REGION1,DEMOTHNGS,2036,99999.0
REGION1,DEMOTHNGS,2037,99999.0
REGION1,DEMOTHNGS,2038,99999.0
REGION1,DEMOTHNGS,2039,99999.0
REGION1,DEMOTHNGS,2040,99999.0
REGION1,DEMPUBGWTPHL_VI,2018,99999.0
REGION1,DEMPUBGWTPHL_VI,2019,99999.0
REGION1,DEMPUBGWTPHL_VI,2020,99999.0
REGION1,DEMPUBGWTPHL_VI,2021,99999.0
REGION1,DEMPUBGWTPHL_VI,2022,99999.0
REGION1,DEMPUBGWTPHL_VI,2023,99999.0
REGION1,DEMPUBGWTPHL_VI,2024,99999.0
REGION1,DEMPUBGWTPHL_VI,2025,99999.0
REGION1,DEMPUBGWTPHL_VI,2026,99999.0
REGION1,DEMPUBGWTPHL_VI,2027,99999.0
REGION1,DEMPUBGWTPHL_VI,2028,99999.0
REGION1,DEMPUBGWTPHL_VI,2029,99999.0
REGION1,DEMPUBGWTPHL_VI,2030,99999.0
REGION1,DEMPUBGWTPHL_VI,2031,99999.0
REGION1,DEMPUBGWTPHL_VI,2032,99999.0
REGION1,DEMPUBGWTPHL_VI,2033,99999.0
REGION1,DEMPUBGWTPHL_VI,2034,99999.0
REGION1,DEMPUBGWTPHL_VI,2035,99999.0
REGION1,DEMPUBGWTPHL_VI,2036,99999.0
REGION1,DEMPUBGWTPHL_VI,2037,99999.0
REGION1,DEMPUBGWTPHL_VI,2038,99999.0
REGION1,DEMPUBGWTPHL_VI,2039,99999.0
REGION1,DEMPUBGWTPHL_VI,2040,99999.0
REGION1,DEMPUBSURPHL_VI,2018,99999.0
REGION1,DEMPUBSURPHL_VI,2019,99999.0
REGION1,DEMPUBSURPHL_VI,2020,99999.0
REGION1,DEMPUBSURPHL_VI,2021,99999.0
REGION1,DEMPUBSURPHL_VI,2022,99999.0
REGION1,DEMPUBSURPHL_VI,2023,99999.0
REGION1,DEMPUBSURPHL_VI,2024,99999.0
REGION1,DEMPUBSURPHL_VI,2025,99999.0
REGION1,DEMPUBSURPHL_VI,2026,99999.0
REGION1,DEMPUBSURPHL_VI,2027,99999.0
REGION1,DEMPUBSURPHL_VI,2028,99999.0
REGION1,DEMPUBSURPHL_VI,2029,99999.0
REGION1,DEMPUBSURPHL_VI,2030,99999.0
REGION1,DEMPUBSURPHL_VI,2031,99999.0
REGION1,DEMPUBSURPHL_VI,2032,99999.0
REGION1,DEMPUBSURPHL_VI,2033,99999.0
REGION1,DEMPUBSURPHL_VI,2034,99999.0
REGION1,DEMPUBSURPHL_VI,2035,99999.0
REGION1,DEMPUBSURPHL_VI,2036,99999.0
REGION1,DEMPUBSURPHL_VI,2037,99999.0
REGION1,DEMPUBSURPHL_VI,2038,99999.0
REGION1,DEMPUBSURPHL_VI,2039,99999.0
REGION1,DEMPUBSURPHL_VI,2040,99999.0
REGION1,DEMPWRCOA,2018,99999.0
REGION1,DEMPWRCOA,2019,99999.0
REGION1,DEMPWRCOA,2020,99999.0
REGION1,DEMPWRCOA,2021,99999.0
REGION1,DEMPWRCOA,2022,99999.0
REGION1,DEMPWRCOA,2023,99999.0
REGION1,DEMPWRCOA,2024,99999.0
REGION1,DEMPWRCOA,2025,99999.0
REGION1,DEMPWRCOA,2026,99999.0
REGION1,DEMPWRCOA,2027,99999.0
REGION1,DEMPWRCOA,2028,99999.0
REGION1,DEMPWRCOA,2029,99999.0
REGION1,DEMPWRCOA,2030,99999.0
REGION1,DEMPWRCOA,2031,99999.0
REGION1,DEMPWRCOA,2032,99999.0
REGION1,DEMPWRCOA,2033,99999.0
REGION1,DEMPWRCOA,2034,99999.0
REGION1,DEMPWRCOA,2035,99999.0
REGION1,DEMPWRCOA,2036,99999.0
REGION1,DEMPWRCOA,2037,99999.0
REGION1,DEMPWRCOA,2038,99999.0
REGION1,DEMPWRCOA,2039,99999.0
REGION1,DEMPWRCOA,2040,99999.0
REGION1,DEMPWRDSL,2018,99999.0
REGION1,DEMPWRDSL,2019,99999.0
REGION1,DEMPWRDSL,2020,99999.0
REGION1,DEMPWRDSL,2021,99999.0
REGION1,DEMPWRDSL,2022,99999.0
REGION1,DEMPWRDSL,2023,99999.0
REGION1,DEMPWRDSL,2024,99999.0
REGION1,DEMPWRDSL,2025,99999.0
REGION1,DEMPWRDSL,2026,99999.0
REGION1,DEMPWRDSL,2027,99999.0
REGION1,DEMPWRDSL,2028,99999.0
REGION1,DEMPWRDSL,2029,99999.0
REGION1,DEMPWRDSL,2030,99999.0
REGION1,DEMPWRDSL,2031,99999.0
REGION1,DEMPWRDSL,2032,99999.0
REGION1,DEMPWRDSL,2033,99999.0
REGION1,DEMPWRDSL,2034,99999.0
REGION1,DEMPWRDSL,2035,99999.0
REGION1,DEMPWRDSL,2036,99999.0
REGION1,DEMPWRDSL,2037,99999.0
REGION1,DEMPWRDSL,2038,99999.0
REGION1,DEMPWRDSL,2039,99999.0
REGION1,DEMPWRDSL,2040,99999.0
REGION1,DEMPWRGEO,2018,99999.0
REGION1,DEMPWRGEO,2019,99999.0
REGION1,DEMPWRGEO,2020,99999.0
REGION1,DEMPWRGEO,2021,99999.0
REGION1,DEMPWRGEO,2022,99999.0
REGION1,DEMPWRGEO,2023,99999.0
REGION1,DEMPWRGEO,2024,99999.0
REGION1,DEMPWRGEO,2025,99999.0
REGION1,DEMPWRGEO,2026,99999.0
REGION1,DEMPWRGEO,2027,99999.0
REGION1,DEMPWRGEO,2028,99999.0
REGION1,DEMPWRGEO,2029,99999.0
REGION1,DEMPWRGEO,2030,99999.0
REGION1,DEMPWRGEO,2031,99999.0
REGION1,DEMPWRGEO,2032,99999.0
REGION1,DEMPWRGEO,2033,99999.0
REGION1,DEMPWRGEO,2034,99999.0
REGION1,DEMPWRGEO,2035,99999.0
REGION1,DEMPWRGEO,2036,99999.0
REGION1,DEMPWRGEO,2037,99999.0
REGION1,DEMPWRGEO,2038,99999.0
REGION1,DEMPWRGEO,2039,99999.0
REGION1,DEMPWRGEO,2040,99999.0
REGION1,DEMPWRHYD,2018,99999.0
REGION1,DEMPWRHYD,2019,99999.0
REGION1,DEMPWRHYD,2020,99999.0
REGION1,DEMPWRHYD,2021,99999.0
REGION1,DEMPWRHYD,2022,99999.0
REGION1,DEMPWRHYD,2023,99999.0
REGION1,DEMPWRHYD,2024,99999.0
REGION1,DEMPWRHYD,2025,99999.0
REGION1,DEMPWRHYD,2026,99999.0
REGION1,DEMPWRHYD,2027,99999.0
REGION1,DEMPWRHYD,2028,99999.0
REGION1,DEMPWRHYD,2029,99999.0
REGION1,DEMPWRHYD,2030,99999.0
REGION1,DEMPWRHYD,2031,99999.0
REGION1,DEMPWRHYD,2032,99999.0
REGION1,DEMPWRHYD,2033,99999.0
REGION1,DEMPWRHYD,2034,99999.0
REGION1,DEMPWRHYD,2035,99999.0
REGION1,DEMPWRHYD,2036,99999.0
REGION1,DEMPWRHYD,2037,99999.0
REGION1,DEMPWRHYD,2038,99999.0
REGION1,DEMPWRHYD,2039,99999.0
REGION1,DEMPWRHYD,2040,99999.0
REGION1,DEMPWRNGS,2018,99999.0
REGION1,DEMPWRNGS,2019,99999.0
REGION1,DEMPWRNGS,2020,99999.0
REGION1,DEMPWRNGS,2021,99999.0
REGION1,DEMPWRNGS,2022,99999.0
REGION1,DEMPWRNGS,2023,99999.0
REGION1,DEMPWRNGS,2024,99999.0
REGION1,DEMPWRNGS,2025,99999.0
REGION1,DEMPWRNGS,2026,99999.0
REGION1,DEMPWRNGS,2027,99999.0
REGION1,DEMPWRNGS,2028,99999.0
REGION1,DEMPWRNGS,2029,99999.0
REGION1,DEMPWRNGS,2030,99999.0
REGION1,DEMPWRNGS,2031,99999.0
REGION1,DEMPWRNGS,2032,99999.0
REGION1,DEMPWRNGS,2033,99999.0
REGION1,DEMPWRNGS,2034,99999.0
REGION1,DEMPWRNGS,2035,99999.0
REGION1,DEMPWRNGS,2036,99999.0
REGION1,DEMPWRNGS,2037,99999.0
REGION1,DEMPWRNGS,2038,99999.0
REGION1,DEMPWRNGS,2039,99999.0
REGION1,DEMPWRNGS,2040,99999.0
REGION1,DEMPWRSOL,2018,99999.0
REGION1,DEMPWRSOL,2019,99999.0
REGION1,DEMPWRSOL,2020,99999.0
REGION1,DEMPWRSOL,2021,99999.0
REGION1,DEMPWRSOL,2022,99999.0
REGION1,DEMPWRSOL,2023,99999.0
REGION1,DEMPWRSOL,2024,99999.0
REGION1,DEMPWRSOL,2025,99999.0
REGION1,DEMPWRSOL,2026,99999.0
REGION1,DEMPWRSOL,2027,99999.0
REGION1,DEMPWRSOL,2028,99999.0
REGION1,DEMPWRSOL,2029,99999.0
REGION1,DEMPWRSOL,2030,99999.0
REGION1,DEMPWRSOL,2031,99999.0
REGION1,DEMPWRSOL,2032,99999.0
REGION1,DEMPWRSOL,2033,99999.0
REGION1,DEMPWRSOL,2034,99999.0
REGION1,DEMPWRSOL,2035,99999.0
REGION1,DEMPWRSOL,2036,99999.0
REGION1,DEMPWRSOL,2037,99999.0
REGION1,DEMPWRSOL,2038,99999.0
REGION1,DEMPWRSOL,2039,99999.0
REGION1,DEMPWRSOL,2040,99999.0
REGION1,DEMPWRSURPHL_VI,2018,99999.0
REGION1,DEMPWRSURPHL_VI,2019,99999.0
REGION1,DEMPWRSURPHL_VI,2020,99999.0
REGION1,DEMPWRSURPHL_VI,2021,99999.0
REGION1,DEMPWRSURPHL_VI,2022,99999.0
REGION1,DEMPWRSURPHL_VI,2023,99999.0
REGION1,DEMPWRSURPHL_VI,2024,99999.0
REGION1,DEMPWRSURPHL_VI,2025,99999.0
REGION1,DEMPWRSURPHL_VI,2026,99999.0
REGION1,DEMPWRSURPHL_VI,2027,99999.0
REGION1,DEMPWRSURPHL_VI,2028,99999.0
REGION1,DEMPWRSURPHL_VI,2029,99999.0
REGION1,DEMPWRSURPHL_VI,2030,99999.0
REGION1,DEMPWRSURPHL_VI,2031,99999.0
REGION1,DEMPWRSURPHL_VI,2032,99999.0
REGION1,DEMPWRSURPHL_VI,2033,99999.0
REGION1,DEMPWRSURPHL_VI,2034,99999.0
REGION1,DEMPWRSURPHL_VI,2035,99999.0
REGION1,DEMPWRSURPHL_VI,2036,99999.0
REGION1,DEMPWRSURPHL_VI,2037,99999.0
REGION1,DEMPWRSURPHL_VI,2038,99999.0
REGION1,DEMPWRSURPHL_VI,2039,99999.0
REGION1,DEMPWRSURPHL_VI,2040,99999.0
REGION1,DEMPWRWND,2018,99999.0
REGION1,DEMPWRWND,2019,99999.0
REGION1,DEMPWRWND,2020,99999.0
REGION1,DEMPWRWND,2021,99999.0
REGION1,DEMPWRWND,2022,99999.0
REGION1,DEMPWRWND,2023,99999.0
REGION1,DEMPWRWND,2024,99999.0
REGION1,DEMPWRWND,2025,99999.0
REGION1,DEMPWRWND,2026,99999.0
REGION1,DEMPWRWND,2027,99999.0
REGION1,DEMPWRWND,2028,99999.0
REGION1,DEMPWRWND,2029,99999.0
REGION1,DEMPWRWND,2030,99999.0
REGION1,DEMPWRWND,2031,99999.0
REGION1,DEMPWRWND,2032,99999.0
REGION1,DEMPWRWND,2033,99999.0
REGION1,DEMPWRWND,2034,99999.0
REGION1,DEMPWRWND,2035,99999.0
REGION1,DEMPWRWND,2036,99999.0
REGION1,DEMPWRWND,2037,99999.0
REGION1,DEMPWRWND,2038,99999.0
REGION1,DEMPWRWND,2039,99999.0
REGION1,DEMPWRWND,2040,99999.0
REGION1,DEMRESBIO,2018,99999.0
REGION1,DEMRESBIO,2019,99999.0
REGION1,DEMRESBIO,2020,99999.0
REGION1,DEMRESBIO,2021,99999.0
REGION1,DEMRESBIO,2022,99999.0
REGION1,DEMRESBIO,2023,99999.0
REGION1,DEMRESBIO,2024,99999.0
REGION1,DEMRESBIO,2025,99999.0
REGION1,DEMRESBIO,2026,99999.0
REGION1,DEMRESBIO,2027,99999.0
REGION1,DEMRESBIO,2028,99999.0
REGION1,DEMRESBIO,2029,99999.0
REGION1,DEMRESBIO,2030,99999.0
REGION1,DEMRESBIO,2031,99999.0
REGION1,DEMRESBIO,2032,99999.0
REGION1,DEMRESBIO,2033,99999.0
REGION1,DEMRESBIO,2034,99999.0
REGION1,DEMRESBIO,2035,99999.0
REGION1,DEMRESBIO,2036,99999.0
REGION1,DEMRESBIO,2037,99999.0
REGION1,DEMRESBIO,2038,99999.0
REGION1,DEMRESBIO,2039,99999.0
REGION1,DEMRESBIO,2040,99999.0
REGION1,DEMRESELCP02,2018,99999.0
REGION1,DEMRESELCP02,2019,99999.0
REGION1,DEMRESELCP02,2020,99999.0
REGION1,DEMRESELCP02,2021,99999.0
REGION1,DEMRESELCP02,2022,99999.0
REGION1,DEMRESELCP02,2023,99999.0
REGION1,DEMRESELCP02,2024,99999.0
REGION1,DEMRESELCP02,2025,99999.0
REGION1,DEMRESELCP02,2026,99999.0
REGION1,DEMRESELCP02,2027,99999.0
REGION1,DEMRESELCP02,2028,99999.0
REGION1,DEMRESELCP02,2029,99999.0
REGION1,DEMRESELCP02,2030,99999.0
REGION1,DEMRESELCP02,2031,99999.0
REGION1,DEMRESELCP02,2032,99999.0
REGION1,DEMRESELCP02,2033,99999.0
REGION1,DEMRESELCP02,2034,99999.0
REGION1,DEMRESELCP02,2035,99999.0
REGION1,DEMRESELCP02,2036,99999.0
REGION1,DEMRESELCP02,2037,99999.0
REGION1,DEMRESELCP02,2038,99999.0
REGION1,DEMRESELCP02,2039,99999.0
REGION1,DEMRESELCP02,2040,99999.0
REGION1,DEMRESKER,2018,99999.0
REGION1,DEMRESKER,2019,99999.0
REGION1,DEMRESKER,2020,99999.0
REGION1,DEMRESKER,2021,99999.0
REGION1,DEMRESKER,2022,99999.0
REGION1,DEMRESKER,2023,99999.0
REGION1,DEMRESKER,2024,99999.0
REGION1,DEMRESKER,2025,99999.0
REGION1,DEMRESKER,2026,99999.0
REGION1,DEMRESKER,2027,99999.0
REGION1,DEMRESKER,2028,99999.0
REGION1,DEMRESKER,2029,99999.0
REGION1,DEMRESKER,2030,99999.0
REGION1,DEMRESKER,2031,99999.0
REGION1,DEMRESKER,2032,99999.0
REGION1,DEMRESKER,2033,99999.0
REGION1,DEMRESKER,2034,99999.0
REGION1,DEMRESKER,2035,99999.0
REGION1,DEMRESKER,2036,99999.0
REGION1,DEMRESKER,2037,99999.0
REGION1,DEMRESKER,2038,99999.0
REGION1,DEMRESKER,2039,99999.0
REGION1,DEMRESKER,2040,99999.0
REGION1,DEMRESLPG,2018,99999.0
REGION1,DEMRESLPG,2019,99999.0
REGION1,DEMRESLPG,2020,99999.0
REGION1,DEMRESLPG,2021,99999.0
REGION1,DEMRESLPG,2022,99999.0
REGION1,DEMRESLPG,2023,99999.0
REGION1,DEMRESLPG,2024,99999.0
REGION1,DEMRESLPG,2025,99999.0
REGION1,DEMRESLPG,2026,99999.0
REGION1,DEMRESLPG,2027,99999.0
REGION1,DEMRESLPG,2028,99999.0
REGION1,DEMRESLPG,2029,99999.0
REGION1,DEMRESLPG,2030,99999.0
REGION1,DEMRESLPG,2031,99999.0
REGION1,DEMRESLPG,2032,99999.0
REGION1,DEMRESLPG,2033,99999.0
REGION1,DEMRESLPG,2034,99999.0
REGION1,DEMRESLPG,2035,99999.0
REGION1,DEMRESLPG,2036,99999.0
REGION1,DEMRESLPG,2037,99999.0
REGION1,DEMRESLPG,2038,99999.0
REGION1,DEMRESLPG,2039,99999.0
REGION1,DEMRESLPG,2040,99999.0
REGION1,DEMRESNGS,2018,99999.0
REGION1,DEMRESNGS,2019,99999.0
REGION1,DEMRESNGS,2020,99999.0
REGION1,DEMRESNGS,2021,99999.0
REGION1,DEMRESNGS,2022,99999.0
REGION1,DEMRESNGS,2023,99999.0
REGION1,DEMRESNGS,2024,99999.0
REGION1,DEMRESNGS,2025,99999.0
REGION1,DEMRESNGS,2026,99999.0
REGION1,DEMRESNGS,2027,99999.0
REGION1,DEMRESNGS,2028,99999.0
REGION1,DEMRESNGS,2029,99999.0
REGION1,DEMRESNGS,2030,99999.0
REGION1,DEMRESNGS,2031,99999.0
REGION1,DEMRESNGS,2032,99999.0
REGION1,DEMRESNGS,2033,99999.0
REGION1,DEMRESNGS,2034,99999.0
REGION1,DEMRESNGS,2035,99999.0
REGION1,DEMRESNGS,2036,99999.0
REGION1,DEMRESNGS,2037,99999.0
REGION1,DEMRESNGS,2038,99999.0
REGION1,DEMRESNGS,2039,99999.0
REGION1,DEMRESNGS,2040,99999.0
REGION1,DEMTRABGS,2018,99999.0
REGION1,DEMTRABGS,2019,99999.0
REGION1,DEMTRABGS,2020,99999.0
REGION1,DEMTRABGS,2021,99999.0
REGION1,DEMTRABGS,2022,99999.0
REGION1,DEMTRABGS,2023,99999.0
REGION1,DEMTRABGS,2024,99999.0
REGION1,DEMTRABGS,2025,99999.0
REGION1,DEMTRABGS,2026,99999.0
REGION1,DEMTRABGS,2027,99999.0
REGION1,DEMTRABGS,2028,99999.0
REGION1,DEMTRABGS,2029,99999.0
REGION1,DEMTRABGS,2030,99999.0
REGION1,DEMTRABGS,2031,99999.0
REGION1,DEMTRABGS,2032,99999.0
REGION1,DEMTRABGS,2033,99999.0
REGION1,DEMTRABGS,2034,99999.0
REGION1,DEMTRABGS,2035,99999.0
REGION1,DEMTRABGS,2036,99999.0
REGION1,DEMTRABGS,2037,99999.0
REGION1,DEMTRABGS,2038,99999.0
REGION1,DEMTRABGS,2039,99999.0
REGION1,DEMTRABGS,2040,99999.0
REGION1,DEMTRABMX,2018,99999.0
REGION1,DEMTRABMX,2019,99999.0
REGION1,DEMTRABMX,2020,99999.0
REGION1,DEMTRABMX,2021,99999.0
REGION1,DEMTRABMX,2022,99999.0
REGION1,DEMTRABMX,2023,99999.0
REGION1,DEMTRABMX,2024,99999.0
REGION1,DEMTRABMX,2025,99999.0
REGION1,DEMTRABMX,2026,99999.0
REGION1,DEMTRABMX,2027,99999.0
REGION1,DEMTRABMX,2028,99999.0
REGION1,DEMTRABMX,2029,99999.0
REGION1,DEMTRABMX,2030,99999.0
REGION1,DEMTRABMX,2031,99999.0
REGION1,DEMTRABMX,2032,99999.0
REGION1,DEMTRABMX,2033,99999.0
REGION1,DEMTRABMX,2034,99999.0
REGION1,DEMTRABMX,2035,99999.0
REGION1,DEMTRABMX,2036,99999.0
REGION1,DEMTRABMX,2037,99999.0
REGION1,DEMTRABMX,2038,99999.0
REGION1,DEMTRABMX,2039,99999.0
REGION1,DEMTRABMX,2040,99999.0
REGION1,DEMTRADSL,2018,99999.0
REGION1,DEMTRADSL,2019,99999.0
REGION1,DEMTRADSL,2020,99999.0
REGION1,DEMTRADSL,2021,99999.0
REGION1,DEMTRADSL,2022,99999.0
REGION1,DEMTRADSL,2023,99999.0
REGION1,DEMTRADSL,2024,99999.0
REGION1,DEMTRADSL,2025,99999.0
REGION1,DEMTRADSL,2026,99999.0
REGION1,DEMTRADSL,2027,99999.0
REGION1,DEMTRADSL,2028,99999.0
REGION1,DEMTRADSL,2029,99999.0
REGION1,DEMTRADSL,2030,99999.0
REGION1,DEMTRADSL,2031,99999.0
REGION1,DEMTRADSL,2032,99999.0
REGION1,DEMTRADSL,2033,99999.0
REGION1,DEMTRADSL,2034,99999.0
REGION1,DEMTRADSL,2035,99999.0
REGION1,DEMTRADSL,2036,99999.0
REGION1,DEMTRADSL,2037,99999.0
REGION1,DEMTRADSL,2038,99999.0
REGION1,DEMTRADSL,2039,99999.0
REGION1,DEMTRADSL,2040,99999.0
REGION1,DEMTRAELCP02,2018,99999.0
REGION1,DEMTRAELCP02,2019,99999.0
REGION1,DEMTRAELCP02,2020,99999.0
REGION1,DEMTRAELCP02,2021,99999.0
REGION1,DEMTRAELCP02,2022,99999.0
REGION1,DEMTRAELCP02,2023,99999.0
REGION1,DEMTRAELCP02,2024,99999.0
REGION1,DEMTRAELCP02,2025,99999.0
REGION1,DEMTRAELCP02,2026,99999.0
REGION1,DEMTRAELCP02,2027,99999.0
REGION1,DEMTRAELCP02,2028,99999.0
REGION1,DEMTRAELCP02,2029,99999.0
REGION1,DEMTRAELCP02,2030,99999.0
REGION1,DEMTRAELCP02,2031,99999.0
REGION1,DEMTRAELCP02,2032,99999.0
REGION1,DEMTRAELCP02,2033,99999.0
REGION1,DEMTRAELCP02,2034,99999.0
REGION1,DEMTRAELCP02,2035,99999.0
REGION1,DEMTRAELCP02,2036,99999.0
REGION1,DEMTRAELCP02,2037,99999.0
REGION1,DEMTRAELCP02,2038,99999.0
REGION1,DEMTRAELCP02,2039,99999.0
REGION1,DEMTRAELCP02,2040,99999.0
REGION1,DEMTRAGSL,2018,99999.0
REGION1,DEMTRAGSL,2019,99999.0
REGION1,DEMTRAGSL,2020,99999.0
REGION1,DEMTRAGSL,2021,99999.0
REGION1,DEMTRAGSL,2022,99999.0
REGION1,DEMTRAGSL,2023,99999.0
REGION1,DEMTRAGSL,2024,99999.0
REGION1,DEMTRAGSL,2025,99999.0
REGION1,DEMTRAGSL,2026,99999.0
REGION1,DEMTRAGSL,2027,99999.0
REGION1,DEMTRAGSL,2028,99999.0
REGION1,DEMTRAGSL,2029,99999.0
REGION1,DEMTRAGSL,2030,99999.0
REGION1,DEMTRAGSL,2031,99999.0
REGION1,DEMTRAGSL,2032,99999.0
REGION1,DEMTRAGSL,2033,99999.0
REGION1,DEMTRAGSL,2034,99999.0
REGION1,DEMTRAGSL,2035,99999.0
REGION1,DEMTRAGSL,2036,99999.0
REGION1,DEMTRAGSL,2037,99999.0
REGION1,DEMTRAGSL,2038,99999.0
REGION1,DEMTRAGSL,2039,99999.0
REGION1,DEMTRAGSL,2040,99999.0
REGION1,DEMTRAHFO,2018,99999.0
REGION1,DEMTRAHFO,2019,99999.0
REGION1,DEMTRAHFO,2020,99999.0
REGION1,DEMTRAHFO,2021,99999.0
REGION1,DEMTRAHFO,2022,99999.0
REGION1,DEMTRAHFO,2023,99999.0
REGION1,DEMTRAHFO,2024,99999.0
REGION1,DEMTRAHFO,2025,99999.0
REGION1,DEMTRAHFO,2026,99999.0
REGION1,DEMTRAHFO,2027,99999.0
REGION1,DEMTRAHFO,2028,99999.0
REGION1,DEMTRAHFO,2029,99999.0
REGION1,DEMTRAHFO,2030,99999.0
REGION1,DEMTRAHFO,2031,99999.0
REGION1,DEMTRAHFO,2032,99999.0
REGION1,DEMTRAHFO,2033,99999.0
REGION1,DEMTRAHFO,2034,99999.0
REGION1,DEMTRAHFO,2035,99999.0
REGION1,DEMTRAHFO,2036,99999.0
REGION1,DEMTRAHFO,2037,99999.0
REGION1,DEMTRAHFO,2038,99999.0
REGION1,DEMTRAHFO,2039,99999.0
REGION1,DEMTRAHFO,2040,99999.0
REGION1,DEMTRAKER,2018,99999.0
REGION1,DEMTRAKER,2019,99999.0
REGION1,DEMTRAKER,2020,99999.0
REGION1,DEMTRAKER,2021,99999.0
REGION1,DEMTRAKER,2022,99999.0
REGION1,DEMTRAKER,2023,99999.0
REGION1,DEMTRAKER,2024,99999.0
REGION1,DEMTRAKER,2025,99999.0
REGION1,DEMTRAKER,2026,99999.0
REGION1,DEMTRAKER,2027,99999.0
REGION1,DEMTRAKER,2028,99999.0
REGION1,DEMTRAKER,2029,99999.0
REGION1,DEMTRAKER,2030,99999.0
REGION1,DEMTRAKER,2031,99999.0
REGION1,DEMTRAKER,2032,99999.0
REGION1,DEMTRAKER,2033,99999.0
REGION1,DEMTRAKER,2034,99999.0
REGION1,DEMTRAKER,2035,99999.0
REGION1,DEMTRAKER,2036,99999.0
REGION1,DEMTRAKER,2037,99999.0
REGION1,DEMTRAKER,2038,99999.0
REGION1,DEMTRAKER,2039,99999.0
REGION1,DEMTRAKER,2040,99999.0
REGION1,DEMTRANGS,2018,99999.0
REGION1,DEMTRANGS,2019,99999.0
REGION1,DEMTRANGS,2020,99999.0
REGION1,DEMTRANGS,2021,99999.0
REGION1,DEMTRANGS,2022,99999.0
REGION1,DEMTRANGS,2023,99999.0
REGION1,DEMTRANGS,2024,99999.0
REGION1,DEMTRANGS,2025,99999.0
REGION1,DEMTRANGS,2026,99999.0
REGION1,DEMTRANGS,2027,99999.0
REGION1,DEMTRANGS,2028,99999.0
REGION1,DEMTRANGS,2029,99999.0
REGION1,DEMTRANGS,2030,99999.0
REGION1,DEMTRANGS,2031,99999.0
REGION1,DEMTRANGS,2032,99999.0
REGION1,DEMTRANGS,2033,99999.0
REGION1,DEMTRANGS,2034,99999.0
REGION1,DEMTRANGS,2035,99999.0
REGION1,DEMTRANGS,2036,99999.0
REGION1,DEMTRANGS,2037,99999.0
REGION1,DEMTRANGS,2038,99999.0
REGION1,DEMTRANGS,2039,99999.0
REGION1,DEMTRANGS,2040,99999.0
REGION1,EXPBIO,2018,99999.0
REGION1,EXPBIO,2019,99999.0
REGION1,EXPBIO,2020,99999.0
REGION1,EXPBIO,2021,99999.0
REGION1,EXPBIO,2022,99999.0
REGION1,EXPBIO,2023,99999.0
REGION1,EXPBIO,2024,99999.0
REGION1,EXPBIO,2025,99999.0
REGION1,EXPBIO,2026,99999.0
REGION1,EXPBIO,2027,99999.0
REGION1,EXPBIO,2028,99999.0
REGION1,EXPBIO,2029,99999.0
REGION1,EXPBIO,2030,99999.0
REGION1,EXPBIO,2031,99999.0
REGION1,EXPBIO,2032,99999.0
REGION1,EXPBIO,2033,99999.0
REGION1,EXPBIO,2034,99999.0
REGION1,EXPBIO,2035,99999.0
REGION1,EXPBIO,2036,99999.0
REGION1,EXPBIO,2037,99999.0
REGION1,EXPBIO,2038,99999.0
REGION1,EXPBIO,2039,99999.0
REGION1,EXPBIO,2040,99999.0
REGION1,EXPCOA,2018,99999.0
REGION1,EXPCOA,2019,99999.0
REGION1,EXPCOA,2020,99999.0
REGION1,EXPCOA,2021,99999.0
REGION1,EXPCOA,2022,99999.0
REGION1,EXPCOA,2023,99999.0
REGION1,EXPCOA,2024,99999.0
REGION1,EXPCOA,2025,99999.0
REGION1,EXPCOA,2026,99999.0
REGION1,EXPCOA,2027,99999.0
REGION1,EXPCOA,2028,99999.0
REGION1,EXPCOA,2029,99999.0
REGION1,EXPCOA,2030,99999.0
REGION1,EXPCOA,2031,99999.0
REGION1,EXPCOA,2032,99999.0
REGION1,EXPCOA,2033,99999.0
REGION1,EXPCOA,2034,99999.0
REGION1,EXPCOA,2035,99999.0
REGION1,EXPCOA,2036,99999.0
REGION1,EXPCOA,2037,99999.0
REGION1,EXPCOA,2038,99999.0
REGION1,EXPCOA,2039,99999.0
REGION1,EXPCOA,2040,99999.0
REGION1,EXPCRU,2018,99999.0
REGION1,EXPCRU,2019,99999.0
REGION1,EXPCRU,2020,99999.0
REGION1,EXPCRU,2021,99999.0
REGION1,EXPCRU,2022,99999.0
REGION1,EXPCRU,2023,99999.0
REGION1,EXPCRU,2024,99999.0
REGION1,EXPCRU,2025,99999.0
REGION1,EXPCRU,2026,99999.0
REGION1,EXPCRU,2027,99999.0
REGION1,EXPCRU,2028,99999.0
REGION1,EXPCRU,2029,99999.0
REGION1,EXPCRU,2030,99999.0
REGION1,EXPCRU,2031,99999.0
REGION1,EXPCRU,2032,99999.0
REGION1,EXPCRU,2033,99999.0
REGION1,EXPCRU,2034,99999.0
REGION1,EXPCRU,2035,99999.0
REGION1,EXPCRU,2036,99999.0
REGION1,EXPCRU,2037,99999.0
REGION1,EXPCRU,2038,99999.0
REGION1,EXPCRU,2039,99999.0
REGION1,EXPCRU,2040,99999.0
REGION1,EXPGSL,2018,99999.0
REGION1,EXPGSL,2019,99999.0
REGION1,EXPGSL,2020,99999.0
REGION1,EXPGSL,2021,99999.0
REGION1,EXPGSL,2022,99999.0
REGION1,EXPGSL,2023,99999.0
REGION1,EXPGSL,2024,99999.0
REGION1,EXPGSL,2025,99999.0
REGION1,EXPGSL,2026,99999.0
REGION1,EXPGSL,2027,99999.0
REGION1,EXPGSL,2028,99999.0
REGION1,EXPGSL,2029,99999.0
REGION1,EXPGSL,2030,99999.0
REGION1,EXPGSL,2031,99999.0
REGION1,EXPGSL,2032,99999.0
REGION1,EXPGSL,2033,99999.0
REGION1,EXPGSL,2034,99999.0
REGION1,EXPGSL,2035,99999.0
REGION1,EXPGSL,2036,99999.0
REGION1,EXPGSL,2037,99999.0
REGION1,EXPGSL,2038,99999.0
REGION1,EXPGSL,2039,99999.0
REGION1,EXPGSL,2040,99999.0
REGION1,EXPHFO,2018,99999.0
REGION1,EXPHFO,2019,99999.0
REGION1,EXPHFO,2020,99999.0
REGION1,EXPHFO,2021,99999.0
REGION1,EXPHFO,2022,99999.0
REGION1,EXPHFO,2023,99999.0
REGION1,EXPHFO,2024,99999.0
REGION1,EXPHFO,2025,99999.0
REGION1,EXPHFO,2026,99999.0
REGION1,EXPHFO,2027,99999.0
REGION1,EXPHFO,2028,99999.0
REGION1,EXPHFO,2029,99999.0
REGION1,EXPHFO,2030,99999.0
REGION1,EXPHFO,2031,99999.0
REGION1,EXPHFO,2032,99999.0
REGION1,EXPHFO,2033,99999.0
REGION1,EXPHFO,2034,99999.0
REGION1,EXPHFO,2035,99999.0
REGION1,EXPHFO,2036,99999.0
REGION1,EXPHFO,2037,99999.0
REGION1,EXPHFO,2038,99999.0
REGION1,EXPHFO,2039,99999.0
REGION1,EXPHFO,2040,99999.0
REGION1,EXPKER,2018,99999.0
REGION1,EXPKER,2019,99999.0
REGION1,EXPKER,2020,99999.0
REGION1,EXPKER,2021,99999.0
REGION1,EXPKER,2022,99999.0
REGION1,EXPKER,2023,99999.0
REGION1,EXPKER,2024,99999.0
REGION1,EXPKER,2025,99999.0
REGION1,EXPKER,2026,99999.0
REGION1,EXPKER,2027,99999.0
REGION1,EXPKER,2028,99999.0
REGION1,EXPKER,2029,99999.0
REGION1,EXPKER,2030,99999.0
REGION1,EXPKER,2031,99999.0
REGION1,EXPKER,2032,99999.0
REGION1,EXPKER,2033,99999.0
REGION1,EXPKER,2034,99999.0
REGION1,EXPKER,2035,99999.0
REGION1,EXPKER,2036,99999.0
REGION1,EXPKER,2037,99999.0
REGION1,EXPKER,2038,99999.0
REGION1,EXPKER,2039,99999.0
REGION1,EXPKER,2040,99999.0
REGION1,EXPNGS,2018,99999.0
REGION1,EXPNGS,2019,99999.0
REGION1,EXPNGS,2020,99999.0
REGION1,EXPNGS,2021,99999.0
REGION1,EXPNGS,2022,99999.0
REGION1,EXPNGS,2023,99999.0
REGION1,EXPNGS,2024,99999.0
REGION1,EXPNGS,2025,99999.0
REGION1,EXPNGS,2026,99999.0
REGION1,EXPNGS,2027,99999.0
REGION1,EXPNGS,2028,99999.0
REGION1,EXPNGS,2029,99999.0
REGION1,EXPNGS,2030,99999.0
REGION1,EXPNGS,2031,99999.0
REGION1,EXPNGS,2032,99999.0
REGION1,EXPNGS,2033,99999.0
REGION1,EXPNGS,2034,99999.0
REGION1,EXPNGS,2035,99999.0
REGION1,EXPNGS,2036,99999.0
REGION1,EXPNGS,2037,99999.0
REGION1,EXPNGS,2038,99999.0
REGION1,EXPNGS,2039,99999.0
REGION1,EXPNGS,2040,99999.0
REGION1,IMPCOA,2018,99999.0
REGION1,IMPCOA,2019,99999.0
REGION1,IMPCOA,2020,99999.0
REGION1,IMPCOA,2021,99999.0
REGION1,IMPCOA,2022,99999.0
REGION1,IMPCOA,2023,99999.0
REGION1,IMPCOA,2024,99999.0
REGION1,IMPCOA,2025,99999.0
REGION1,IMPCOA,2026,99999.0
REGION1,IMPCOA,2027,99999.0
REGION1,IMPCOA,2028,99999.0
REGION1,IMPCOA,2029,99999.0
REGION1,IMPCOA,2030,99999.0
REGION1,IMPCOA,2031,99999.0
REGION1,IMPCOA,2032,99999.0
REGION1,IMPCOA,2033,99999.0
REGION1,IMPCOA,2034,99999.0
REGION1,IMPCOA,2035,99999.0
REGION1,IMPCOA,2036,99999.0
REGION1,IMPCOA,2037,99999.0
REGION1,IMPCOA,2038,99999.0
REGION1,IMPCOA,2039,99999.0
REGION1,IMPCOA,2040,99999.0
REGION1,IMPCRU,2018,99999.0
REGION1,IMPCRU,2019,99999.0
REGION1,IMPCRU,2020,99999.0
REGION1,IMPCRU,2021,99999.0
REGION1,IMPCRU,2022,99999.0
REGION1,IMPCRU,2023,99999.0
REGION1,IMPCRU,2024,99999.0
REGION1,IMPCRU,2025,99999.0
REGION1,IMPCRU,2026,99999.0
REGION1,IMPCRU,2027,99999.0
REGION1,IMPCRU,2028,99999.0
REGION1,IMPCRU,2029,99999.0
REGION1,IMPCRU,2030,99999.0
REGION1,IMPCRU,2031,99999.0
REGION1,IMPCRU,2032,99999.0
REGION1,IMPCRU,2033,99999.0
REGION1,IMPCRU,2034,99999.0
REGION1,IMPCRU,2035,99999.0
REGION1,IMPCRU,2036,99999.0
REGION1,IMPCRU,2037,99999.0
REGION1,IMPCRU,2038,99999.0
REGION1,IMPCRU,2039,99999.0
REGION1,IMPCRU,2040,99999.0
REGION1,IMPDSL,2018,99999.0
REGION1,IMPDSL,2019,99999.0
REGION1,IMPDSL,2020,99999.0
REGION1,IMPDSL,2021,99999.0
REGION1,IMPDSL,2022,99999.0
REGION1,IMPDSL,2023,99999.0
REGION1,IMPDSL,2024,99999.0
REGION1,IMPDSL,2025,99999.0
REGION1,IMPDSL,2026,99999.0
REGION1,IMPDSL,2027,99999.0
REGION1,IMPDSL,2028,99999.0
REGION1,IMPDSL,2029,99999.0
REGION1,IMPDSL,2030,99999.0
REGION1,IMPDSL,2031,99999.0
REGION1,IMPDSL,2032,99999.0
REGION1,IMPDSL,2033,99999.0
REGION1,IMPDSL,2034,99999.0
REGION1,IMPDSL,2035,99999.0
REGION1,IMPDSL,2036,99999.0
REGION1,IMPDSL,2037,99999.0
REGION1,IMPDSL,2038,99999.0
REGION1,IMPDSL,2039,99999.0
REGION1,IMPDSL,2040,99999.0
REGION1,IMPGSL,2018,99999.0
REGION1,IMPGSL,2019,99999.0
REGION1,IMPGSL,2020,99999.0
REGION1,IMPGSL,2021,99999.0
REGION1,IMPGSL,2022,99999.0
REGION1,IMPGSL,2023,99999.0
REGION1,IMPGSL,2024,99999.0
REGION1,IMPGSL,2025,99999.0
REGION1,IMPGSL,2026,99999.0
REGION1,IMPGSL,2027,99999.0
REGION1,IMPGSL,2028,99999.0
REGION1,IMPGSL,2029,99999.0
REGION1,IMPGSL,2030,99999.0
REGION1,IMPGSL,2031,99999.0
REGION1,IMPGSL,2032,99999.0
REGION1,IMPGSL,2033,99999.0
REGION1,IMPGSL,2034,99999.0
REGION1,IMPGSL,2035,99999.0
REGION1,IMPGSL,2036,99999.0
REGION1,IMPGSL,2037,99999.0
REGION1,IMPGSL,2038,99999.0
REGION1,IMPGSL,2039,99999.0
REGION1,IMPGSL,2040,99999.0
REGION1,IMPHFO,2018,99999.0
REGION1,IMPHFO,2019,99999.0
REGION1,IMPHFO,2020,99999.0
REGION1,IMPHFO,2021,99999.0
REGION1,IMPHFO,2022,99999.0
REGION1,IMPHFO,2023,99999.0
REGION1,IMPHFO,2024,99999.0
REGION1,IMPHFO,2025,99999.0
REGION1,IMPHFO,2026,99999.0
REGION1,IMPHFO,2027,99999.0
REGION1,IMPHFO,2028,99999.0
REGION1,IMPHFO,2029,99999.0
REGION1,IMPHFO,2030,99999.0
REGION1,IMPHFO,2031,99999.0
REGION1,IMPHFO,2032,99999.0
REGION1,IMPHFO,2033,99999.0
REGION1,IMPHFO,2034,99999.0
REGION1,IMPHFO,2035,99999.0
REGION1,IMPHFO,2036,99999.0
REGION1,IMPHFO,2037,99999.0
REGION1,IMPHFO,2038,99999.0
REGION1,IMPHFO,2039,99999.0
REGION1,IMPHFO,2040,99999.0
REGION1,IMPKER,2018,99999.0
REGION1,IMPKER,2019,99999.0
REGION1,IMPKER,2020,99999.0
REGION1,IMPKER,2021,99999.0
REGION1,IMPKER,2022,99999.0
REGION1,IMPKER,2023,99999.0
REGION1,IMPKER,2024,99999.0
REGION1,IMPKER,2025,99999.0
REGION1,IMPKER,2026,99999.0
REGION1,IMPKER,2027,99999.0
REGION1,IMPKER,2028,99999.0
REGION1,IMPKER,2029,99999.0
REGION1,IMPKER,2030,99999.0
REGION1,IMPKER,2031,99999.0
REGION1,IMPKER,2032,99999.0
REGION1,IMPKER,2033,99999.0
REGION1,IMPKER,2034,99999.0
REGION1,IMPKER,2035,99999.0
REGION1,IMPKER,2036,99999.0
REGION1,IMPKER,2037,99999.0
REGION1,IMPKER,2038,99999.0
REGION1,IMPKER,2039,99999.0
REGION1,IMPKER,2040,99999.0
REGION1,IMPLPG,2018,99999.0
REGION1,IMPLPG,2019,99999.0
REGION1,IMPLPG,2020,99999.0
REGION1,IMPLPG,2021,99999.0
REGION1,IMPLPG,2022,99999.0
REGION1,IMPLPG,2023,99999.0
REGION1,IMPLPG,2024,99999.0
REGION1,IMPLPG,2025,99999.0
REGION1,IMPLPG,2026,99999.0
REGION1,IMPLPG,2027,99999.0
REGION1,IMPLPG,2028,99999.0
REGION1,IMPLPG,2029,99999.0
REGION1,IMPLPG,2030,99999.0
REGION1,IMPLPG,2031,99999.0
REGION1,IMPLPG,2032,99999.0
REGION1,IMPLPG,2033,99999.0
REGION1,IMPLPG,2034,99999.0
REGION1,IMPLPG,2035,99999.0
REGION1,IMPLPG,2036,99999.0
REGION1,IMPLPG,2037,99999.0
REGION1,IMPLPG,2038,99999.0
REGION1,IMPLPG,2039,99999.0
REGION1,IMPLPG,2040,99999.0
REGION1,LNDAGRPHL_VIC01,2018,99999.0
REGION1,LNDAGRPHL_VIC01,2019,99999.0
REGION1,LNDAGRPHL_VIC01,2020,99999.0
REGION1,LNDAGRPHL_VIC01,2021,99999.0
REGION1,LNDAGRPHL_VIC01,2022,99999.0
REGION1,LNDAGRPHL_VIC01,2023,99999.0
REGION1,LNDAGRPHL_VIC01,2024,99999.0
REGION1,LNDAGRPHL_VIC01,2025,99999.0
REGION1,LNDAGRPHL_VIC01,2026,99999.0
REGION1,LNDAGRPHL_VIC01,2027,99999.0
REGION1,LNDAGRPHL_VIC01,2028,99999.0
REGION1,LNDAGRPHL_VIC01,2029,99999.0
REGION1,LNDAGRPHL_VIC01,2030,99999.0
REGION1,LNDAGRPHL_VIC01,2031,99999.0
REGION1,LNDAGRPHL_VIC01,2032,99999.0
REGION1,LNDAGRPHL_VIC01,2033,99999.0
REGION1,LNDAGRPHL_VIC01,2034,99999.0
REGION1,LNDAGRPHL_VIC01,2035,99999.0
REGION1,LNDAGRPHL_VIC01,2036,99999.0
REGION1,LNDAGRPHL_VIC01,2037,99999.0
REGION1,LNDAGRPHL_VIC01,2038,99999.0
REGION1,LNDAGRPHL_VIC01,2039,99999.0
REGION1,LNDAGRPHL_VIC01,2040,99999.0
REGION1,LNDBARPHL_VI,2018,99999.0
REGION1,LNDBARPHL_VI,2019,99999.0
REGION1,LNDBARPHL_VI,2020,99999.0
REGION1,LNDBARPHL_VI,2021,99999.0
REGION1,LNDBARPHL_VI,2022,99999.0
REGION1,LNDBARPHL_VI,2023,99999.0
REGION1,LNDBARPHL_VI,2024,99999.0
REGION1,LNDBARPHL_VI,2025,99999.0
REGION1,LNDBARPHL_VI,2026,99999.0
REGION1,LNDBARPHL_VI,2027,99999.0
REGION1,LNDBARPHL_VI,2028,99999.0
REGION1,LNDBARPHL_VI,2029,99999.0
REGION1,LNDBARPHL_VI,2030,99999.0
REGION1,LNDBARPHL_VI,2031,99999.0
REGION1,LNDBARPHL_VI,2032,99999.0
REGION1,LNDBARPHL_VI,2033,99999.0
REGION1,LNDBARPHL_VI,2034,99999.0
REGION1,LNDBARPHL_VI,2035,99999.0
REGION1,LNDBARPHL_VI,2036,99999.0
REGION1,LNDBARPHL_VI,2037,99999.0
REGION1,LNDBARPHL_VI,2038,99999.0
REGION1,LNDBARPHL_VI,2039,99999.0
REGION1,LNDBARPHL_VI,2040,99999.0
REGION1,LNDBLTPHL_VI,2018,99999.0
REGION1,LNDBLTPHL_VI,2019,99999.0
REGION1,LNDBLTPHL_VI,2020,99999.0
REGION1,LNDBLTPHL_VI,2021,99999.0
REGION1,LNDBLTPHL_VI,2022,99999.0
REGION1,LNDBLTPHL_VI,2023,99999.0
REGION1,LNDBLTPHL_VI,2024,99999.0
REGION1,LNDBLTPHL_VI,2025,99999.0
REGION1,LNDBLTPHL_VI,2026,99999.0
REGION1,LNDBLTPHL_VI,2027,99999.0
REGION1,LNDBLTPHL_VI,2028,99999.0
REGION1,LNDBLTPHL_VI,2029,99999.0
REGION1,LNDBLTPHL_VI,2030,99999.0
REGION1,LNDBLTPHL_VI,2031,99999.0
REGION1,LNDBLTPHL_VI,2032,99999.0
REGION1,LNDBLTPHL_VI,2033,99999.0
REGION1,LNDBLTPHL_VI,2034,99999.0
REGION1,LNDBLTPHL_VI,2035,99999.0
REGION1,LNDBLTPHL_VI,2036,99999.0
REGION1,LNDBLTPHL_VI,2037,99999.0
REGION1,LNDBLTPHL_VI,2038,99999.0
REGION1,LNDBLTPHL_VI,2039,99999.0
REGION1,LNDBLTPHL_VI,2040,99999.0
REGION1,LNDCONHIPHL_VI,2018,99999.0
REGION1,LNDCONHIPHL_VI,2019,99999.0
REGION1,LNDCONHIPHL_VI,2020,99999.0
REGION1,LNDCONHIPHL_VI,2021,99999.0
REGION1,LNDCONHIPHL_VI,2022,99999.0
REGION1,LNDCONHIPHL_VI,2023,99999.0
REGION1,LNDCONHIPHL_VI,2024,99999.0
REGION1,LNDCONHIPHL_VI,2025,99999.0
REGION1,LNDCONHIPHL_VI,2026,99999.0
REGION1,LNDCONHIPHL_VI,2027,99999.0
REGION1,LNDCONHIPHL_VI,2028,99999.0
REGION1,LNDCONHIPHL_VI,2029,99999.0
REGION1,LNDCONHIPHL_VI,2030,99999.0
REGION1,LNDCONHIPHL_VI,2031,99999.0
REGION1,LNDCONHIPHL_VI,2032,99999.0
REGION1,LNDCONHIPHL_VI,2033,99999.0
REGION1,LNDCONHIPHL_VI,2034,99999.0
REGION1,LNDCONHIPHL_VI,2035,99999.0
REGION1,LNDCONHIPHL_VI,2036,99999.0
REGION1,LNDCONHIPHL_VI,2037,99999.0
REGION1,LNDCONHIPHL_VI,2038,99999.0
REGION1,LNDCONHIPHL_VI,2039,99999.0
REGION1,LNDCONHIPHL_VI,2040,99999.0
REGION1,LNDCONHRPHL_VI,2018,99999.0
REGION1,LNDCONHRPHL_VI,2019,99999.0
REGION1,LNDCONHRPHL_VI,2020,99999.0
REGION1,LNDCONHRPHL_VI,2021,99999.0
REGION1,LNDCONHRPHL_VI,2022,99999.0
REGION1,LNDCONHRPHL_VI,2023,99999.0
REGION1,LNDCONHRPHL_VI,2024,99999.0
REGION1,LNDCONHRPHL_VI,2025,99999.0
REGION1,LNDCONHRPHL_VI,2026,99999.0
REGION1,LNDCONHRPHL_VI,2027,99999.0
REGION1,LNDCONHRPHL_VI,2028,99999.0
REGION1,LNDCONHRPHL_VI,2029,99999.0
REGION1,LNDCONHRPHL_VI,2030,99999.0
REGION1,LNDCONHRPHL_VI,2031,99999.0
REGION1,LNDCONHRPHL_VI,2032,99999.0
REGION1,LNDCONHRPHL_VI,2033,99999.0
REGION1,LNDCONHRPHL_VI,2034,99999.0
REGION1,LNDCONHRPHL_VI,2035,99999.0
REGION1,LNDCONHRPHL_VI,2036,99999.0
REGION1,LNDCONHRPHL_VI,2037,99999.0
REGION1,LNDCONHRPHL_VI,2038,99999.0
REGION1,LNDCONHRPHL_VI,2039,99999.0
REGION1,LNDCONHRPHL_VI,2040,99999.0
REGION1,LNDCONIIPHL_VI,2018,99999.0
REGION1,LNDCONIIPHL_VI,2019,99999.0
REGION1,LNDCONIIPHL_VI,2020,99999.0
REGION1,LNDCONIIPHL_VI,2021,99999.0
REGION1,LNDCONIIPHL_VI,2022,99999.0
REGION1,LNDCONIIPHL_VI,2023,99999.0
REGION1,LNDCONIIPHL_VI,2024,99999.0
REGION1,LNDCONIIPHL_VI,2025,99999.0
REGION1,LNDCONIIPHL_VI,2026,99999.0
REGION1,LNDCONIIPHL_VI,2027,99999.0
REGION1,LNDCONIIPHL_VI,2028,99999.0
REGION1,LNDCONIIPHL_VI,2029,99999.0
REGION1,LNDCONIIPHL_VI,2030,99999.0
REGION1,LNDCONIIPHL_VI,2031,99999.0
REGION1,LNDCONIIPHL_VI,2032,99999.0
REGION1,LNDCONIIPHL_VI,2033,99999.0
REGION1,LNDCONIIPHL_VI,2034,99999.0
REGION1,LNDCONIIPHL_VI,2035,99999.0
REGION1,LNDCONIIPHL_VI,2036,99999.0
REGION1,LNDCONIIPHL_VI,2037,99999.0
REGION1,LNDCONIIPHL_VI,2038,99999.0
REGION1,LNDCONIIPHL_VI,2039,99999.0
REGION1,LNDCONIIPHL_VI,2040,99999.0
REGION1,LNDCONIRPHL_VI,2018,99999.0
REGION1,LNDCONIRPHL_VI,2019,99999.0
REGION1,LNDCONIRPHL_VI,2020,99999.0
REGION1,LNDCONIRPHL_VI,2021,99999.0
REGION1,LNDCONIRPHL_VI,2022,99999.0
REGION1,LNDCONIRPHL_VI,2023,99999.0
REGION1,LNDCONIRPHL_VI,2024,99999.0
REGION1,LNDCONIRPHL_VI,2025,99999.0
REGION1,LNDCONIRPHL_VI,2026,99999.0
REGION1,LNDCONIRPHL_VI,2027,99999.0
REGION1,LNDCONIRPHL_VI,2028,99999.0
REGION1,LNDCONIRPHL_VI,2029,99999.0
REGION1,LNDCONIRPHL_VI,2030,99999.0
REGION1,LNDCONIRPHL_VI,2031,99999.0
REGION1,LNDCONIRPHL_VI,2032,99999.0
REGION1,LNDCONIRPHL_VI,2033,99999.0
REGION1,LNDCONIRPHL_VI,2034,99999.0
REGION1,LNDCONIRPHL_VI,2035,99999.0
REGION1,LNDCONIRPHL_VI,2036,99999.0
REGION1,LNDCONIRPHL_VI,2037,99999.0
REGION1,LNDCONIRPHL_VI,2038,99999.0
REGION1,LNDCONIRPHL_VI,2039,99999.0
REGION1,LNDCONIRPHL_VI,2040,99999.0
REGION1,LNDCONLRPHL_VI,2018,99999.0
REGION1,LNDCONLRPHL_VI,2019,99999.0
REGION1,LNDCONLRPHL_VI,2020,99999.0
REGION1,LNDCONLRPHL_VI,2021,99999.0
REGION1,LNDCONLRPHL_VI,2022,99999.0
REGION1,LNDCONLRPHL_VI,2023,99999.0
REGION1,LNDCONLRPHL_VI,2024,99999.0
REGION1,LNDCONLRPHL_VI,2025,99999.0
REGION1,LNDCONLRPHL_VI,2026,99999.0
REGION1,LNDCONLRPHL_VI,2027,99999.0
REGION1,LNDCONLRPHL_VI,2028,99999.0
REGION1,LNDCONLRPHL_VI,2029,99999.0
REGION1,LNDCONLRPHL_VI,2030,99999.0
REGION1,LNDCONLRPHL_VI,2031,99999.0
REGION1,LNDCONLRPHL_VI,2032,99999.0
REGION1,LNDCONLRPHL_VI,2033,99999.0
REGION1,LNDCONLRPHL_VI,2034,99999.0
REGION1,LNDCONLRPHL_VI,2035,99999.0
REGION1,LNDCONLRPHL_VI,2036,99999.0
REGION1,LNDCONLRPHL_VI,2037,99999.0
REGION1,LNDCONLRPHL_VI,2038,99999.0
REGION1,LNDCONLRPHL_VI,2039,99999.0
REGION1,LNDCONLRPHL_VI,2040,99999.0
REGION1,LNDFORPHL_VI,2018,99999.0
REGION1,LNDFORPHL_VI,2019,99999.0
REGION1,LNDFORPHL_VI,2020,99999.0
REGION1,LNDFORPHL_VI,2021,99999.0
REGION1,LNDFORPHL_VI,2022,99999.0
REGION1,LNDFORPHL_VI,2023,99999.0
REGION1,LNDFORPHL_VI,2024,99999.0
REGION1,LNDFORPHL_VI,2025,99999.0
REGION1,LNDFORPHL_VI,2026,99999.0
REGION1,LNDFORPHL_VI,2027,99999.0
REGION1,LNDFORPHL_VI,2028,99999.0
REGION1,LNDFORPHL_VI,2029,99999.0
REGION1,LNDFORPHL_VI,2030,99999.0
REGION1,LNDFORPHL_VI,2031,99999.0
REGION1,LNDFORPHL_VI,2032,99999.0
REGION1,LNDFORPHL_VI,2033,99999.0
REGION1,LNDFORPHL_VI,2034,99999.0
REGION1,LNDFORPHL_VI,2035,99999.0
REGION1,LNDFORPHL_VI,2036,99999.0
REGION1,LNDFORPHL_VI,2037,99999.0
REGION1,LNDFORPHL_VI,2038,99999.0
REGION1,LNDFORPHL_VI,2039,99999.0
REGION1,LNDFORPHL_VI,2040,99999.0
REGION1,LNDGRSPHL_VI,2018,99999.0
REGION1,LNDGRSPHL_VI,2019,99999.0
REGION1,LNDGRSPHL_VI,2020,99999.0
REGION1,LNDGRSPHL_VI,2021,99999.0
REGION1,LNDGRSPHL_VI,2022,99999.0
REGION1,LNDGRSPHL_VI,2023,99999.0
REGION1,LNDGRSPHL_VI,2024,99999.0
REGION1,LNDGRSPHL_VI,2025,99999.0
REGION1,LNDGRSPHL_VI,2026,99999.0
REGION1,LNDGRSPHL_VI,2027,99999.0
REGION1,LNDGRSPHL_VI,2028,99999.0
REGION1,LNDGRSPHL_VI,2029,99999.0
REGION1,LNDGRSPHL_VI,2030,99999.0
REGION1,LNDGRSPHL_VI,2031,99999.0
REGION1,LNDGRSPHL_VI,2032,99999.0
REGION1,LNDGRSPHL_VI,2033,99999.0
REGION1,LNDGRSPHL_VI,2034,99999.0
REGION1,LNDGRSPHL_VI,2035,99999.0
REGION1,LNDGRSPHL_VI,2036,99999.0
REGION1,LNDGRSPHL_VI,2037,99999.0
REGION1,LNDGRSPHL_VI,2038,99999.0
REGION1,LNDGRSPHL_VI,2039,99999.0
REGION1,LNDGRSPHL_VI,2040,99999.0
REGION1,LNDMAIHIPHL_VI,2018,99999.0
REGION1,LNDMAIHIPHL_VI,2019,99999.0
REGION1,LNDMAIHIPHL_VI,2020,99999.0
REGION1,LNDMAIHIPHL_VI,2021,99999.0
REGION1,LNDMAIHIPHL_VI,2022,99999.0
REGION1,LNDMAIHIPHL_VI,2023,99999.0
REGION1,LNDMAIHIPHL_VI,2024,99999.0
REGION1,LNDMAIHIPHL_VI,2025,99999.0
REGION1,LNDMAIHIPHL_VI,2026,99999.0
REGION1,LNDMAIHIPHL_VI,2027,99999.0
REGION1,LNDMAIHIPHL_VI,2028,99999.0
REGION1,LNDMAIHIPHL_VI,2029,99999.0
REGION1,LNDMAIHIPHL_VI,2030,99999.0
REGION1,LNDMAIHIPHL_VI,2031,99999.0
REGION1,LNDMAIHIPHL_VI,2032,99999.0
REGION1,LNDMAIHIPHL_VI,2033,99999.0
REGION1,LNDMAIHIPHL_VI,2034,99999.0
REGION1,LNDMAIHIPHL_VI,2035,99999.0
REGION1,LNDMAIHIPHL_VI,2036,99999.0
REGION1,LNDMAIHIPHL_VI,2037,99999.0
REGION1,LNDMAIHIPHL_VI,2038,99999.0
REGION1,LNDMAIHIPHL_VI,2039,99999.0
REGION1,LNDMAIHIPHL_VI,2040,99999.0
REGION1,LNDMAIHRPHL_VI,2018,99999.0
REGION1,LNDMAIHRPHL_VI,2019,99999.0
REGION1,LNDMAIHRPHL_VI,2020,99999.0
REGION1,LNDMAIHRPHL_VI,2021,99999.0
REGION1,LNDMAIHRPHL_VI,2022,99999.0
REGION1,LNDMAIHRPHL_VI,2023,99999.0
REGION1,LNDMAIHRPHL_VI,2024,99999.0
REGION1,LNDMAIHRPHL_VI,2025,99999.0
REGION1,LNDMAIHRPHL_VI,2026,99999.0
REGION1,LNDMAIHRPHL_VI,2027,99999.0
REGION1,LNDMAIHRPHL_VI,2028,99999.0
REGION1,LNDMAIHRPHL_VI,2029,99999.0
REGION1,LNDMAIHRPHL_VI,2030,99999.0
REGION1,LNDMAIHRPHL_VI,2031,99999.0
REGION1,LNDMAIHRPHL_VI,2032,99999.0
REGION1,LNDMAIHRPHL_VI,2033,99999.0
REGION1,LNDMAIHRPHL_VI,2034,99999.0
REGION1,LNDMAIHRPHL_VI,2035,99999.0
REGION1,LNDMAIHRPHL_VI,2036,99999.0
REGION1,LNDMAIHRPHL_VI,2037,99999.0
REGION1,LNDMAIHRPHL_VI,2038,99999.0
REGION1,LNDMAIHRPHL_VI,2039,99999.0
REGION1,LNDMAIHRPHL_VI,2040,99999.0
REGION1,LNDMAIIIPHL_VI,2018,99999.0
REGION1,LNDMAIIIPHL_VI,2019,99999.0
REGION1,LNDMAIIIPHL_VI,2020,99999.0
REGION1,LNDMAIIIPHL_VI,2021,99999.0
REGION1,LNDMAIIIPHL_VI,2022,99999.0
REGION1,LNDMAIIIPHL_VI,2023,99999.0
REGION1,LNDMAIIIPHL_VI,2024,99999.0
REGION1,LNDMAIIIPHL_VI,2025,99999.0
REGION1,LNDMAIIIPHL_VI,2026,99999.0
REGION1,LNDMAIIIPHL_VI,2027,99999.0
REGION1,LNDMAIIIPHL_VI,2028,99999.0
REGION1,LNDMAIIIPHL_VI,2029,99999.0
REGION1,LNDMAIIIPHL_VI,2030,99999.0
REGION1,LNDMAIIIPHL_VI,2031,99999.0
REGION1,LNDMAIIIPHL_VI,2032,99999.0
REGION1,LNDMAIIIPHL_VI,2033,99999.0
REGION1,LNDMAIIIPHL_VI,2034,99999.0
REGION1,LNDMAIIIPHL_VI,2035,99999.0
REGION1,LNDMAIIIPHL_VI,2036,99999.0
REGION1,LNDMAIIIPHL_VI,2037,99999.0
REGION1,LNDMAIIIPHL_VI,2038,99999.0
REGION1,LNDMAIIIPHL_VI,2039,99999.0
REGION1,LNDMAIIIPHL_VI,2040,99999.0
REGION1,LNDMAIIRPHL_VI,2018,99999.0
REGION1,LNDMAIIRPHL_VI,2019,99999.0
REGION1,LNDMAIIRPHL_VI,2020,99999.0
REGION1,LNDMAIIRPHL_VI,2021,99999.0
REGION1,LNDMAIIRPHL_VI,2022,99999.0
REGION1,LNDMAIIRPHL_VI,2023,99999.0
REGION1,LNDMAIIRPHL_VI,2024,99999.0
REGION1,LNDMAIIRPHL_VI,2025,99999.0
REGION1,LNDMAIIRPHL_VI,2026,99999.0
REGION1,LNDMAIIRPHL_VI,2027,99999.0
REGION1,LNDMAIIRPHL_VI,2028,99999.0
REGION1,LNDMAIIRPHL_VI,2029,99999.0
REGION1,LNDMAIIRPHL_VI,2030,99999.0
REGION1,LNDMAIIRPHL_VI,2031,99999.0
REGION1,LNDMAIIRPHL_VI,2032,99999.0
REGION1,LNDMAIIRPHL_VI,2033,99999.0
REGION1,LNDMAIIRPHL_VI,2034,99999.0
REGION1,LNDMAIIRPHL_VI,2035,99999.0
REGION1,LNDMAIIRPHL_VI,2036,99999.0
REGION1,LNDMAIIRPHL_VI,2037,99999.0
REGION1,LNDMAIIRPHL_VI,2038,99999.0
REGION1,LNDMAIIRPHL_VI,2039,99999.0
REGION1,LNDMAIIRPHL_VI,2040,99999.0
REGION1,LNDMAILRPHL_VI,2018,99999.0
REGION1,LNDMAILRPHL_VI,2019,99999.0
REGION1,LNDMAILRPHL_VI,2020,99999.0
REGION1,LNDMAILRPHL_VI,2021,99999.0
REGION1,LNDMAILRPHL_VI,2022,99999.0
REGION1,LNDMAILRPHL_VI,2023,99999.0
REGION1,LNDMAILRPHL_VI,2024,99999.0
REGION1,LNDMAILRPHL_VI,2025,99999.0
REGION1,LNDMAILRPHL_VI,2026,99999.0
REGION1,LNDMAILRPHL_VI,2027,99999.0
REGION1,LNDMAILRPHL_VI,2028,99999.0
REGION1,LNDMAILRPHL_VI,2029,99999.0
REGION1,LNDMAILRPHL_VI,2030,99999.0
REGION1,LNDMAILRPHL_VI,2031,99999.0
REGION1,LNDMAILRPHL_VI,2032,99999.0
REGION1,LNDMAILRPHL_VI,2033,99999.0
REGION1,LNDMAILRPHL_VI,2034,99999.0
REGION1,LNDMAILRPHL_VI,2035,99999.0
REGION1,LNDMAILRPHL_VI,2036,99999.0
REGION1,LNDMAILRPHL_VI,2037,99999.0
REGION1,LNDMAILRPHL_VI,2038,99999.0
REGION1,LNDMAILRPHL_VI,2039,99999.0
REGION1,LNDMAILRPHL_VI,2040,99999.0
REGION1,LNDOTHPHL_VI,2018,99999.0
REGION1,LNDOTHPHL_VI,2019,99999.0
REGION1,LNDOTHPHL_VI,2020,99999.0
REGION1,LNDOTHPHL_VI,2021,99999.0
REGION1,LNDOTHPHL_VI,2022,99999.0
REGION1,LNDOTHPHL_VI,2023,99999.0
REGION1,LNDOTHPHL_VI,2024,99999.0
REGION1,LNDOTHPHL_VI,2025,99999.0
REGION1,LNDOTHPHL_VI,2026,99999.0
REGION1,LNDOTHPHL_VI,2027,99999.0
REGION1,LNDOTHPHL_VI,2028,99999.0
REGION1,LNDOTHPHL_VI,2029,99999.0
REGION1,LNDOTHPHL_VI,2030,99999.0
REGION1,LNDOTHPHL_VI,2031,99999.0
REGION1,LNDOTHPHL_VI,2032,99999.0
REGION1,LNDOTHPHL_VI,2033,99999.0
REGION1,LNDOTHPHL_VI,2034,99999.0
REGION1,LNDOTHPHL_VI,2035,99999.0
REGION1,LNDOTHPHL_VI,2036,99999.0
REGION1,LNDOTHPHL_VI,2037,99999.0
REGION1,LNDOTHPHL_VI,2038,99999.0
REGION1,LNDOTHPHL_VI,2039,99999.0
REGION1,LNDOTHPHL_VI,2040,99999.0
REGION1,LNDRCDHIPHL_VI,2018,99999.0
REGION1,LNDRCDHIPHL_VI,2019,99999.0
REGION1,LNDRCDHIPHL_VI,2020,99999.0
REGION1,LNDRCDHIPHL_VI,2021,99999.0
REGION1,LNDRCDHIPHL_VI,2022,99999.0
REGION1,LNDRCDHIPHL_VI,2023,99999.0
REGION1,LNDRCDHIPHL_VI,2024,99999.0
REGION1,LNDRCDHIPHL_VI,2025,99999.0
REGION1,LNDRCDHIPHL_VI,2026,99999.0
REGION1,LNDRCDHIPHL_VI,2027,99999.0
REGION1,LNDRCDHIPHL_VI,2028,99999.0
REGION1,LNDRCDHIPHL_VI,2029,99999.0
REGION1,LNDRCDHIPHL_VI,2030,99999.0
REGION1,LNDRCDHIPHL_VI,2031,99999.0
REGION1,LNDRCDHIPHL_VI,2032,99999.0
REGION1,LNDRCDHIPHL_VI,2033,99999.0
REGION1,LNDRCDHIPHL_VI,2034,99999.0
REGION1,LNDRCDHIPHL_VI,2035,99999.0
REGION1,LNDRCDHIPHL_VI,2036,99999.0
REGION1,LNDRCDHIPHL_VI,2037,99999.0
REGION1,LNDRCDHIPHL_VI,2038,99999.0
REGION1,LNDRCDHIPHL_VI,2039,99999.0
REGION1,LNDRCDHIPHL_VI,2040,99999.0
REGION1,LNDRCDHRPHL_VI,2018,99999.0
REGION1,LNDRCDHRPHL_VI,2019,99999.0
REGION1,LNDRCDHRPHL_VI,2020,99999.0
REGION1,LNDRCDHRPHL_VI,2021,99999.0
REGION1,LNDRCDHRPHL_VI,2022,99999.0
REGION1,LNDRCDHRPHL_VI,2023,99999.0
REGION1,LNDRCDHRPHL_VI,2024,99999.0
REGION1,LNDRCDHRPHL_VI,2025,99999.0
REGION1,LNDRCDHRPHL_VI,2026,99999.0
REGION1,LNDRCDHRPHL_VI,2027,99999.0
REGION1,LNDRCDHRPHL_VI,2028,99999.0
REGION1,LNDRCDHRPHL_VI,2029,99999.0
REGION1,LNDRCDHRPHL_VI,2030,99999.0
REGION1,LNDRCDHRPHL_VI,2031,99999.0
REGION1,LNDRCDHRPHL_VI,2032,99999.0
REGION1,LNDRCDHRPHL_VI,2033,99999.0
REGION1,LNDRCDHRPHL_VI,2034,99999.0
REGION1,LNDRCDHRPHL_VI,2035,99999.0
REGION1,LNDRCDHRPHL_VI,2036,99999.0
REGION1,LNDRCDHRPHL_VI,2037,99999.0
REGION1,LNDRCDHRPHL_VI,2038,99999.0
REGION1,LNDRCDHRPHL_VI,2039,99999.0
REGION1,LNDRCDHRPHL_VI,2040,99999.0
REGION1,LNDRCDIIPHL_VI,2018,99999.0
REGION1,LNDRCDIIPHL_VI,2019,99999.0
REGION1,LNDRCDIIPHL_VI,2020,99999.0
REGION1,LNDRCDIIPHL_VI,2021,99999.0
REGION1,LNDRCDIIPHL_VI,2022,99999.0
REGION1,LNDRCDIIPHL_VI,2023,99999.0
REGION1,LNDRCDIIPHL_VI,2024,99999.0
REGION1,LNDRCDIIPHL_VI,2025,99999.0
REGION1,LNDRCDIIPHL_VI,2026,99999.0
REGION1,LNDRCDIIPHL_VI,2027,99999.0
REGION1,LNDRCDIIPHL_VI,2028,99999.0
REGION1,LNDRCDIIPHL_VI,2029,99999.0
REGION1,LNDRCDIIPHL_VI,2030,99999.0
REGION1,LNDRCDIIPHL_VI,2031,99999.0
REGION1,LNDRCDIIPHL_VI,2032,99999.0
REGION1,LNDRCDIIPHL_VI,2033,99999.0
REGION1,LNDRCDIIPHL_VI,2034,99999.0
REGION1,LNDRCDIIPHL_VI,2035,99999.0
REGION1,LNDRCDIIPHL_VI,2036,99999.0
REGION1,LNDRCDIIPHL_VI,2037,99999.0
REGION1,LNDRCDIIPHL_VI,2038,99999.0
REGION1,LNDRCDIIPHL_VI,2039,99999.0
REGION1,LNDRCDIIPHL_VI,2040,99999.0
REGION1,LNDRCDIRPHL_VI,2018,99999.0
REGION1,LNDRCDIRPHL_VI,2019,99999.0
REGION1,LNDRCDIRPHL_VI,2020,99999.0
REGION1,LNDRCDIRPHL_VI,2021,99999.0
REGION1,LNDRCDIRPHL_VI,2022,99999.0
REGION1,LNDRCDIRPHL_VI,2023,99999.0
REGION1,LNDRCDIRPHL_VI,2024,99999.0
REGION1,LNDRCDIRPHL_VI,2025,99999.0
REGION1,LNDRCDIRPHL_VI,2026,99999.0
REGION1,LNDRCDIRPHL_VI,2027,99999.0
REGION1,LNDRCDIRPHL_VI,2028,99999.0
REGION1,LNDRCDIRPHL_VI,2029,99999.0
REGION1,LNDRCDIRPHL_VI,2030,99999.0
REGION1,LNDRCDIRPHL_VI,2031,99999.0
REGION1,LNDRCDIRPHL_VI,2032,99999.0
REGION1,LNDRCDIRPHL_VI,2033,99999.0
REGION1,LNDRCDIRPHL_VI,2034,99999.0
REGION1,LNDRCDIRPHL_VI,2035,99999.0
REGION1,LNDRCDIRPHL_VI,2036,99999.0
REGION1,LNDRCDIRPHL_VI,2037,99999.0
REGION1,LNDRCDIRPHL_VI,2038,99999.0
REGION1,LNDRCDIRPHL_VI,2039,99999.0
REGION1,LNDRCDIRPHL_VI,2040,99999.0
REGION1,LNDRCDLRPHL_VI,2018,99999.0
REGION1,LNDRCDLRPHL_VI,2019,99999.0
REGION1,LNDRCDLRPHL_VI,2020,99999.0
REGION1,LNDRCDLRPHL_VI,2021,99999.0
REGION1,LNDRCDLRPHL_VI,2022,99999.0
REGION1,LNDRCDLRPHL_VI,2023,99999.0
REGION1,LNDRCDLRPHL_VI,2024,99999.0
REGION1,LNDRCDLRPHL_VI,2025,99999.0
REGION1,LNDRCDLRPHL_VI,2026,99999.0
REGION1,LNDRCDLRPHL_VI,2027,99999.0
REGION1,LNDRCDLRPHL_VI,2028,99999.0
REGION1,LNDRCDLRPHL_VI,2029,99999.0
REGION1,LNDRCDLRPHL_VI,2030,99999.0
REGION1,LNDRCDLRPHL_VI,2031,99999.0
REGION1,LNDRCDLRPHL_VI,2032,99999.0
REGION1,LNDRCDLRPHL_VI,2033,99999.0
REGION1,LNDRCDLRPHL_VI,2034,99999.0
REGION1,LNDRCDLRPHL_VI,2035,99999.0
REGION1,LNDRCDLRPHL_VI,2036,99999.0
REGION1,LNDRCDLRPHL_VI,2037,99999.0
REGION1,LNDRCDLRPHL_VI,2038,99999.0
REGION1,LNDRCDLRPHL_VI,2039,99999.0
REGION1,LNDRCDLRPHL_VI,2040,99999.0
REGION1,LNDSGCHIPHL_VI,2018,99999.0
REGION1,LNDSGCHIPHL_VI,2019,99999.0
REGION1,LNDSGCHIPHL_VI,2020,99999.0
REGION1,LNDSGCHIPHL_VI,2021,99999.0
REGION1,LNDSGCHIPHL_VI,2022,99999.0
REGION1,LNDSGCHIPHL_VI,2023,99999.0
REGION1,LNDSGCHIPHL_VI,2024,99999.0
REGION1,LNDSGCHIPHL_VI,2025,99999.0
REGION1,LNDSGCHIPHL_VI,2026,99999.0
REGION1,LNDSGCHIPHL_VI,2027,99999.0
REGION1,LNDSGCHIPHL_VI,2028,99999.0
REGION1,LNDSGCHIPHL_VI,2029,99999.0
REGION1,LNDSGCHIPHL_VI,2030,99999.0
REGION1,LNDSGCHIPHL_VI,2031,99999.0
REGION1,LNDSGCHIPHL_VI,2032,99999.0
REGION1,LNDSGCHIPHL_VI,2033,99999.0
REGION1,LNDSGCHIPHL_VI,2034,99999.0
REGION1,LNDSGCHIPHL_VI,2035,99999.0
REGION1,LNDSGCHIPHL_VI,2036,99999.0
REGION1,LNDSGCHIPHL_VI,2037,99999.0
REGION1,LNDSGCHIPHL_VI,2038,99999.0
REGION1,LNDSGCHIPHL_VI,2039,99999.0
REGION1,LNDSGCHIPHL_VI,2040,99999.0
REGION1,LNDSGCHRPHL_VI,2018,99999.0
REGION1,LNDSGCHRPHL_VI,2019,99999.0
REGION1,LNDSGCHRPHL_VI,2020,99999.0
REGION1,LNDSGCHRPHL_VI,2021,99999.0
REGION1,LNDSGCHRPHL_VI,2022,99999.0
REGION1,LNDSGCHRPHL_VI,2023,99999.0
REGION1,LNDSGCHRPHL_VI,2024,99999.0
REGION1,LNDSGCHRPHL_VI,2025,99999.0
REGION1,LNDSGCHRPHL_VI,2026,99999.0
REGION1,LNDSGCHRPHL_VI,2027,99999.0
REGION1,LNDSGCHRPHL_VI,2028,99999.0
REGION1,LNDSGCHRPHL_VI,2029,99999.0
REGION1,LNDSGCHRPHL_VI,2030,99999.0
REGION1,LNDSGCHRPHL_VI,2031,99999.0
REGION1,LNDSGCHRPHL_VI,2032,99999.0
REGION1,LNDSGCHRPHL_VI,2033,99999.0
REGION1,LNDSGCHRPHL_VI,2034,99999.0
REGION1,LNDSGCHRPHL_VI,2035,99999.0
REGION1,LNDSGCHRPHL_VI,2036,99999.0
REGION1,LNDSGCHRPHL_VI,2037,99999.0
REGION1,LNDSGCHRPHL_VI,2038,99999.0
REGION1,LNDSGCHRPHL_VI,2039,99999.0
REGION1,LNDSGCHRPHL_VI,2040,99999.0
REGION1,LNDSGCIIPHL_VI,2018,99999.0
REGION1,LNDSGCIIPHL_VI,2019,99999.0
REGION1,LNDSGCIIPHL_VI,2020,99999.0
REGION1,LNDSGCIIPHL_VI,2021,99999.0
REGION1,LNDSGCIIPHL_VI,2022,99999.0
REGION1,LNDSGCIIPHL_VI,2023,99999.0
REGION1,LNDSGCIIPHL_VI,2024,99999.0
REGION1,LNDSGCIIPHL_VI,2025,99999.0
REGION1,LNDSGCIIPHL_VI,2026,99999.0
REGION1,LNDSGCIIPHL_VI,2027,99999.0
REGION1,LNDSGCIIPHL_VI,2028,99999.0
REGION1,LNDSGCIIPHL_VI,2029,99999.0
REGION1,LNDSGCIIPHL_VI,2030,99999.0
REGION1,LNDSGCIIPHL_VI,2031,99999.0
REGION1,LNDSGCIIPHL_VI,2032,99999.0
REGION1,LNDSGCIIPHL_VI,2033,99999.0
REGION1,LNDSGCIIPHL_VI,2034,99999.0
REGION1,LNDSGCIIPHL_VI,2035,99999.0
REGION1,LNDSGCIIPHL_VI,2036,99999.0
REGION1,LNDSGCIIPHL_VI,2037,99999.0
REGION1,LNDSGCIIPHL_VI,2038,99999.0
REGION1,LNDSGCIIPHL_VI,2039,99999.0
REGION1,LNDSGCIIPHL_VI,2040,99999.0
REGION1,LNDSGCIRPHL_VI,2018,99999.0
REGION1,LNDSGCIRPHL_VI,2019,99999.0
REGION1,LNDSGCIRPHL_VI,2020,99999.0
REGION1,LNDSGCIRPHL_VI,2021,99999.0
REGION1,LNDSGCIRPHL_VI,2022,99999.0
REGION1,LNDSGCIRPHL_VI,2023,99999.0
REGION1,LNDSGCIRPHL_VI,2024,99999.0
REGION1,LNDSGCIRPHL_VI,2025,99999.0
REGION1,LNDSGCIRPHL_VI,2026,99999.0
REGION1,LNDSGCIRPHL_VI,2027,99999.0
REGION1,LNDSGCIRPHL_VI,2028,99999.0
REGION1,LNDSGCIRPHL_VI,2029,99999.0
REGION1,LNDSGCIRPHL_VI,2030,99999.0
REGION1,LNDSGCIRPHL_VI,2031,99999.0
REGION1,LNDSGCIRPHL_VI,2032,99999.0
REGION1,LNDSGCIRPHL_VI,2033,99999.0
REGION1,LNDSGCIRPHL_VI,2034,99999.0
REGION1,LNDSGCIRPHL_VI,2035,99999.0
REGION1,LNDSGCIRPHL_VI,2036,99999.0
REGION1,LNDSGCIRPHL_VI,2037,99999.0
REGION1,LNDSGCIRPHL_VI,2038,99999.0
REGION1,LNDSGCIRPHL_VI,2039,99999.0
REGION1,LNDSGCIRPHL_VI,2040,99999.0
REGION1,LNDSGCLRPHL_VI,2018,99999.0
REGION1,LNDSGCLRPHL_VI,2019,99999.0
REGION1,LNDSGCLRPHL_VI,2020,99999.0
REGION1,LNDSGCLRPHL_VI,2021,99999.0
REGION1,LNDSGCLRPHL_VI,2022,99999.0
REGION1,LNDSGCLRPHL_VI,2023,99999.0
REGION1,LNDSGCLRPHL_VI,2024,99999.0
REGION1,LNDSGCLRPHL_VI,2025,99999.0
REGION1,LNDSGCLRPHL_VI,2026,99999.0
REGION1,LNDSGCLRPHL_VI,2027,99999.0
REGION1,LNDSGCLRPHL_VI,2028,99999.0
REGION1,LNDSGCLRPHL_VI,2029,99999.0
REGION1,LNDSGCLRPHL_VI,2030,99999.0
REGION1,LNDSGCLRPHL_VI,2031,99999.0
REGION1,LNDSGCLRPHL_VI,2032,99999.0
REGION1,LNDSGCLRPHL_VI,2033,99999.0
REGION1,LNDSGCLRPHL_VI,2034,99999.0
REGION1,LNDSGCLRPHL_VI,2035,99999.0
REGION1,LNDSGCLRPHL_VI,2036,99999.0
REGION1,LNDSGCLRPHL_VI,2037,99999.0
REGION1,LNDSGCLRPHL_VI,2038,99999.0
REGION1,LNDSGCLRPHL_VI,2039,99999.0
REGION1,LNDSGCLRPHL_VI,2040,99999.0
REGION1,LNDWATPHL_VI,2018,99999.0
REGION1,LNDWATPHL_VI,2019,99999.0
REGION1,LNDWATPHL_VI,2020,99999.0
REGION1,LNDWATPHL_VI,2021,99999.0
REGION1,LNDWATPHL_VI,2022,99999.0
REGION1,LNDWATPHL_VI,2023,99999.0
REGION1,LNDWATPHL_VI,2024,99999.0
REGION1,LNDWATPHL_VI,2025,99999.0
REGION1,LNDWATPHL_VI,2026,99999.0
REGION1,LNDWATPHL_VI,2027,99999.0
REGION1,LNDWATPHL_VI,2028,99999.0
REGION1,LNDWATPHL_VI,2029,99999.0
REGION1,LNDWATPHL_VI,2030,99999.0
REGION1,LNDWATPHL_VI,2031,99999.0
REGION1,LNDWATPHL_VI,2032,99999.0
REGION1,LNDWATPHL_VI,2033,99999.0
REGION1,LNDWATPHL_VI,2034,99999.0
REGION1,LNDWATPHL_VI,2035,99999.0
REGION1,LNDWATPHL_VI,2036,99999.0
REGION1,LNDWATPHL_VI,2037,99999.0
REGION1,LNDWATPHL_VI,2038,99999.0
REGION1,LNDWATPHL_VI,2039,99999.0
REGION1,LNDWATPHL_VI,2040,99999.0
REGION1,MINCOA,2018,99999.0
REGION1,MINCOA,2019,99999.0
REGION1,MINCOA,2020,99999.0
REGION1,MINCOA,2021,99999.0
REGION1,MINCOA,2022,99999.0
REGION1,MINCOA,2023,99999.0
REGION1,MINCOA,2024,99999.0
REGION1,MINCOA,2025,99999.0
REGION1,MINCOA,2026,99999.0
REGION1,MINCOA,2027,99999.0
REGION1,MINCOA,2028,99999.0
REGION1,MINCOA,2029,99999.0
REGION1,MINCOA,2030,99999.0
REGION1,MINCOA,2031,99999.0
REGION1,MINCOA,2032,99999.0
REGION1,MINCOA,2033,99999.0
REGION1,MINCOA,2034,99999.0
REGION1,MINCOA,2035,99999.0
REGION1,MINCOA,2036,99999.0
REGION1,MINCOA,2037,99999.0
REGION1,MINCOA,2038,99999.0
REGION1,MINCOA,2039,99999.0
REGION1,MINCOA,2040,99999.0
REGION1,MINCRU,2018,99999.0
REGION1,MINCRU,2019,99999.0
REGION1,MINCRU,2020,99999.0
REGION1,MINCRU,2021,99999.0
REGION1,MINCRU,2022,99999.0
REGION1,MINCRU,2023,99999.0
REGION1,MINCRU,2024,99999.0
REGION1,MINCRU,2025,99999.0
REGION1,MINCRU,2026,99999.0
REGION1,MINCRU,2027,99999.0
REGION1,MINCRU,2028,99999.0
REGION1,MINCRU,2029,99999.0
REGION1,MINCRU,2030,99999.0
REGION1,MINCRU,2031,99999.0
REGION1,MINCRU,2032,99999.0
REGION1,MINCRU,2033,99999.0
REGION1,MINCRU,2034,99999.0
REGION1,MINCRU,2035,99999.0
REGION1,MINCRU,2036,99999.0
REGION1,MINCRU,2037,99999.0
REGION1,MINCRU,2038,99999.0
REGION1,MINCRU,2039,99999.0
REGION1,MINCRU,2040,99999.0
REGION1,MINLNDPHL_VI,2018,99999.0
REGION1,MINLNDPHL_VI,2019,99999.0
REGION1,MINLNDPHL_VI,2020,99999.0
REGION1,MINLNDPHL_VI,2021,99999.0
REGION1,MINLNDPHL_VI,2022,99999.0
REGION1,MINLNDPHL_VI,2023,99999.0
REGION1,MINLNDPHL_VI,2024,99999.0
REGION1,MINLNDPHL_VI,2025,99999.0
REGION1,MINLNDPHL_VI,2026,99999.0
REGION1,MINLNDPHL_VI,2027,99999.0
REGION1,MINLNDPHL_VI,2028,99999.0
REGION1,MINLNDPHL_VI,2029,99999.0
REGION1,MINLNDPHL_VI,2030,99999.0
REGION1,MINLNDPHL_VI,2031,99999.0
REGION1,MINLNDPHL_VI,2032,99999.0
REGION1,MINLNDPHL_VI,2033,99999.0
REGION1,MINLNDPHL_VI,2034,99999.0
REGION1,MINLNDPHL_VI,2035,99999.0
REGION1,MINLNDPHL_VI,2036,99999.0
REGION1,MINLNDPHL_VI,2037,99999.0
REGION1,MINLNDPHL_VI,2038,99999.0
REGION1,MINLNDPHL_VI,2039,99999.0
REGION1,MINLNDPHL_VI,2040,99999.0
REGION1,MINNGS,2018,99999.0
REGION1,MINNGS,2019,99999.0
REGION1,MINNGS,2020,99999.0
REGION1,MINNGS,2021,99999.0
REGION1,MINNGS,2022,99999.0
REGION1,MINNGS,2023,99999.0
REGION1,MINNGS,2024,99999.0
REGION1,MINNGS,2025,99999.0
REGION1,MINNGS,2026,99999.0
REGION1,MINNGS,2027,99999.0
REGION1,MINNGS,2028,99999.0
REGION1,MINNGS,2029,99999.0
REGION1,MINNGS,2030,99999.0
REGION1,MINNGS,2031,99999.0
REGION1,MINNGS,2032,99999.0
REGION1,MINNGS,2033,99999.0
REGION1,MINNGS,2034,99999.0
REGION1,MINNGS,2035,99999.0
REGION1,MINNGS,2036,99999.0
REGION1,MINNGS,2037,99999.0
REGION1,MINNGS,2038,99999.0
REGION1,MINNGS,2039,99999.0
REGION1,MINNGS,2040,99999.0
REGION1,MINPRCPHL_VI,2018,99999.0
REGION1,MINPRCPHL_VI,2019,99999.0
REGION1,MINPRCPHL_VI,2020,99999.0
REGION1,MINPRCPHL_VI,2021,99999.0
REGION1,MINPRCPHL_VI,2022,99999.0
REGION1,MINPRCPHL_VI,2023,99999.0
REGION1,MINPRCPHL_VI,2024,99999.0
REGION1,MINPRCPHL_VI,2025,99999.0
REGION1,MINPRCPHL_VI,2026,99999.0
REGION1,MINPRCPHL_VI,2027,99999.0
REGION1,MINPRCPHL_VI,2028,99999.0
REGION1,MINPRCPHL_VI,2029,99999.0
REGION1,MINPRCPHL_VI,2030,99999.0
REGION1,MINPRCPHL_VI,2031,99999.0
REGION1,MINPRCPHL_VI,2032,99999.0
REGION1,MINPRCPHL_VI,2033,99999.0
REGION1,MINPRCPHL_VI,2034,99999.0
REGION1,MINPRCPHL_VI,2035,99999.0
REGION1,MINPRCPHL_VI,2036,99999.0
REGION1,MINPRCPHL_VI,2037,99999.0
REGION1,MINPRCPHL_VI,2038,99999.0
REGION1,MINPRCPHL_VI,2039,99999.0
REGION1,MINPRCPHL_VI,2040,99999.0
REGION1,PWRCOAP01,2018,99999.0
REGION1,PWRCOAP01,2019,99999.0
REGION1,PWRCOAP01,2020,99999.0
REGION1,PWRCOAP01,2021,99999.0
REGION1,PWRCOAP01,2022,99999.0
REGION1,PWRCOAP01,2023,99999.0
REGION1,PWRCOAP01,2024,99999.0
REGION1,PWRCOAP01,2025,99999.0
REGION1,PWRCOAP01,2026,99999.0
REGION1,PWRCOAP01,2027,99999.0
REGION1,PWRCOAP01,2028,99999.0
REGION1,PWRCOAP01,2029,99999.0
REGION1,PWRCOAP01,2030,99999.0
REGION1,PWRCOAP01,2031,99999.0
REGION1,PWRCOAP01,2032,99999.0
REGION1,PWRCOAP01,2033,99999.0
REGION1,PWRCOAP01,2034,99999.0
REGION1,PWRCOAP01,2035,99999.0
REGION1,PWRCOAP01,2036,99999.0
REGION1,PWRCOAP01,2037,99999.0
REGION1,PWRCOAP01,2038,99999.0
REGION1,PWRCOAP01,2039,99999.0
REGION1,PWRCOAP01,2040,99999.0
REGION1,PWRCOAP02,2018,99999.0
REGION1,PWRCOAP02,2019,99999.0
REGION1,PWRCOAP02,2020,99999.0
REGION1,PWRCOAP02,2021,99999.0
REGION1,PWRCOAP02,2022,99999.0
REGION1,PWRCOAP02,2023,99999.0
REGION1,PWRCOAP02,2024,99999.0
REGION1,PWRCOAP02,2025,99999.0
REGION1,PWRCOAP02,2026,99999.0
REGION1,PWRCOAP02,2027,99999.0
REGION1,PWRCOAP02,2028,99999.0
REGION1,PWRCOAP02,2029,99999.0
REGION1,PWRCOAP02,2030,99999.0
REGION1,PWRCOAP02,2031,99999.0
REGION1,PWRCOAP02,2032,99999.0
REGION1,PWRCOAP02,2033,99999.0
REGION1,PWRCOAP02,2034,99999.0
REGION1,PWRCOAP02,2035,99999.0
REGION1,PWRCOAP02,2036,99999.0
REGION1,PWRCOAP02,2037,99999.0
REGION1,PWRCOAP02,2038,99999.0
REGION1,PWRCOAP02,2039,99999.0
REGION1,PWRCOAP02,2040,99999.0
REGION1,PWRDSLP01,2018,99999.0
REGION1,PWRDSLP01,2019,99999.0
REGION1,PWRDSLP01,2020,99999.0
REGION1,PWRDSLP01,2021,99999.0
REGION1,PWRDSLP01,2022,99999.0
REGION1,PWRDSLP01,2023,99999.0
REGION1,PWRDSLP01,2024,99999.0
REGION1,PWRDSLP01,2025,99999.0
REGION1,PWRDSLP01,2026,99999.0
REGION1,PWRDSLP01,2027,99999.0
REGION1,PWRDSLP01,2028,99999.0
REGION1,PWRDSLP01,2029,99999.0
REGION1,PWRDSLP01,2030,99999.0
REGION1,PWRDSLP01,2031,99999.0
REGION1,PWRDSLP01,2032,99999.0
REGION1,PWRDSLP01,2033,99999.0
REGION1,PWRDSLP01,2034,99999.0
REGION1,PWRDSLP01,2035,99999.0
REGION1,PWRDSLP01,2036,99999.0
REGION1,PWRDSLP01,2037,99999.0
REGION1,PWRDSLP01,2038,99999.0
REGION1,PWRDSLP01,2039,99999.0
REGION1,PWRDSLP01,2040,99999.0
REGION1,PWRGEOP01,2018,99999.0
REGION1,PWRGEOP01,2019,99999.0
REGION1,PWRGEOP01,2020,99999.0
REGION1,PWRGEOP01,2021,99999.0
REGION1,PWRGEOP01,2022,99999.0
REGION1,PWRGEOP01,2023,99999.0
REGION1,PWRGEOP01,2024,99999.0
REGION1,PWRGEOP01,2025,99999.0
REGION1,PWRGEOP01,2026,99999.0
REGION1,PWRGEOP01,2027,99999.0
REGION1,PWRGEOP01,2028,99999.0
REGION1,PWRGEOP01,2029,99999.0
REGION1,PWRGEOP01,2030,99999.0
REGION1,PWRGEOP01,2031,99999.0
REGION1,PWRGEOP01,2032,99999.0
REGION1,PWRGEOP01,2033,99999.0
REGION1,PWRGEOP01,2034,99999.0
REGION1,PWRGEOP01,2035,99999.0
REGION1,PWRGEOP01,2036,99999.0
REGION1,PWRGEOP01,2037,99999.0
REGION1,PWRGEOP01,2038,99999.0
REGION1,PWRGEOP01,2039,99999.0
REGION1,PWRGEOP01,2040,99999.0
REGION1,PWRHYDP01,2018,99999.0
REGION1,PWRHYDP01,2019,99999.0
REGION1,PWRHYDP01,2020,99999.0
REGION1,PWRHYDP01,2021,99999.0
REGION1,PWRHYDP01,2022,99999.0
REGION1,PWRHYDP01,2023,99999.0
REGION1,PWRHYDP01,2024,99999.0
REGION1,PWRHYDP01,2025,99999.0
REGION1,PWRHYDP01,2026,99999.0
REGION1,PWRHYDP01,2027,99999.0
REGION1,PWRHYDP01,2028,99999.0
REGION1,PWRHYDP01,2029,99999.0
REGION1,PWRHYDP01,2030,99999.0
REGION1,PWRHYDP01,2031,99999.0
REGION1,PWRHYDP01,2032,99999.0
REGION1,PWRHYDP01,2033,99999.0
REGION1,PWRHYDP01,2034,99999.0
REGION1,PWRHYDP01,2035,99999.0
REGION1,PWRHYDP01,2036,99999.0
REGION1,PWRHYDP01,2037,99999.0
REGION1,PWRHYDP01,2038,99999.0
REGION1,PWRHYDP01,2039,99999.0
REGION1,PWRHYDP01,2040,99999.0
REGION1,PWRNGSP01,2018,99999.0
REGION1,PWRNGSP01,2019,99999.0
REGION1,PWRNGSP01,2020,99999.0
REGION1,PWRNGSP01,2021,99999.0
REGION1,PWRNGSP01,2022,99999.0
REGION1,PWRNGSP01,2023,99999.0
REGION1,PWRNGSP01,2024,99999.0
REGION1,PWRNGSP01,2025,99999.0
REGION1,PWRNGSP01,2026,99999.0
REGION1,PWRNGSP01,2027,99999.0
REGION1,PWRNGSP01,2028,99999.0
REGION1,PWRNGSP01,2029,99999.0
REGION1,PWRNGSP01,2030,99999.0
REGION1,PWRNGSP01,2031,99999.0
REGION1,PWRNGSP01,2032,99999.0
REGION1,PWRNGSP01,2033,99999.0
REGION1,PWRNGSP01,2034,99999.0
REGION1,PWRNGSP01,2035,99999.0
REGION1,PWRNGSP01,2036,99999.0
REGION1,PWRNGSP01,2037,99999.0
REGION1,PWRNGSP01,2038,99999.0
REGION1,PWRNGSP01,2039,99999.0
REGION1,PWRNGSP01,2040,99999.0
REGION1,PWRSOLP01,2018,99999.0
REGION1,PWRSOLP01,2019,99999.0
REGION1,PWRSOLP01,2020,99999.0
REGION1,PWRSOLP01,2021,99999.0
REGION1,PWRSOLP01,2022,99999.0
REGION1,PWRSOLP01,2023,99999.0
REGION1,PWRSOLP01,2024,99999.0
REGION1,PWRSOLP01,2025,99999.0
REGION1,PWRSOLP01,2026,99999.0
REGION1,PWRSOLP01,2027,99999.0
REGION1,PWRSOLP01,2028,99999.0
REGION1,PWRSOLP01,2029,99999.0
REGION1,PWRSOLP01,2030,99999.0
REGION1,PWRSOLP01,2031,99999.0
REGION1,PWRSOLP01,2032,99999.0
REGION1,PWRSOLP01,2033,99999.0
REGION1,PWRSOLP01,2034,99999.0
REGION1,PWRSOLP01,2035,99999.0
REGION1,PWRSOLP01,2036,99999.0
REGION1,PWRSOLP01,2037,99999.0
REGION1,PWRSOLP01,2038,99999.0
REGION1,PWRSOLP01,2039,99999.0
REGION1,PWRSOLP01,2040,99999.0
REGION1,PWRTRNP01,2018,99999.0
REGION1,PWRTRNP01,2019,99999.0
REGION1,PWRTRNP01,2020,99999.0
REGION1,PWRTRNP01,2021,99999.0
REGION1,PWRTRNP01,2022,99999.0
REGION1,PWRTRNP01,2023,99999.0
REGION1,PWRTRNP01,2024,99999.0
REGION1,PWRTRNP01,2025,99999.0
REGION1,PWRTRNP01,2026,99999.0
REGION1,PWRTRNP01,2027,99999.0
REGION1,PWRTRNP01,2028,99999.0
REGION1,PWRTRNP01,2029,99999.0
REGION1,PWRTRNP01,2030,99999.0
REGION1,PWRTRNP01,2031,99999.0
REGION1,PWRTRNP01,2032,99999.0
REGION1,PWRTRNP01,2033,99999.0
REGION1,PWRTRNP01,2034,99999.0
REGION1,PWRTRNP01,2035,99999.0
REGION1,PWRTRNP01,2036,99999.0
REGION1,PWRTRNP01,2037,99999.0
REGION1,PWRTRNP01,2038,99999.0
REGION1,PWRTRNP01,2039,99999.0
REGION1,PWRTRNP01,2040,99999.0
REGION1,PWRWNDP01,2018,99999.0
REGION1,PWRWNDP01,2019,99999.0
REGION1,PWRWNDP01,2020,99999.0
REGION1,PWRWNDP01,2021,99999.0
REGION1,PWRWNDP01,2022,99999.0
REGION1,PWRWNDP01,2023,99999.0
REGION1,PWRWNDP01,2024,99999.0
REGION1,PWRWNDP01,2025,99999.0
REGION1,PWRWNDP01,2026,99999.0
REGION1,PWRWNDP01,2027,99999.0
REGION1,PWRWNDP01,2028,99999.0
REGION1,PWRWNDP01,2029,99999.0
REGION1,PWRWNDP01,2030,99999.0
REGION1,PWRWNDP01,2031,99999.0
REGION1,PWRWNDP01,2032,99999.0
REGION1,PWRWNDP01,2033,99999.0
REGION1,PWRWNDP01,2034,99999.0
REGION1,PWRWNDP01,2035,99999.0
REGION1,PWRWNDP01,2036,99999.0
REGION1,PWRWNDP01,2037,99999.0
REGION1,PWRWNDP01,2038,99999.0
REGION1,PWRWNDP01,2039,99999.0
REGION1,PWRWNDP01,2040,99999.0
REGION1,RNWBIO,2018,99999.0
REGION1,RNWBIO,2019,99999.0
REGION1,RNWBIO,2020,99999.0
REGION1,RNWBIO,2021,99999.0
REGION1,RNWBIO,2022,99999.0
REGION1,RNWBIO,2023,99999.0
REGION1,RNWBIO,2024,99999.0
REGION1,RNWBIO,2025,99999.0
REGION1,RNWBIO,2026,99999.0
REGION1,RNWBIO,2027,99999.0
REGION1,RNWBIO,2028,99999.0
REGION1,RNWBIO,2029,99999.0
REGION1,RNWBIO,2030,99999.0
REGION1,RNWBIO,2031,99999.0
REGION1,RNWBIO,2032,99999.0
REGION1,RNWBIO,2033,99999.0
REGION1,RNWBIO,2034,99999.0
REGION1,RNWBIO,2035,99999.0
REGION1,RNWBIO,2036,99999.0
REGION1,RNWBIO,2037,99999.0
REGION1,RNWBIO,2038,99999.0
REGION1,RNWBIO,2039,99999.0
REGION1,RNWBIO,2040,99999.0
REGION1,RNWGEO,2018,99999.0
REGION1,RNWGEO,2019,99999.0
REGION1,RNWGEO,2020,99999.0
REGION1,RNWGEO,2021,99999.0
REGION1,RNWGEO,2022,99999.0
REGION1,RNWGEO,2023,99999.0
REGION1,RNWGEO,2024,99999.0
REGION1,RNWGEO,2025,99999.0
REGION1,RNWGEO,2026,99999.0
REGION1,RNWGEO,2027,99999.0
REGION1,RNWGEO,2028,99999.0
REGION1,RNWGEO,2029,99999.0
REGION1,RNWGEO,2030,99999.0
REGION1,RNWGEO,2031,99999.0
REGION1,RNWGEO,2032,99999.0
REGION1,RNWGEO,2033,99999.0
REGION1,RNWGEO,2034,99999.0
REGION1,RNWGEO,2035,99999.0
REGION1,RNWGEO,2036,99999.0
REGION1,RNWGEO,2037,99999.0
REGION1,RNWGEO,2038,99999.0
REGION1,RNWGEO,2039,99999.0
REGION1,RNWGEO,2040,99999.0
REGION1,RNWHYD,2018,99999.0
REGION1,RNWHYD,2019,99999.0
REGION1,RNWHYD,2020,99999.0
REGION1,RNWHYD,2021,99999.0
REGION1,RNWHYD,2022,99999.0
REGION1,RNWHYD,2023,99999.0
REGION1,RNWHYD,2024,99999.0
REGION1,RNWHYD,2025,99999.0
REGION1,RNWHYD,2026,99999.0
REGION1,RNWHYD,2027,99999.0
REGION1,RNWHYD,2028,99999.0
REGION1,RNWHYD,2029,99999.0
REGION1,RNWHYD,2030,99999.0
REGION1,RNWHYD,2031,99999.0
REGION1,RNWHYD,2032,99999.0
REGION1,RNWHYD,2033,99999.0
REGION1,RNWHYD,2034,99999.0
REGION1,RNWHYD,2035,99999.0
REGION1,RNWHYD,2036,99999.0
REGION1,RNWHYD,2037,99999.0
REGION1,RNWHYD,2038,99999.0
REGION1,RNWHYD,2039,99999.0
REGION1,RNWHYD,2040,99999.0
REGION1,RNWSOL,2018,99999.0
REGION1,RNWSOL,2019,99999.0
REGION1,RNWSOL,2020,99999.0
REGION1,RNWSOL,2021,99999.0
REGION1,RNWSOL,2022,99999.0
REGION1,RNWSOL,2023,99999.0
REGION1,RNWSOL,2024,99999.0
REGION1,RNWSOL,2025,99999.0
REGION1,RNWSOL,2026,99999.0
REGION1,RNWSOL,2027,99999.0
REGION1,RNWSOL,2028,99999.0
REGION1,RNWSOL,2029,99999.0
REGION1,RNWSOL,2030,99999.0
REGION1,RNWSOL,2031,99999.0
REGION1,RNWSOL,2032,99999.0
REGION1,RNWSOL,2033,99999.0
REGION1,RNWSOL,2034,99999.0
REGION1,RNWSOL,2035,99999.0
REGION1,RNWSOL,2036,99999.0
REGION1,RNWSOL,2037,99999.0
REGION1,RNWSOL,2038,99999.0
REGION1,RNWSOL,2039,99999.0
REGION1,RNWSOL,2040,99999.0
REGION1,RNWWND,2018,99999.0
REGION1,RNWWND,2019,99999.0
REGION1,RNWWND,2020,99999.0
REGION1,RNWWND,2021,99999.0
REGION1,RNWWND,2022,99999.0
REGION1,RNWWND,2023,99999.0
REGION1,RNWWND,2024,99999.0
REGION1,RNWWND,2025,99999.0
REGION1,RNWWND,2026,99999.0
REGION1,RNWWND,2027,99999.0
REGION1,RNWWND,2028,99999.0
REGION1,RNWWND,2029,99999.0
REGION1,RNWWND,2030,99999.0
REGION1,RNWWND,2031,99999.0
REGION1,RNWWND,2032,99999.0
REGION1,RNWWND,2033,99999.0
REGION1,RNWWND,2034,99999.0
REGION1,RNWWND,2035,99999.0
REGION1,RNWWND,2036,99999.0
REGION1,RNWWND,2037,99999.0
REGION1,RNWWND,2038,99999.0
REGION1,RNWWND,2039,99999.0
REGION1,RNWWND,2040,99999.0
REGION1,UPSCON001,2018,99999.0
REGION1,UPSCON001,2019,99999.0
REGION1,UPSCON001,2020,99999.0
REGION1,UPSCON001,2021,99999.0
REGION1,UPSCON001,2022,99999.0
REGION1,UPSCON001,2023,99999.0
REGION1,UPSCON001,2024,99999.0
REGION1,UPSCON001,2025,99999.0
REGION1,UPSCON001,2026,99999.0
REGION1,UPSCON001,2027,99999.0
REGION1,UPSCON001,2028,99999.0
REGION1,UPSCON001,2029,99999.0
REGION1,UPSCON001,2030,99999.0
REGION1,UPSCON001,2031,99999.0
REGION1,UPSCON001,2032,99999.0
REGION1,UPSCON001,2033,99999.0
REGION1,UPSCON001,2034,99999.0
REGION1,UPSCON001,2035,99999.0
REGION1,UPSCON001,2036,99999.0
REGION1,UPSCON001,2037,99999.0
REGION1,UPSCON001,2038,99999.0
REGION1,UPSCON001,2039,99999.0
REGION1,UPSCON001,2040,99999.0
REGION1,UPSMIX001,2018,99999.0
REGION1,UPSMIX001,2019,99999.0
REGION1,UPSMIX001,2020,99999.0
REGION1,UPSMIX001,2021,99999.0
REGION1,UPSMIX001,2022,99999.0
REGION1,UPSMIX001,2023,99999.0
REGION1,UPSMIX001,2024,99999.0
REGION1,UPSMIX001,2025,99999.0
REGION1,UPSMIX001,2026,99999.0
REGION1,UPSMIX001,2027,99999.0
REGION1,UPSMIX001,2028,99999.0
REGION1,UPSMIX001,2029,99999.0
REGION1,UPSMIX001,2030,99999.0
REGION1,UPSMIX001,2031,99999.0
REGION1,UPSMIX001,2032,99999.0
REGION1,UPSMIX001,2033,99999.0
REGION1,UPSMIX001,2034,99999.0
REGION1,UPSMIX001,2035,99999.0
REGION1,UPSMIX001,2036,99999.0
REGION1,UPSMIX001,2037,99999.0
REGION1,UPSMIX001,2038,99999.0
REGION1,UPSMIX001,2039,99999.0
REGION1,UPSMIX001,2040,99999.0
REGION1,UPSMIX002,2018,99999.0
REGION1,UPSMIX002,2019,99999.0
REGION1,UPSMIX002,2020,99999.0
REGION1,UPSMIX002,2021,99999.0
REGION1,UPSMIX002,2022,99999.0
REGION1,UPSMIX002,2023,99999.0
REGION1,UPSMIX002,2024,99999.0
REGION1,UPSMIX002,2025,99999.0
REGION1,UPSMIX002,2026,99999.0
REGION1,UPSMIX002,2027,99999.0
REGION1,UPSMIX002,2028,99999.0
REGION1,UPSMIX002,2029,99999.0
REGION1,UPSMIX002,2030,99999.0
REGION1,UPSMIX002,2031,99999.0
REGION1,UPSMIX002,2032,99999.0
REGION1,UPSMIX002,2033,99999.0
REGION1,UPSMIX002,2034,99999.0
REGION1,UPSMIX002,2035,99999.0
REGION1,UPSMIX002,2036,99999.0
REGION1,UPSMIX002,2037,99999.0
REGION1,UPSMIX002,2038,99999.0
REGION1,UPSMIX002,2039,99999.0
REGION1,UPSMIX002,2040,99999.0
REGION1,UPSSGC001,2018,99999.0
REGION1,UPSSGC001,2019,99999.0
REGION1,UPSSGC001,2020,99999.0
REGION1,UPSSGC001,2021,99999.0
REGION1,UPSSGC001,2022,99999.0
REGION1,UPSSGC001,2023,99999.0
REGION1,UPSSGC001,2024,99999.0
REGION1,UPSSGC001,2025,99999.0
REGION1,UPSSGC001,2026,99999.0
REGION1,UPSSGC001,2027,99999.0
REGION1,UPSSGC001,2028,99999.0
REGION1,UPSSGC001,2029,99999.0
REGION1,UPSSGC001,2030,99999.0
REGION1,UPSSGC001,2031,99999.0
REGION1,UPSSGC001,2032,99999.0
REGION1,UPSSGC001,2033,99999.0
REGION1,UPSSGC001,2034,99999.0
REGION1,UPSSGC001,2035,99999.0
REGION1,UPSSGC001,2036,99999.0
REGION1,UPSSGC001,2037,99999.0
REGION1,UPSSGC001,2038,99999.0
REGION1,UPSSGC001,2039,99999.0
REGION1,UPSSGC001,2040,99999.0
