r,l,t,m,y,RateOfActivity
REGION1,SEA1BAS,DEMAGRDSL,1,2018,6.0
REGION1,SEA1BAS,DEMAGRDSL,1,2019,6.0
REGION1,SEA1BAS,DEMAGRDSL,1,2020,6.0
REGION1,SEA1BAS,DEMAGRDSL,1,2021,6.0
REGION1,SEA1BAS,DEMAGRDSL,1,2022,6.0
REGION1,SEA1BAS,DEMAGRDSL,1,2023,6.0
REGION1,SEA1BAS,DEMAGRDSL,1,2025,6.0
REGION1,SEA1BAS,DEMAGRDSL,1,2026,6.0
REGION1,SEA1BAS,DEMAGRDSL,1,2027,6.0
REGION1,SEA1BAS,DEMAGRDSL,1,2028,6.0
REGION1,SEA1BAS,DEMAGRDSL,1,2029,6.0
REGION1,SEA1BAS,DEMAGRDSL,1,2031,6.0
REGION1,SEA1BAS,DEMAGRDSL,1,2032,6.0
REGION1,SEA1BAS,DEMAGRDSL,1,2033,6.0
REGION1,SEA1BAS,DEMAGRDSL,1,2034,6.0
REGION1,SEA1BAS,DEMAGRDSL,1,2035,6.0
REGION1,SEA1BAS,DEMAGRDSL,1,2036,6.0
REGION1,SEA1BAS,DEMAGRDSL,1,2037,6.0
REGION1,SEA1BAS,DEMAGRDSL,1,2038,6.0
REGION1,SEA1BAS,DEMAGRDSL,1,2039,6.0
REGION1,SEA1BAS,DEMAGRDSL,1,2040,6.0
REGION1,SEA1INT,DEMAGRDSL,1,2024,6.0
REGION1,SEA2PEK,DEMAGRDSL,1,2030,6.0
REGION1,SEA1BAS,DEMAGRELCP02,1,2018,1.0541
REGION1,SEA1BAS,DEMAGRELCP02,1,2019,1.0542
REGION1,SEA1BAS,DEMAGRELCP02,1,2020,1.0541
REGION1,SEA1BAS,DEMAGRELCP02,1,2021,1.0542
REGION1,SEA1BAS,DEMAGRELCP02,1,2022,1.0
REGION1,SEA1BAS,DEMAGRELCP02,1,2023,1.0
REGION1,SEA1BAS,DEMAGRELCP02,1,2024,1.0542
REGION1,SEA1BAS,DEMAGRELCP02,1,2025,1.0
REGION1,SEA1BAS,DEMAGRELCP02,1,2026,1.0181
REGION1,SEA1BAS,DEMAGRELCP02,1,2027,1.0
REGION1,SEA1BAS,DEMAGRELCP02,1,2028,1.0
REGION1,SEA1BAS,DEMAGRELCP02,1,2029,1.0
REGION1,SEA1BAS,DEMAGRELCP02,1,2030,1.0
REGION1,SEA1BAS,DEMAGRELCP02,1,2031,1.0
REGION1,SEA1BAS,DEMAGRELCP02,1,2032,1.0542
REGION1,SEA1BAS,DEMAGRELCP02,1,2033,1.0542
REGION1,SEA1BAS,DEMAGRELCP02,1,2034,1.0181
REGION1,SEA1BAS,DEMAGRELCP02,1,2035,1.0
REGION1,SEA1BAS,DEMAGRELCP02,1,2036,1.0542
REGION1,SEA1BAS,DEMAGRELCP02,1,2037,1.0
REGION1,SEA1BAS,DEMAGRELCP02,1,2038,1.0181
REGION1,SEA1BAS,DEMAGRELCP02,1,2039,1.0542
REGION1,SEA1BAS,DEMAGRELCP02,1,2040,1.0542
REGION1,SEA1INT,DEMAGRELCP02,1,2018,1.0
REGION1,SEA1INT,DEMAGRELCP02,1,2019,1.0
REGION1,SEA1INT,DEMAGRELCP02,1,2020,1.0
REGION1,SEA1INT,DEMAGRELCP02,1,2021,1.0
REGION1,SEA1INT,DEMAGRELCP02,1,2022,1.0
REGION1,SEA1INT,DEMAGRELCP02,1,2023,1.0542
REGION1,SEA1INT,DEMAGRELCP02,1,2024,1.0
REGION1,SEA1INT,DEMAGRELCP02,1,2025,1.0
REGION1,SEA1INT,DEMAGRELCP02,1,2026,1.0
REGION1,SEA1INT,DEMAGRELCP02,1,2027,1.0
REGION1,SEA1INT,DEMAGRELCP02,1,2028,1.0
REGION1,SEA1INT,DEMAGRELCP02,1,2029,1.0
REGION1,SEA1INT,DEMAGRELCP02,1,2030,1.0
REGION1,SEA1INT,DEMAGRELCP02,1,2031,1.0
REGION1,SEA1INT,DEMAGRELCP02,1,2032,1.0
REGION1,SEA1INT,DEMAGRELCP02,1,2033,1.0
REGION1,SEA1INT,DEMAGRELCP02,1,2034,1.0
REGION1,SEA1INT,DEMAGRELCP02,1,2035,1.0
REGION1,SEA1INT,DEMAGRELCP02,1,2036,1.0
REGION1,SEA1INT,DEMAGRELCP02,1,2037,1.0
REGION1,SEA1INT,DEMAGRELCP02,1,2038,1.0
REGION1,SEA1INT,DEMAGRELCP02,1,2039,1.0
REGION1,SEA1INT,DEMAGRELCP02,1,2040,1.0
REGION1,SEA1PEK,DEMAGRELCP02,1,2018,1.0
REGION1,SEA1PEK,DEMAGRELCP02,1,2019,1.0
REGION1,SEA1PEK,DEMAGRELCP02,1,2020,1.0
REGION1,SEA1PEK,DEMAGRELCP02,1,2021,1.0
REGION1,SEA1PEK,DEMAGRELCP02,1,2022,1.0
REGION1,SEA1PEK,DEMAGRELCP02,1,2023,1.0
REGION1,SEA1PEK,DEMAGRELCP02,1,2024,1.0
REGION1,SEA1PEK,DEMAGRELCP02,1,2025,1.0
REGION1,SEA1PEK,DEMAGRELCP02,1,2026,1.0
REGION1,SEA1PEK,DEMAGRELCP02,1,2027,1.0181
REGION1,SEA1PEK,DEMAGRELCP02,1,2028,1.0181
REGION1,SEA1PEK,DEMAGRELCP02,1,2029,1.0181
REGION1,SEA1PEK,DEMAGRELCP02,1,2030,1.0
REGION1,SEA1PEK,DEMAGRELCP02,1,2031,1.0542
REGION1,SEA1PEK,DEMAGRELCP02,1,2032,1.0
REGION1,SEA1PEK,DEMAGRELCP02,1,2033,1.0
REGION1,SEA1PEK,DEMAGRELCP02,1,2034,1.0
REGION1,SEA1PEK,DEMAGRELCP02,1,2035,1.0
REGION1,SEA1PEK,DEMAGRELCP02,1,2036,1.0
REGION1,SEA1PEK,DEMAGRELCP02,1,2037,1.0542
REGION1,SEA1PEK,DEMAGRELCP02,1,2038,1.0
REGION1,SEA1PEK,DEMAGRELCP02,1,2039,1.0
REGION1,SEA1PEK,DEMAGRELCP02,1,2040,1.0
REGION1,SEA2BAS,DEMAGRELCP02,1,2018,1.0
REGION1,SEA2BAS,DEMAGRELCP02,1,2019,1.0
REGION1,SEA2BAS,DEMAGRELCP02,1,2020,1.0
REGION1,SEA2BAS,DEMAGRELCP02,1,2021,1.0
REGION1,SEA2BAS,DEMAGRELCP02,1,2022,1.0542
REGION1,SEA2BAS,DEMAGRELCP02,1,2023,1.0
REGION1,SEA2BAS,DEMAGRELCP02,1,2024,1.0
REGION1,SEA2BAS,DEMAGRELCP02,1,2025,1.0542
REGION1,SEA2BAS,DEMAGRELCP02,1,2026,1.0362
REGION1,SEA2BAS,DEMAGRELCP02,1,2027,1.0
REGION1,SEA2BAS,DEMAGRELCP02,1,2028,1.0
REGION1,SEA2BAS,DEMAGRELCP02,1,2029,1.0
REGION1,SEA2BAS,DEMAGRELCP02,1,2030,1.0542
REGION1,SEA2BAS,DEMAGRELCP02,1,2031,1.0
REGION1,SEA2BAS,DEMAGRELCP02,1,2032,1.0
REGION1,SEA2BAS,DEMAGRELCP02,1,2033,1.0
REGION1,SEA2BAS,DEMAGRELCP02,1,2034,1.0
REGION1,SEA2BAS,DEMAGRELCP02,1,2035,1.0362
REGION1,SEA2BAS,DEMAGRELCP02,1,2036,1.0
REGION1,SEA2BAS,DEMAGRELCP02,1,2037,1.0
REGION1,SEA2BAS,DEMAGRELCP02,1,2038,1.0362
REGION1,SEA2BAS,DEMAGRELCP02,1,2039,1.0
REGION1,SEA2BAS,DEMAGRELCP02,1,2040,1.0
REGION1,SEA2INT,DEMAGRELCP02,1,2018,1.0
REGION1,SEA2INT,DEMAGRELCP02,1,2019,1.0
REGION1,SEA2INT,DEMAGRELCP02,1,2020,1.0
REGION1,SEA2INT,DEMAGRELCP02,1,2021,1.0
REGION1,SEA2INT,DEMAGRELCP02,1,2022,1.0
REGION1,SEA2INT,DEMAGRELCP02,1,2023,1.0
REGION1,SEA2INT,DEMAGRELCP02,1,2024,1.0
REGION1,SEA2INT,DEMAGRELCP02,1,2025,1.0
REGION1,SEA2INT,DEMAGRELCP02,1,2026,1.0
REGION1,SEA2INT,DEMAGRELCP02,1,2027,1.0
REGION1,SEA2INT,DEMAGRELCP02,1,2028,1.0
REGION1,SEA2INT,DEMAGRELCP02,1,2029,1.0361
REGION1,SEA2INT,DEMAGRELCP02,1,2030,1.0
REGION1,SEA2INT,DEMAGRELCP02,1,2031,1.0
REGION1,SEA2INT,DEMAGRELCP02,1,2032,1.0
REGION1,SEA2INT,DEMAGRELCP02,1,2033,1.0
REGION1,SEA2INT,DEMAGRELCP02,1,2034,1.0361
REGION1,SEA2INT,DEMAGRELCP02,1,2035,1.0181
REGION1,SEA2INT,DEMAGRELCP02,1,2036,1.0
REGION1,SEA2INT,DEMAGRELCP02,1,2037,1.0
REGION1,SEA2INT,DEMAGRELCP02,1,2038,1.0
REGION1,SEA2INT,DEMAGRELCP02,1,2039,1.0
REGION1,SEA2INT,DEMAGRELCP02,1,2040,1.0
REGION1,SEA2PEK,DEMAGRELCP02,1,2018,1.0
REGION1,SEA2PEK,DEMAGRELCP02,1,2019,1.0
REGION1,SEA2PEK,DEMAGRELCP02,1,2020,1.0
REGION1,SEA2PEK,DEMAGRELCP02,1,2021,1.0
REGION1,SEA2PEK,DEMAGRELCP02,1,2022,1.0
REGION1,SEA2PEK,DEMAGRELCP02,1,2023,1.0
REGION1,SEA2PEK,DEMAGRELCP02,1,2024,1.0
REGION1,SEA2PEK,DEMAGRELCP02,1,2025,1.0
REGION1,SEA2PEK,DEMAGRELCP02,1,2026,1.0
REGION1,SEA2PEK,DEMAGRELCP02,1,2027,1.0362
REGION1,SEA2PEK,DEMAGRELCP02,1,2028,1.0361
REGION1,SEA2PEK,DEMAGRELCP02,1,2029,1.0
REGION1,SEA2PEK,DEMAGRELCP02,1,2030,1.0
REGION1,SEA2PEK,DEMAGRELCP02,1,2031,1.0
REGION1,SEA2PEK,DEMAGRELCP02,1,2032,1.0
REGION1,SEA2PEK,DEMAGRELCP02,1,2033,1.0
REGION1,SEA2PEK,DEMAGRELCP02,1,2034,1.0
REGION1,SEA2PEK,DEMAGRELCP02,1,2035,1.0
REGION1,SEA2PEK,DEMAGRELCP02,1,2036,1.0
REGION1,SEA2PEK,DEMAGRELCP02,1,2037,1.0
REGION1,SEA2PEK,DEMAGRELCP02,1,2038,1.0
REGION1,SEA2PEK,DEMAGRELCP02,1,2039,1.0
REGION1,SEA2PEK,DEMAGRELCP02,1,2040,1.0
REGION1,SEA1BAS,DEMAGRGWTPHL_VI,1,2018,3.1295
REGION1,SEA1BAS,DEMAGRGWTPHL_VI,1,2019,3.1348
REGION1,SEA1BAS,DEMAGRGWTPHL_VI,1,2020,3.126
REGION1,SEA1BAS,DEMAGRGWTPHL_VI,1,2021,3.1348
REGION1,SEA1BAS,DEMAGRGWTPHL_VI,1,2024,3.1348
REGION1,SEA1BAS,DEMAGRGWTPHL_VI,1,2026,1.0449
REGION1,SEA1BAS,DEMAGRGWTPHL_VI,1,2032,3.1348
REGION1,SEA1BAS,DEMAGRGWTPHL_VI,1,2033,3.1348
REGION1,SEA1BAS,DEMAGRGWTPHL_VI,1,2034,1.0449
REGION1,SEA1BAS,DEMAGRGWTPHL_VI,1,2036,3.1348
REGION1,SEA1BAS,DEMAGRGWTPHL_VI,1,2038,1.0449
REGION1,SEA1BAS,DEMAGRGWTPHL_VI,1,2039,3.1348
REGION1,SEA1BAS,DEMAGRGWTPHL_VI,1,2040,3.1348
REGION1,SEA1INT,DEMAGRGWTPHL_VI,1,2020,0.0018
REGION1,SEA1INT,DEMAGRGWTPHL_VI,1,2023,3.1315
REGION1,SEA1PEK,DEMAGRGWTPHL_VI,1,2018,0.0018
REGION1,SEA1PEK,DEMAGRGWTPHL_VI,1,2020,0.0018
REGION1,SEA1PEK,DEMAGRGWTPHL_VI,1,2027,1.0449
REGION1,SEA1PEK,DEMAGRGWTPHL_VI,1,2028,1.0449
REGION1,SEA1PEK,DEMAGRGWTPHL_VI,1,2029,1.0449
REGION1,SEA1PEK,DEMAGRGWTPHL_VI,1,2031,3.1348
REGION1,SEA1PEK,DEMAGRGWTPHL_VI,1,2037,3.1348
REGION1,SEA2BAS,DEMAGRGWTPHL_VI,1,2018,0.0018
REGION1,SEA2BAS,DEMAGRGWTPHL_VI,1,2020,0.0018
REGION1,SEA2BAS,DEMAGRGWTPHL_VI,1,2022,3.1315
REGION1,SEA2BAS,DEMAGRGWTPHL_VI,1,2025,3.1315
REGION1,SEA2BAS,DEMAGRGWTPHL_VI,1,2026,2.0899
REGION1,SEA2BAS,DEMAGRGWTPHL_VI,1,2030,3.1348
REGION1,SEA2BAS,DEMAGRGWTPHL_VI,1,2035,2.0899
REGION1,SEA2BAS,DEMAGRGWTPHL_VI,1,2038,2.0899
REGION1,SEA2INT,DEMAGRGWTPHL_VI,1,2018,0.0018
REGION1,SEA2INT,DEMAGRGWTPHL_VI,1,2020,0.0018
REGION1,SEA2INT,DEMAGRGWTPHL_VI,1,2023,0.0018
REGION1,SEA2INT,DEMAGRGWTPHL_VI,1,2029,2.0881
REGION1,SEA2INT,DEMAGRGWTPHL_VI,1,2034,2.0881
REGION1,SEA2INT,DEMAGRGWTPHL_VI,1,2035,1.0449
REGION1,SEA2PEK,DEMAGRGWTPHL_VI,1,2020,0.0018
REGION1,SEA2PEK,DEMAGRGWTPHL_VI,1,2022,0.0018
REGION1,SEA2PEK,DEMAGRGWTPHL_VI,1,2025,0.0018
REGION1,SEA2PEK,DEMAGRGWTPHL_VI,1,2027,2.0899
REGION1,SEA2PEK,DEMAGRGWTPHL_VI,1,2028,2.0884
REGION1,SEA2PEK,DEMAGRGWTPHL_VI,1,2029,0.0018
REGION1,SEA2PEK,DEMAGRGWTPHL_VI,1,2034,0.0018
REGION1,SEA1BAS,DEMINDDSL,1,2018,6.0
REGION1,SEA1BAS,DEMINDDSL,1,2019,6.0
REGION1,SEA1BAS,DEMINDDSL,1,2020,6.0
REGION1,SEA1BAS,DEMINDDSL,1,2021,6.0
REGION1,SEA1BAS,DEMINDDSL,1,2022,6.0
REGION1,SEA1BAS,DEMINDDSL,1,2024,6.0
REGION1,SEA1BAS,DEMINDDSL,1,2025,6.0
REGION1,SEA1BAS,DEMINDDSL,1,2026,6.0
REGION1,SEA1BAS,DEMINDDSL,1,2027,6.0
REGION1,SEA1BAS,DEMINDDSL,1,2028,6.0
REGION1,SEA1BAS,DEMINDDSL,1,2029,6.0
REGION1,SEA1BAS,DEMINDDSL,1,2030,6.0
REGION1,SEA1BAS,DEMINDDSL,1,2031,6.0
REGION1,SEA1BAS,DEMINDDSL,1,2032,6.0
REGION1,SEA1BAS,DEMINDDSL,1,2033,6.0
REGION1,SEA1BAS,DEMINDDSL,1,2034,6.0
REGION1,SEA1BAS,DEMINDDSL,1,2036,6.0
REGION1,SEA1BAS,DEMINDDSL,1,2037,6.0
REGION1,SEA1BAS,DEMINDDSL,1,2038,6.0
REGION1,SEA1INT,DEMINDDSL,1,2039,6.0
REGION1,SEA2BAS,DEMINDDSL,1,2035,6.0
REGION1,SEA2PEK,DEMINDDSL,1,2023,6.0
REGION1,SEA2PEK,DEMINDDSL,1,2040,6.0
REGION1,SEA1BAS,DEMPWRGEO,1,2018,1.1701
REGION1,SEA1BAS,DEMPWRGEO,1,2019,1.1702
REGION1,SEA1BAS,DEMPWRGEO,1,2022,1.11
REGION1,SEA1BAS,DEMPWRGEO,1,2024,1.1702
REGION1,SEA1BAS,DEMPWRGEO,1,2025,1.11
REGION1,SEA1BAS,DEMPWRGEO,1,2026,1.1301
REGION1,SEA1BAS,DEMPWRGEO,1,2029,1.11
REGION1,SEA1BAS,DEMPWRGEO,1,2031,1.11
REGION1,SEA1BAS,DEMPWRGEO,1,2032,1.1702
REGION1,SEA1BAS,DEMPWRGEO,1,2033,1.1702
REGION1,SEA1BAS,DEMPWRGEO,1,2035,1.11
REGION1,SEA1BAS,DEMPWRGEO,1,2037,1.11
REGION1,SEA1BAS,DEMPWRGEO,1,2039,1.1702
REGION1,SEA1BAS,DEMPWRGEO,1,2040,1.1702
REGION1,SEA1INT,DEMPWRGEO,1,2018,1.11
REGION1,SEA1INT,DEMPWRGEO,1,2019,1.11
REGION1,SEA1INT,DEMPWRGEO,1,2020,1.11
REGION1,SEA1INT,DEMPWRGEO,1,2021,1.11
REGION1,SEA1INT,DEMPWRGEO,1,2023,1.1701
REGION1,SEA1INT,DEMPWRGEO,1,2028,1.11
REGION1,SEA1INT,DEMPWRGEO,1,2030,1.11
REGION1,SEA1PEK,DEMPWRGEO,1,2018,1.11
REGION1,SEA1PEK,DEMPWRGEO,1,2019,1.11
REGION1,SEA1PEK,DEMPWRGEO,1,2020,1.11
REGION1,SEA1PEK,DEMPWRGEO,1,2026,1.11
REGION1,SEA1PEK,DEMPWRGEO,1,2027,1.1301
REGION1,SEA1PEK,DEMPWRGEO,1,2028,1.1301
REGION1,SEA1PEK,DEMPWRGEO,1,2029,1.1301
REGION1,SEA1PEK,DEMPWRGEO,1,2031,1.1702
REGION1,SEA1PEK,DEMPWRGEO,1,2032,1.11
REGION1,SEA1PEK,DEMPWRGEO,1,2034,1.11
REGION1,SEA1PEK,DEMPWRGEO,1,2037,1.1702
REGION1,SEA1PEK,DEMPWRGEO,1,2038,1.11
REGION1,SEA2BAS,DEMPWRGEO,1,2018,1.11
REGION1,SEA2BAS,DEMPWRGEO,1,2019,1.11
REGION1,SEA2BAS,DEMPWRGEO,1,2020,1.11
REGION1,SEA2BAS,DEMPWRGEO,1,2021,1.11
REGION1,SEA2BAS,DEMPWRGEO,1,2022,1.1701
REGION1,SEA2BAS,DEMPWRGEO,1,2023,1.11
REGION1,SEA2BAS,DEMPWRGEO,1,2025,1.1701
REGION1,SEA2BAS,DEMPWRGEO,1,2026,1.1501
REGION1,SEA2BAS,DEMPWRGEO,1,2027,1.11
REGION1,SEA2BAS,DEMPWRGEO,1,2028,1.11
REGION1,SEA2BAS,DEMPWRGEO,1,2030,1.1702
REGION1,SEA2BAS,DEMPWRGEO,1,2031,1.11
REGION1,SEA2BAS,DEMPWRGEO,1,2032,1.11
REGION1,SEA2BAS,DEMPWRGEO,1,2033,1.11
REGION1,SEA2BAS,DEMPWRGEO,1,2035,1.1501
REGION1,SEA2BAS,DEMPWRGEO,1,2036,1.11
REGION1,SEA2BAS,DEMPWRGEO,1,2038,1.1501
REGION1,SEA2BAS,DEMPWRGEO,1,2039,1.11
REGION1,SEA2BAS,DEMPWRGEO,1,2040,1.11
REGION1,SEA2INT,DEMPWRGEO,1,2018,1.11
REGION1,SEA2INT,DEMPWRGEO,1,2019,1.11
REGION1,SEA2INT,DEMPWRGEO,1,2020,1.11
REGION1,SEA2INT,DEMPWRGEO,1,2022,1.11
REGION1,SEA2INT,DEMPWRGEO,1,2023,1.11
REGION1,SEA2INT,DEMPWRGEO,1,2024,1.11
REGION1,SEA2INT,DEMPWRGEO,1,2025,1.11
REGION1,SEA2INT,DEMPWRGEO,1,2029,1.1501
REGION1,SEA2INT,DEMPWRGEO,1,2032,1.11
REGION1,SEA2INT,DEMPWRGEO,1,2033,1.11
REGION1,SEA2INT,DEMPWRGEO,1,2034,1.1501
REGION1,SEA2INT,DEMPWRGEO,1,2035,1.1301
REGION1,SEA2INT,DEMPWRGEO,1,2037,1.11
REGION1,SEA2PEK,DEMPWRGEO,1,2018,1.11
REGION1,SEA2PEK,DEMPWRGEO,1,2019,1.11
REGION1,SEA2PEK,DEMPWRGEO,1,2020,1.11
REGION1,SEA2PEK,DEMPWRGEO,1,2022,1.11
REGION1,SEA2PEK,DEMPWRGEO,1,2023,1.11
REGION1,SEA2PEK,DEMPWRGEO,1,2024,1.11
REGION1,SEA2PEK,DEMPWRGEO,1,2025,1.11
REGION1,SEA2PEK,DEMPWRGEO,1,2026,1.11
REGION1,SEA2PEK,DEMPWRGEO,1,2027,1.1501
REGION1,SEA2PEK,DEMPWRGEO,1,2028,1.1501
REGION1,SEA2PEK,DEMPWRGEO,1,2029,1.11
REGION1,SEA2PEK,DEMPWRGEO,1,2031,1.11
REGION1,SEA2PEK,DEMPWRGEO,1,2032,1.11
REGION1,SEA2PEK,DEMPWRGEO,1,2033,1.11
REGION1,SEA2PEK,DEMPWRGEO,1,2034,1.11
REGION1,SEA2PEK,DEMPWRGEO,1,2035,1.11
REGION1,SEA2PEK,DEMPWRGEO,1,2037,1.11
REGION1,SEA1BAS,DEMPWRSOL,1,2020,1.17
REGION1,SEA1BAS,DEMPWRSOL,1,2021,1.1702
REGION1,SEA1BAS,DEMPWRSOL,1,2023,1.11
REGION1,SEA1BAS,DEMPWRSOL,1,2027,1.11
REGION1,SEA1BAS,DEMPWRSOL,1,2028,1.11
REGION1,SEA1BAS,DEMPWRSOL,1,2030,1.11
REGION1,SEA1BAS,DEMPWRSOL,1,2036,1.1702
REGION1,SEA1BAS,DEMPWRSOL,1,2038,1.1301
REGION1,SEA1INT,DEMPWRSOL,1,2022,1.11
REGION1,SEA1INT,DEMPWRSOL,1,2025,1.11
REGION1,SEA1INT,DEMPWRSOL,1,2026,1.11
REGION1,SEA1INT,DEMPWRSOL,1,2029,1.11
REGION1,SEA1INT,DEMPWRSOL,1,2031,1.11
REGION1,SEA1INT,DEMPWRSOL,1,2032,1.11
REGION1,SEA1INT,DEMPWRSOL,1,2033,1.11
REGION1,SEA1INT,DEMPWRSOL,1,2034,1.11
REGION1,SEA1INT,DEMPWRSOL,1,2035,1.11
REGION1,SEA1INT,DEMPWRSOL,1,2036,1.11
REGION1,SEA1INT,DEMPWRSOL,1,2037,1.11
REGION1,SEA1INT,DEMPWRSOL,1,2039,1.11
REGION1,SEA1INT,DEMPWRSOL,1,2040,1.11
REGION1,SEA1PEK,DEMPWRSOL,1,2021,1.11
REGION1,SEA1PEK,DEMPWRSOL,1,2023,1.11
REGION1,SEA1PEK,DEMPWRSOL,1,2024,1.11
REGION1,SEA2BAS,DEMPWRSOL,1,2029,1.11
REGION1,SEA2BAS,DEMPWRSOL,1,2034,1.11
REGION1,SEA2INT,DEMPWRSOL,1,2021,1.11
REGION1,SEA2INT,DEMPWRSOL,1,2026,1.11
REGION1,SEA2INT,DEMPWRSOL,1,2027,1.11
REGION1,SEA2INT,DEMPWRSOL,1,2028,1.11
REGION1,SEA2INT,DEMPWRSOL,1,2030,1.11
REGION1,SEA2INT,DEMPWRSOL,1,2031,1.11
REGION1,SEA2INT,DEMPWRSOL,1,2036,1.11
REGION1,SEA2INT,DEMPWRSOL,1,2038,1.11
REGION1,SEA2INT,DEMPWRSOL,1,2039,1.11
REGION1,SEA2INT,DEMPWRSOL,1,2040,1.11
REGION1,SEA1BAS,DEMPWRSURPHL_VI,1,2018,0.0048
REGION1,SEA1BAS,DEMPWRSURPHL_VI,1,2019,0.0048
REGION1,SEA1BAS,DEMPWRSURPHL_VI,1,2022,0.0046
REGION1,SEA1BAS,DEMPWRSURPHL_VI,1,2024,0.0048
REGION1,SEA1BAS,DEMPWRSURPHL_VI,1,2025,0.0046
REGION1,SEA1BAS,DEMPWRSURPHL_VI,1,2026,0.0046
REGION1,SEA1BAS,DEMPWRSURPHL_VI,1,2029,0.0046
REGION1,SEA1BAS,DEMPWRSURPHL_VI,1,2031,0.0046
REGION1,SEA1BAS,DEMPWRSURPHL_VI,1,2032,0.0048
REGION1,SEA1BAS,DEMPWRSURPHL_VI,1,2033,0.0048
REGION1,SEA1BAS,DEMPWRSURPHL_VI,1,2035,14.7172
REGION1,SEA1BAS,DEMPWRSURPHL_VI,1,2037,0.0046
REGION1,SEA1BAS,DEMPWRSURPHL_VI,1,2039,0.0048
REGION1,SEA1BAS,DEMPWRSURPHL_VI,1,2040,0.0048
REGION1,SEA1INT,DEMPWRSURPHL_VI,1,2018,0.0046
REGION1,SEA1INT,DEMPWRSURPHL_VI,1,2019,0.0046
REGION1,SEA1INT,DEMPWRSURPHL_VI,1,2020,0.0046
REGION1,SEA1INT,DEMPWRSURPHL_VI,1,2021,0.0046
REGION1,SEA1INT,DEMPWRSURPHL_VI,1,2023,0.0048
REGION1,SEA1INT,DEMPWRSURPHL_VI,1,2028,0.0046
REGION1,SEA1INT,DEMPWRSURPHL_VI,1,2030,0.0046
REGION1,SEA1PEK,DEMPWRSURPHL_VI,1,2018,0.0046
REGION1,SEA1PEK,DEMPWRSURPHL_VI,1,2019,0.0046
REGION1,SEA1PEK,DEMPWRSURPHL_VI,1,2020,0.0046
REGION1,SEA1PEK,DEMPWRSURPHL_VI,1,2026,0.0046
REGION1,SEA1PEK,DEMPWRSURPHL_VI,1,2027,0.0046
REGION1,SEA1PEK,DEMPWRSURPHL_VI,1,2028,0.0046
REGION1,SEA1PEK,DEMPWRSURPHL_VI,1,2029,0.0046
REGION1,SEA1PEK,DEMPWRSURPHL_VI,1,2031,0.0048
REGION1,SEA1PEK,DEMPWRSURPHL_VI,1,2032,0.0046
REGION1,SEA1PEK,DEMPWRSURPHL_VI,1,2034,0.0046
REGION1,SEA1PEK,DEMPWRSURPHL_VI,1,2037,0.0048
REGION1,SEA1PEK,DEMPWRSURPHL_VI,1,2038,0.0046
REGION1,SEA2BAS,DEMPWRSURPHL_VI,1,2018,0.0046
REGION1,SEA2BAS,DEMPWRSURPHL_VI,1,2019,0.0046
REGION1,SEA2BAS,DEMPWRSURPHL_VI,1,2020,0.0046
REGION1,SEA2BAS,DEMPWRSURPHL_VI,1,2021,0.0046
REGION1,SEA2BAS,DEMPWRSURPHL_VI,1,2022,0.0048
REGION1,SEA2BAS,DEMPWRSURPHL_VI,1,2023,0.0046
REGION1,SEA2BAS,DEMPWRSURPHL_VI,1,2025,0.0048
REGION1,SEA2BAS,DEMPWRSURPHL_VI,1,2026,0.0047
REGION1,SEA2BAS,DEMPWRSURPHL_VI,1,2027,0.0046
REGION1,SEA2BAS,DEMPWRSURPHL_VI,1,2028,0.0046
REGION1,SEA2BAS,DEMPWRSURPHL_VI,1,2030,0.0048
REGION1,SEA2BAS,DEMPWRSURPHL_VI,1,2031,0.0046
REGION1,SEA2BAS,DEMPWRSURPHL_VI,1,2032,0.0046
REGION1,SEA2BAS,DEMPWRSURPHL_VI,1,2033,0.0046
REGION1,SEA2BAS,DEMPWRSURPHL_VI,1,2035,0.0047
REGION1,SEA2BAS,DEMPWRSURPHL_VI,1,2036,0.0046
REGION1,SEA2BAS,DEMPWRSURPHL_VI,1,2038,0.0047
REGION1,SEA2BAS,DEMPWRSURPHL_VI,1,2039,0.0046
REGION1,SEA2BAS,DEMPWRSURPHL_VI,1,2040,0.0046
REGION1,SEA2INT,DEMPWRSURPHL_VI,1,2018,0.0046
REGION1,SEA2INT,DEMPWRSURPHL_VI,1,2019,0.0046
REGION1,SEA2INT,DEMPWRSURPHL_VI,1,2020,0.0046
REGION1,SEA2INT,DEMPWRSURPHL_VI,1,2022,0.0046
REGION1,SEA2INT,DEMPWRSURPHL_VI,1,2023,0.0046
REGION1,SEA2INT,DEMPWRSURPHL_VI,1,2024,0.0046
REGION1,SEA2INT,DEMPWRSURPHL_VI,1,2025,0.0046
REGION1,SEA2INT,DEMPWRSURPHL_VI,1,2029,0.0047
REGION1,SEA2INT,DEMPWRSURPHL_VI,1,2032,0.0046
REGION1,SEA2INT,DEMPWRSURPHL_VI,1,2033,0.0046
REGION1,SEA2INT,DEMPWRSURPHL_VI,1,2034,0.0047
REGION1,SEA2INT,DEMPWRSURPHL_VI,1,2035,0.0046
REGION1,SEA2INT,DEMPWRSURPHL_VI,1,2037,0.0046
REGION1,SEA2PEK,DEMPWRSURPHL_VI,1,2018,14.7172
REGION1,SEA2PEK,DEMPWRSURPHL_VI,1,2019,0.0046
REGION1,SEA2PEK,DEMPWRSURPHL_VI,1,2020,0.0046
REGION1,SEA2PEK,DEMPWRSURPHL_VI,1,2022,0.0046
REGION1,SEA2PEK,DEMPWRSURPHL_VI,1,2023,0.0046
REGION1,SEA2PEK,DEMPWRSURPHL_VI,1,2024,0.0046
REGION1,SEA2PEK,DEMPWRSURPHL_VI,1,2025,0.0046
REGION1,SEA2PEK,DEMPWRSURPHL_VI,1,2026,0.0046
REGION1,SEA2PEK,DEMPWRSURPHL_VI,1,2027,0.0047
REGION1,SEA2PEK,DEMPWRSURPHL_VI,1,2028,0.0047
REGION1,SEA2PEK,DEMPWRSURPHL_VI,1,2029,0.0046
REGION1,SEA2PEK,DEMPWRSURPHL_VI,1,2031,0.0046
REGION1,SEA2PEK,DEMPWRSURPHL_VI,1,2032,0.0046
REGION1,SEA2PEK,DEMPWRSURPHL_VI,1,2033,0.0046
REGION1,SEA2PEK,DEMPWRSURPHL_VI,1,2034,0.0046
REGION1,SEA2PEK,DEMPWRSURPHL_VI,1,2035,16.9567
REGION1,SEA2PEK,DEMPWRSURPHL_VI,1,2037,0.0046
REGION1,SEA1BAS,DEMPWRWND,1,2034,1.1301
REGION1,SEA1INT,DEMPWRWND,1,2024,1.11
REGION1,SEA1INT,DEMPWRWND,1,2027,1.11
REGION1,SEA1INT,DEMPWRWND,1,2038,1.11
REGION1,SEA1PEK,DEMPWRWND,1,2022,1.11
REGION1,SEA1PEK,DEMPWRWND,1,2025,1.11
REGION1,SEA1PEK,DEMPWRWND,1,2030,1.11
REGION1,SEA1PEK,DEMPWRWND,1,2033,1.11
REGION1,SEA1PEK,DEMPWRWND,1,2035,1.11
REGION1,SEA1PEK,DEMPWRWND,1,2036,1.11
REGION1,SEA1PEK,DEMPWRWND,1,2039,1.11
REGION1,SEA1PEK,DEMPWRWND,1,2040,1.11
REGION1,SEA2BAS,DEMPWRWND,1,2024,1.11
REGION1,SEA2BAS,DEMPWRWND,1,2037,1.11
REGION1,SEA2PEK,DEMPWRWND,1,2021,1.11
REGION1,SEA2PEK,DEMPWRWND,1,2030,1.11
REGION1,SEA2PEK,DEMPWRWND,1,2036,1.11
REGION1,SEA2PEK,DEMPWRWND,1,2038,1.11
REGION1,SEA2PEK,DEMPWRWND,1,2039,1.11
REGION1,SEA2PEK,DEMPWRWND,1,2040,1.11
REGION1,SEA1BAS,DEMTRABGS,1,2018,6.0
REGION1,SEA1BAS,DEMTRABGS,1,2019,6.0
REGION1,SEA1BAS,DEMTRABGS,1,2020,6.0
REGION1,SEA1BAS,DEMTRABGS,1,2021,6.0
REGION1,SEA1BAS,DEMTRABGS,1,2024,6.0
REGION1,SEA1BAS,DEMTRABGS,1,2026,6.0
REGION1,SEA1BAS,DEMTRABGS,1,2032,6.0
REGION1,SEA1BAS,DEMTRABGS,1,2033,6.0
REGION1,SEA1BAS,DEMTRABGS,1,2034,6.0
REGION1,SEA1BAS,DEMTRABGS,1,2036,6.0
REGION1,SEA1BAS,DEMTRABGS,1,2038,6.0
REGION1,SEA1BAS,DEMTRABGS,1,2039,6.0
REGION1,SEA1BAS,DEMTRABGS,1,2040,6.0
REGION1,SEA1INT,DEMTRABGS,1,2023,5.9912
REGION1,SEA1PEK,DEMTRABGS,1,2027,6.0
REGION1,SEA1PEK,DEMTRABGS,1,2028,6.0
REGION1,SEA1PEK,DEMTRABGS,1,2029,6.0
REGION1,SEA1PEK,DEMTRABGS,1,2031,6.0
REGION1,SEA1PEK,DEMTRABGS,1,2037,6.0
REGION1,SEA2BAS,DEMTRABGS,1,2022,5.9912
REGION1,SEA2BAS,DEMTRABGS,1,2023,0.0088
REGION1,SEA2BAS,DEMTRABGS,1,2025,6.0
REGION1,SEA2BAS,DEMTRABGS,1,2030,6.0
REGION1,SEA2INT,DEMTRABGS,1,2022,0.0088
REGION1,SEA2INT,DEMTRABGS,1,2035,6.0
REGION1,SEA1BAS,DEMTRABMX,1,2018,6.0
REGION1,SEA1BAS,DEMTRABMX,1,2019,6.0
REGION1,SEA1BAS,DEMTRABMX,1,2020,6.0
REGION1,SEA1BAS,DEMTRABMX,1,2021,6.0
REGION1,SEA1BAS,DEMTRABMX,1,2022,6.0
REGION1,SEA1BAS,DEMTRABMX,1,2023,6.0
REGION1,SEA1BAS,DEMTRABMX,1,2024,6.0
REGION1,SEA1BAS,DEMTRABMX,1,2025,6.0
REGION1,SEA1BAS,DEMTRABMX,1,2027,6.0
REGION1,SEA1BAS,DEMTRABMX,1,2028,6.0
REGION1,SEA1BAS,DEMTRABMX,1,2029,6.0
REGION1,SEA1BAS,DEMTRABMX,1,2030,6.0
REGION1,SEA1BAS,DEMTRABMX,1,2033,6.0
REGION1,SEA1BAS,DEMTRABMX,1,2034,6.0
REGION1,SEA1BAS,DEMTRABMX,1,2038,6.0
REGION1,SEA1BAS,DEMTRABMX,1,2039,6.0
REGION1,SEA1BAS,DEMTRABMX,1,2040,6.0
REGION1,SEA1PEK,DEMTRABMX,1,2031,6.0
REGION1,SEA1PEK,DEMTRABMX,1,2032,6.0
REGION1,SEA1PEK,DEMTRABMX,1,2037,6.0
REGION1,SEA2BAS,DEMTRABMX,1,2026,6.0
REGION1,SEA2BAS,DEMTRABMX,1,2035,6.0
REGION1,SEA2BAS,DEMTRABMX,1,2036,6.0
REGION1,SEA1BAS,IMPDSL,1,2018,17.4001
REGION1,SEA1BAS,IMPDSL,1,2019,17.4001
REGION1,SEA1BAS,IMPDSL,1,2020,17.4001
REGION1,SEA1BAS,IMPDSL,1,2021,17.4001
REGION1,SEA1BAS,IMPDSL,1,2022,17.4001
REGION1,SEA1BAS,IMPDSL,1,2023,11.4
REGION1,SEA1BAS,IMPDSL,1,2024,11.4
REGION1,SEA1BAS,IMPDSL,1,2025,17.4001
REGION1,SEA1BAS,IMPDSL,1,2026,12.0
REGION1,SEA1BAS,IMPDSL,1,2027,17.4001
REGION1,SEA1BAS,IMPDSL,1,2028,17.4001
REGION1,SEA1BAS,IMPDSL,1,2029,17.4001
REGION1,SEA1BAS,IMPDSL,1,2030,11.4
REGION1,SEA1BAS,IMPDSL,1,2031,12.0
REGION1,SEA1BAS,IMPDSL,1,2032,12.0
REGION1,SEA1BAS,IMPDSL,1,2033,17.4001
REGION1,SEA1BAS,IMPDSL,1,2034,17.4001
REGION1,SEA1BAS,IMPDSL,1,2035,6.0
REGION1,SEA1BAS,IMPDSL,1,2036,12.0
REGION1,SEA1BAS,IMPDSL,1,2037,12.0
REGION1,SEA1BAS,IMPDSL,1,2038,17.4001
REGION1,SEA1BAS,IMPDSL,1,2039,11.4
REGION1,SEA1BAS,IMPDSL,1,2040,11.4
REGION1,SEA1INT,IMPDSL,1,2024,6.0
REGION1,SEA1INT,IMPDSL,1,2039,6.0
REGION1,SEA1PEK,IMPDSL,1,2031,5.4
REGION1,SEA1PEK,IMPDSL,1,2032,5.4
REGION1,SEA1PEK,IMPDSL,1,2037,5.4
REGION1,SEA2BAS,IMPDSL,1,2026,5.4
REGION1,SEA2BAS,IMPDSL,1,2035,11.4
REGION1,SEA2BAS,IMPDSL,1,2036,5.4
REGION1,SEA2PEK,IMPDSL,1,2023,6.0
REGION1,SEA2PEK,IMPDSL,1,2030,6.0
REGION1,SEA2PEK,IMPDSL,1,2040,6.0
REGION1,SEA1BAS,IMPGSL,1,2018,5.4
REGION1,SEA1BAS,IMPGSL,1,2019,5.4
REGION1,SEA1BAS,IMPGSL,1,2020,5.4
REGION1,SEA1BAS,IMPGSL,1,2021,5.4
REGION1,SEA1BAS,IMPGSL,1,2024,5.4
REGION1,SEA1BAS,IMPGSL,1,2026,5.4
REGION1,SEA1BAS,IMPGSL,1,2032,5.4
REGION1,SEA1BAS,IMPGSL,1,2033,5.4
REGION1,SEA1BAS,IMPGSL,1,2034,5.4
REGION1,SEA1BAS,IMPGSL,1,2036,5.4
REGION1,SEA1BAS,IMPGSL,1,2038,5.4
REGION1,SEA1BAS,IMPGSL,1,2039,5.4
REGION1,SEA1BAS,IMPGSL,1,2040,5.4
REGION1,SEA1INT,IMPGSL,1,2023,5.3921
REGION1,SEA1PEK,IMPGSL,1,2027,5.4
REGION1,SEA1PEK,IMPGSL,1,2028,5.4
REGION1,SEA1PEK,IMPGSL,1,2029,5.4
REGION1,SEA1PEK,IMPGSL,1,2031,5.4
REGION1,SEA1PEK,IMPGSL,1,2037,5.4
REGION1,SEA2BAS,IMPGSL,1,2022,5.3921
REGION1,SEA2BAS,IMPGSL,1,2023,0.0079
REGION1,SEA2BAS,IMPGSL,1,2025,5.4
REGION1,SEA2BAS,IMPGSL,1,2030,5.4
REGION1,SEA2INT,IMPGSL,1,2022,0.0079
REGION1,SEA2INT,IMPGSL,1,2035,5.4
REGION1,SEA1BAS,LNDAGRPHL_VIC01,16,2018,10.0953
REGION1,SEA1BAS,LNDAGRPHL_VIC01,3,2018,18.7501
REGION1,SEA1BAS,LNDAGRPHL_VIC01,16,2019,10.1124
REGION1,SEA1BAS,LNDAGRPHL_VIC01,3,2019,18.7501
REGION1,SEA1BAS,LNDAGRPHL_VIC01,8,2019,11.3073
REGION1,SEA1BAS,LNDAGRPHL_VIC01,16,2020,10.0839
REGION1,SEA1BAS,LNDAGRPHL_VIC01,3,2020,18.7501
REGION1,SEA1BAS,LNDAGRPHL_VIC01,8,2020,11.3208
REGION1,SEA1BAS,LNDAGRPHL_VIC01,13,2020,13.0435
REGION1,SEA1BAS,LNDAGRPHL_VIC01,16,2021,10.1124
REGION1,SEA1BAS,LNDAGRPHL_VIC01,3,2021,18.7501
REGION1,SEA1BAS,LNDAGRPHL_VIC01,3,2022,18.7501
REGION1,SEA1BAS,LNDAGRPHL_VIC01,8,2022,11.3208
REGION1,SEA1BAS,LNDAGRPHL_VIC01,3,2023,6.25
REGION1,SEA1BAS,LNDAGRPHL_VIC01,13,2023,13.0435
REGION1,SEA1BAS,LNDAGRPHL_VIC01,16,2024,10.1124
REGION1,SEA1BAS,LNDAGRPHL_VIC01,3,2024,6.25
REGION1,SEA1BAS,LNDAGRPHL_VIC01,13,2024,13.0435
REGION1,SEA1BAS,LNDAGRPHL_VIC01,3,2025,18.7501
REGION1,SEA1BAS,LNDAGRPHL_VIC01,8,2025,11.3208
REGION1,SEA1BAS,LNDAGRPHL_VIC01,16,2026,3.3708
REGION1,SEA1BAS,LNDAGRPHL_VIC01,13,2026,13.0435
REGION1,SEA1BAS,LNDAGRPHL_VIC01,3,2027,18.7501
REGION1,SEA1BAS,LNDAGRPHL_VIC01,3,2028,18.7501
REGION1,SEA1BAS,LNDAGRPHL_VIC01,13,2028,13.0435
REGION1,SEA1BAS,LNDAGRPHL_VIC01,3,2029,18.7501
REGION1,SEA1BAS,LNDAGRPHL_VIC01,8,2029,11.3208
REGION1,SEA1BAS,LNDAGRPHL_VIC01,3,2030,18.7501
REGION1,SEA1BAS,LNDAGRPHL_VIC01,13,2030,13.0435
REGION1,SEA1BAS,LNDAGRPHL_VIC01,13,2031,13.0435
REGION1,SEA1BAS,LNDAGRPHL_VIC01,16,2032,10.1124
REGION1,SEA1BAS,LNDAGRPHL_VIC01,13,2032,13.0435
REGION1,SEA1BAS,LNDAGRPHL_VIC01,16,2033,10.1124
REGION1,SEA1BAS,LNDAGRPHL_VIC01,3,2033,18.7501
REGION1,SEA1BAS,LNDAGRPHL_VIC01,13,2033,13.0435
REGION1,SEA1BAS,LNDAGRPHL_VIC01,16,2034,3.3708
REGION1,SEA1BAS,LNDAGRPHL_VIC01,3,2034,18.7501
REGION1,SEA1BAS,LNDAGRPHL_VIC01,13,2034,13.0435
REGION1,SEA1BAS,LNDAGRPHL_VIC01,8,2035,11.3208
REGION1,SEA1BAS,LNDAGRPHL_VIC01,16,2036,10.1124
REGION1,SEA1BAS,LNDAGRPHL_VIC01,13,2036,13.0435
REGION1,SEA1BAS,LNDAGRPHL_VIC01,13,2037,13.0435
REGION1,SEA1BAS,LNDAGRPHL_VIC01,16,2038,3.3708
REGION1,SEA1BAS,LNDAGRPHL_VIC01,3,2038,6.25
REGION1,SEA1BAS,LNDAGRPHL_VIC01,13,2038,13.0435
REGION1,SEA1BAS,LNDAGRPHL_VIC01,16,2039,10.1124
REGION1,SEA1BAS,LNDAGRPHL_VIC01,3,2039,6.25
REGION1,SEA1BAS,LNDAGRPHL_VIC01,13,2039,13.0435
REGION1,SEA1BAS,LNDAGRPHL_VIC01,16,2040,10.1124
REGION1,SEA1BAS,LNDAGRPHL_VIC01,3,2040,6.25
REGION1,SEA1BAS,LNDAGRPHL_VIC01,13,2040,13.0435
REGION1,SEA1INT,LNDAGRPHL_VIC01,13,2018,13.0435
REGION1,SEA1INT,LNDAGRPHL_VIC01,8,2019,0.0034
REGION1,SEA1INT,LNDAGRPHL_VIC01,16,2020,0.0057
REGION1,SEA1INT,LNDAGRPHL_VIC01,13,2021,13.0435
REGION1,SEA1INT,LNDAGRPHL_VIC01,13,2022,13.0435
REGION1,SEA1INT,LNDAGRPHL_VIC01,16,2023,10.1018
REGION1,SEA1INT,LNDAGRPHL_VIC01,13,2025,13.0435
REGION1,SEA1INT,LNDAGRPHL_VIC01,13,2027,13.0435
REGION1,SEA1INT,LNDAGRPHL_VIC01,8,2028,11.3208
REGION1,SEA1INT,LNDAGRPHL_VIC01,13,2029,13.0435
REGION1,SEA1INT,LNDAGRPHL_VIC01,8,2030,11.3208
REGION1,SEA1PEK,LNDAGRPHL_VIC01,16,2018,0.0057
REGION1,SEA1PEK,LNDAGRPHL_VIC01,13,2019,13.0435
REGION1,SEA1PEK,LNDAGRPHL_VIC01,16,2020,0.0057
REGION1,SEA1PEK,LNDAGRPHL_VIC01,8,2026,0.0034
REGION1,SEA1PEK,LNDAGRPHL_VIC01,16,2027,3.3708
REGION1,SEA1PEK,LNDAGRPHL_VIC01,16,2028,3.3708
REGION1,SEA1PEK,LNDAGRPHL_VIC01,16,2029,3.3708
REGION1,SEA1PEK,LNDAGRPHL_VIC01,16,2031,10.1124
REGION1,SEA1PEK,LNDAGRPHL_VIC01,3,2031,18.7501
REGION1,SEA1PEK,LNDAGRPHL_VIC01,8,2031,11.314
REGION1,SEA1PEK,LNDAGRPHL_VIC01,3,2032,18.7501
REGION1,SEA1PEK,LNDAGRPHL_VIC01,8,2032,11.3107
REGION1,SEA1PEK,LNDAGRPHL_VIC01,8,2034,11.3208
REGION1,SEA1PEK,LNDAGRPHL_VIC01,16,2037,10.1124
REGION1,SEA1PEK,LNDAGRPHL_VIC01,3,2037,18.7501
REGION1,SEA1PEK,LNDAGRPHL_VIC01,8,2037,11.314
REGION1,SEA1PEK,LNDAGRPHL_VIC01,8,2038,11.3208
REGION1,SEA2BAS,LNDAGRPHL_VIC01,16,2018,0.0057
REGION1,SEA2BAS,LNDAGRPHL_VIC01,8,2019,0.0034
REGION1,SEA2BAS,LNDAGRPHL_VIC01,16,2020,0.0057
REGION1,SEA2BAS,LNDAGRPHL_VIC01,8,2021,11.3208
REGION1,SEA2BAS,LNDAGRPHL_VIC01,16,2022,10.1018
REGION1,SEA2BAS,LNDAGRPHL_VIC01,18,2023,0.0058
REGION1,SEA2BAS,LNDAGRPHL_VIC01,16,2025,10.1018
REGION1,SEA2BAS,LNDAGRPHL_VIC01,16,2026,6.7416
REGION1,SEA2BAS,LNDAGRPHL_VIC01,3,2026,18.7501
REGION1,SEA2BAS,LNDAGRPHL_VIC01,8,2026,11.314
REGION1,SEA2BAS,LNDAGRPHL_VIC01,8,2027,11.3208
REGION1,SEA2BAS,LNDAGRPHL_VIC01,18,2028,0.0058
REGION1,SEA2BAS,LNDAGRPHL_VIC01,16,2030,10.1124
REGION1,SEA2BAS,LNDAGRPHL_VIC01,8,2031,0.0034
REGION1,SEA2BAS,LNDAGRPHL_VIC01,8,2032,0.0034
REGION1,SEA2BAS,LNDAGRPHL_VIC01,8,2033,11.314
REGION1,SEA2BAS,LNDAGRPHL_VIC01,16,2035,6.7416
REGION1,SEA2BAS,LNDAGRPHL_VIC01,3,2035,18.7501
REGION1,SEA2BAS,LNDAGRPHL_VIC01,3,2036,18.7501
REGION1,SEA2BAS,LNDAGRPHL_VIC01,8,2036,11.3208
REGION1,SEA2BAS,LNDAGRPHL_VIC01,16,2038,6.7416
REGION1,SEA2BAS,LNDAGRPHL_VIC01,3,2038,12.5
REGION1,SEA2BAS,LNDAGRPHL_VIC01,3,2039,12.5
REGION1,SEA2BAS,LNDAGRPHL_VIC01,8,2039,11.3208
REGION1,SEA2BAS,LNDAGRPHL_VIC01,3,2040,12.5
REGION1,SEA2BAS,LNDAGRPHL_VIC01,8,2040,11.3208
REGION1,SEA2INT,LNDAGRPHL_VIC01,16,2018,0.0057
REGION1,SEA2INT,LNDAGRPHL_VIC01,8,2019,0.0034
REGION1,SEA2INT,LNDAGRPHL_VIC01,16,2020,0.0057
REGION1,SEA2INT,LNDAGRPHL_VIC01,18,2022,0.0058
REGION1,SEA2INT,LNDAGRPHL_VIC01,16,2023,0.0057
REGION1,SEA2INT,LNDAGRPHL_VIC01,8,2024,0.0034
REGION1,SEA2INT,LNDAGRPHL_VIC01,18,2025,0.0058
REGION1,SEA2INT,LNDAGRPHL_VIC01,16,2029,6.7359
REGION1,SEA2INT,LNDAGRPHL_VIC01,8,2032,0.0034
REGION1,SEA2INT,LNDAGRPHL_VIC01,8,2033,0.0034
REGION1,SEA2INT,LNDAGRPHL_VIC01,16,2034,6.7359
REGION1,SEA2INT,LNDAGRPHL_VIC01,16,2035,3.3708
REGION1,SEA2INT,LNDAGRPHL_VIC01,8,2037,0.0034
REGION1,SEA2PEK,LNDAGRPHL_VIC01,8,2018,11.3208
REGION1,SEA2PEK,LNDAGRPHL_VIC01,8,2019,0.0034
REGION1,SEA2PEK,LNDAGRPHL_VIC01,16,2020,0.0057
REGION1,SEA2PEK,LNDAGRPHL_VIC01,16,2022,0.0057
REGION1,SEA2PEK,LNDAGRPHL_VIC01,3,2023,12.5
REGION1,SEA2PEK,LNDAGRPHL_VIC01,8,2023,11.3208
REGION1,SEA2PEK,LNDAGRPHL_VIC01,3,2024,12.5
REGION1,SEA2PEK,LNDAGRPHL_VIC01,8,2024,11.3174
REGION1,SEA2PEK,LNDAGRPHL_VIC01,16,2025,0.0057
REGION1,SEA2PEK,LNDAGRPHL_VIC01,8,2026,0.0034
REGION1,SEA2PEK,LNDAGRPHL_VIC01,16,2027,6.7416
REGION1,SEA2PEK,LNDAGRPHL_VIC01,16,2028,6.7367
REGION1,SEA2PEK,LNDAGRPHL_VIC01,16,2029,0.0057
REGION1,SEA2PEK,LNDAGRPHL_VIC01,8,2031,0.0034
REGION1,SEA2PEK,LNDAGRPHL_VIC01,8,2032,0.0034
REGION1,SEA2PEK,LNDAGRPHL_VIC01,8,2033,0.0034
REGION1,SEA2PEK,LNDAGRPHL_VIC01,16,2034,0.0057
REGION1,SEA2PEK,LNDAGRPHL_VIC01,13,2035,13.0435
REGION1,SEA2PEK,LNDAGRPHL_VIC01,8,2037,0.0034
REGION1,SEA1BAS,LNDCONHRPHL_VI,1,2018,18.7501
REGION1,SEA1BAS,LNDCONHRPHL_VI,1,2019,18.7501
REGION1,SEA1BAS,LNDCONHRPHL_VI,1,2020,18.7501
REGION1,SEA1BAS,LNDCONHRPHL_VI,1,2021,18.7501
REGION1,SEA1BAS,LNDCONHRPHL_VI,1,2022,18.7501
REGION1,SEA1BAS,LNDCONHRPHL_VI,1,2023,6.25
REGION1,SEA1BAS,LNDCONHRPHL_VI,1,2024,6.25
REGION1,SEA1BAS,LNDCONHRPHL_VI,1,2025,18.7501
REGION1,SEA1BAS,LNDCONHRPHL_VI,1,2027,18.7501
REGION1,SEA1BAS,LNDCONHRPHL_VI,1,2028,18.7501
REGION1,SEA1BAS,LNDCONHRPHL_VI,1,2029,18.7501
REGION1,SEA1BAS,LNDCONHRPHL_VI,1,2030,18.7501
REGION1,SEA1BAS,LNDCONHRPHL_VI,1,2033,18.7501
REGION1,SEA1BAS,LNDCONHRPHL_VI,1,2034,18.7501
REGION1,SEA1BAS,LNDCONHRPHL_VI,1,2038,6.25
REGION1,SEA1BAS,LNDCONHRPHL_VI,1,2039,6.25
REGION1,SEA1BAS,LNDCONHRPHL_VI,1,2040,6.25
REGION1,SEA1PEK,LNDCONHRPHL_VI,1,2031,18.7501
REGION1,SEA1PEK,LNDCONHRPHL_VI,1,2032,18.7501
REGION1,SEA1PEK,LNDCONHRPHL_VI,1,2037,18.7501
REGION1,SEA2BAS,LNDCONHRPHL_VI,1,2026,18.7501
REGION1,SEA2BAS,LNDCONHRPHL_VI,1,2035,18.7501
REGION1,SEA2BAS,LNDCONHRPHL_VI,1,2036,18.7501
REGION1,SEA2BAS,LNDCONHRPHL_VI,1,2038,12.5
REGION1,SEA2BAS,LNDCONHRPHL_VI,1,2039,12.5
REGION1,SEA2BAS,LNDCONHRPHL_VI,1,2040,12.5
REGION1,SEA2PEK,LNDCONHRPHL_VI,1,2023,12.5
REGION1,SEA2PEK,LNDCONHRPHL_VI,1,2024,12.5
REGION1,SEA1BAS,LNDMAIHRPHL_VI,1,2019,11.3073
REGION1,SEA1BAS,LNDMAIHRPHL_VI,1,2020,11.3208
REGION1,SEA1BAS,LNDMAIHRPHL_VI,1,2022,11.3208
REGION1,SEA1BAS,LNDMAIHRPHL_VI,1,2025,11.3208
REGION1,SEA1BAS,LNDMAIHRPHL_VI,1,2029,11.3208
REGION1,SEA1BAS,LNDMAIHRPHL_VI,1,2035,11.3208
REGION1,SEA1INT,LNDMAIHRPHL_VI,1,2019,0.0034
REGION1,SEA1INT,LNDMAIHRPHL_VI,1,2028,11.3208
REGION1,SEA1INT,LNDMAIHRPHL_VI,1,2030,11.3208
REGION1,SEA1PEK,LNDMAIHRPHL_VI,1,2026,0.0034
REGION1,SEA1PEK,LNDMAIHRPHL_VI,1,2031,11.314
REGION1,SEA1PEK,LNDMAIHRPHL_VI,1,2032,11.3107
REGION1,SEA1PEK,LNDMAIHRPHL_VI,1,2034,11.3208
REGION1,SEA1PEK,LNDMAIHRPHL_VI,1,2037,11.314
REGION1,SEA1PEK,LNDMAIHRPHL_VI,1,2038,11.3208
REGION1,SEA2BAS,LNDMAIHRPHL_VI,1,2019,0.0034
REGION1,SEA2BAS,LNDMAIHRPHL_VI,1,2021,11.3208
REGION1,SEA2BAS,LNDMAIHRPHL_VI,1,2026,11.314
REGION1,SEA2BAS,LNDMAIHRPHL_VI,1,2027,11.3208
REGION1,SEA2BAS,LNDMAIHRPHL_VI,1,2031,0.0034
REGION1,SEA2BAS,LNDMAIHRPHL_VI,1,2032,0.0034
REGION1,SEA2BAS,LNDMAIHRPHL_VI,1,2033,11.314
REGION1,SEA2BAS,LNDMAIHRPHL_VI,1,2036,11.3208
REGION1,SEA2BAS,LNDMAIHRPHL_VI,1,2039,11.3208
REGION1,SEA2BAS,LNDMAIHRPHL_VI,1,2040,11.3208
REGION1,SEA2INT,LNDMAIHRPHL_VI,1,2019,0.0034
REGION1,SEA2INT,LNDMAIHRPHL_VI,1,2024,0.0034
REGION1,SEA2INT,LNDMAIHRPHL_VI,1,2032,0.0034
REGION1,SEA2INT,LNDMAIHRPHL_VI,1,2033,0.0034
REGION1,SEA2INT,LNDMAIHRPHL_VI,1,2037,0.0034
REGION1,SEA2PEK,LNDMAIHRPHL_VI,1,2018,11.3208
REGION1,SEA2PEK,LNDMAIHRPHL_VI,1,2019,0.0034
REGION1,SEA2PEK,LNDMAIHRPHL_VI,1,2023,11.3208
REGION1,SEA2PEK,LNDMAIHRPHL_VI,1,2024,11.3174
REGION1,SEA2PEK,LNDMAIHRPHL_VI,1,2026,0.0034
REGION1,SEA2PEK,LNDMAIHRPHL_VI,1,2031,0.0034
REGION1,SEA2PEK,LNDMAIHRPHL_VI,1,2032,0.0034
REGION1,SEA2PEK,LNDMAIHRPHL_VI,1,2033,0.0034
REGION1,SEA2PEK,LNDMAIHRPHL_VI,1,2037,0.0034
REGION1,SEA1BAS,LNDRCDHRPHL_VI,1,2020,13.0435
REGION1,SEA1BAS,LNDRCDHRPHL_VI,1,2023,13.0435
REGION1,SEA1BAS,LNDRCDHRPHL_VI,1,2024,13.0435
REGION1,SEA1BAS,LNDRCDHRPHL_VI,1,2026,13.0435
REGION1,SEA1BAS,LNDRCDHRPHL_VI,1,2028,13.0435
REGION1,SEA1BAS,LNDRCDHRPHL_VI,1,2030,13.0435
REGION1,SEA1BAS,LNDRCDHRPHL_VI,1,2031,13.0435
REGION1,SEA1BAS,LNDRCDHRPHL_VI,1,2032,13.0435
REGION1,SEA1BAS,LNDRCDHRPHL_VI,1,2033,13.0435
REGION1,SEA1BAS,LNDRCDHRPHL_VI,1,2034,13.0435
REGION1,SEA1BAS,LNDRCDHRPHL_VI,1,2036,13.0435
REGION1,SEA1BAS,LNDRCDHRPHL_VI,1,2037,13.0435
REGION1,SEA1BAS,LNDRCDHRPHL_VI,1,2038,13.0435
REGION1,SEA1BAS,LNDRCDHRPHL_VI,1,2039,13.0435
REGION1,SEA1BAS,LNDRCDHRPHL_VI,1,2040,13.0435
REGION1,SEA1INT,LNDRCDHRPHL_VI,1,2018,13.0435
REGION1,SEA1INT,LNDRCDHRPHL_VI,1,2021,13.0435
REGION1,SEA1INT,LNDRCDHRPHL_VI,1,2022,13.0435
REGION1,SEA1INT,LNDRCDHRPHL_VI,1,2025,13.0435
REGION1,SEA1INT,LNDRCDHRPHL_VI,1,2027,13.0435
REGION1,SEA1INT,LNDRCDHRPHL_VI,1,2029,13.0435
REGION1,SEA1PEK,LNDRCDHRPHL_VI,1,2019,13.0435
REGION1,SEA2PEK,LNDRCDHRPHL_VI,1,2035,13.0435
REGION1,SEA1BAS,LNDSGCHIPHL_VI,1,2018,10.0953
REGION1,SEA1BAS,LNDSGCHIPHL_VI,1,2019,10.1124
REGION1,SEA1BAS,LNDSGCHIPHL_VI,1,2020,10.0839
REGION1,SEA1BAS,LNDSGCHIPHL_VI,1,2021,10.1124
REGION1,SEA1BAS,LNDSGCHIPHL_VI,1,2024,10.1124
REGION1,SEA1BAS,LNDSGCHIPHL_VI,1,2026,3.3708
REGION1,SEA1BAS,LNDSGCHIPHL_VI,1,2032,10.1124
REGION1,SEA1BAS,LNDSGCHIPHL_VI,1,2033,10.1124
REGION1,SEA1BAS,LNDSGCHIPHL_VI,1,2034,3.3708
REGION1,SEA1BAS,LNDSGCHIPHL_VI,1,2036,10.1124
REGION1,SEA1BAS,LNDSGCHIPHL_VI,1,2038,3.3708
REGION1,SEA1BAS,LNDSGCHIPHL_VI,1,2039,10.1124
REGION1,SEA1BAS,LNDSGCHIPHL_VI,1,2040,10.1124
REGION1,SEA1INT,LNDSGCHIPHL_VI,1,2020,0.0057
REGION1,SEA1INT,LNDSGCHIPHL_VI,1,2023,10.1018
REGION1,SEA1PEK,LNDSGCHIPHL_VI,1,2018,0.0057
REGION1,SEA1PEK,LNDSGCHIPHL_VI,1,2020,0.0057
REGION1,SEA1PEK,LNDSGCHIPHL_VI,1,2027,3.3708
REGION1,SEA1PEK,LNDSGCHIPHL_VI,1,2028,3.3708
REGION1,SEA1PEK,LNDSGCHIPHL_VI,1,2029,3.3708
REGION1,SEA1PEK,LNDSGCHIPHL_VI,1,2031,10.1124
REGION1,SEA1PEK,LNDSGCHIPHL_VI,1,2037,10.1124
REGION1,SEA2BAS,LNDSGCHIPHL_VI,1,2018,0.0057
REGION1,SEA2BAS,LNDSGCHIPHL_VI,1,2020,0.0057
REGION1,SEA2BAS,LNDSGCHIPHL_VI,1,2022,10.1018
REGION1,SEA2BAS,LNDSGCHIPHL_VI,1,2025,10.1018
REGION1,SEA2BAS,LNDSGCHIPHL_VI,1,2026,6.7416
REGION1,SEA2BAS,LNDSGCHIPHL_VI,1,2030,10.1124
REGION1,SEA2BAS,LNDSGCHIPHL_VI,1,2035,6.7416
REGION1,SEA2BAS,LNDSGCHIPHL_VI,1,2038,6.7416
REGION1,SEA2INT,LNDSGCHIPHL_VI,1,2018,0.0057
REGION1,SEA2INT,LNDSGCHIPHL_VI,1,2020,0.0057
REGION1,SEA2INT,LNDSGCHIPHL_VI,1,2023,0.0057
REGION1,SEA2INT,LNDSGCHIPHL_VI,1,2029,6.7359
REGION1,SEA2INT,LNDSGCHIPHL_VI,1,2034,6.7359
REGION1,SEA2INT,LNDSGCHIPHL_VI,1,2035,3.3708
REGION1,SEA2PEK,LNDSGCHIPHL_VI,1,2020,0.0057
REGION1,SEA2PEK,LNDSGCHIPHL_VI,1,2022,0.0057
REGION1,SEA2PEK,LNDSGCHIPHL_VI,1,2025,0.0057
REGION1,SEA2PEK,LNDSGCHIPHL_VI,1,2027,6.7416
REGION1,SEA2PEK,LNDSGCHIPHL_VI,1,2028,6.7367
REGION1,SEA2PEK,LNDSGCHIPHL_VI,1,2029,0.0057
REGION1,SEA2PEK,LNDSGCHIPHL_VI,1,2034,0.0057
REGION1,SEA2BAS,LNDSGCHRPHL_VI,1,2023,0.0058
REGION1,SEA2BAS,LNDSGCHRPHL_VI,1,2028,0.0058
REGION1,SEA2INT,LNDSGCHRPHL_VI,1,2022,0.0058
REGION1,SEA2INT,LNDSGCHRPHL_VI,1,2025,0.0058
REGION1,SEA1BAS,MINLNDPHL_VI,1,2018,28.8453
REGION1,SEA1BAS,MINLNDPHL_VI,1,2019,40.1698
REGION1,SEA1BAS,MINLNDPHL_VI,1,2020,53.1983
REGION1,SEA1BAS,MINLNDPHL_VI,1,2021,28.8625
REGION1,SEA1BAS,MINLNDPHL_VI,1,2022,30.0709
REGION1,SEA1BAS,MINLNDPHL_VI,1,2023,19.2936
REGION1,SEA1BAS,MINLNDPHL_VI,1,2024,29.406
REGION1,SEA1BAS,MINLNDPHL_VI,1,2025,30.0709
REGION1,SEA1BAS,MINLNDPHL_VI,1,2026,16.4143
REGION1,SEA1BAS,MINLNDPHL_VI,1,2027,18.7501
REGION1,SEA1BAS,MINLNDPHL_VI,1,2028,31.7936
REGION1,SEA1BAS,MINLNDPHL_VI,1,2029,30.0709
REGION1,SEA1BAS,MINLNDPHL_VI,1,2030,31.7936
REGION1,SEA1BAS,MINLNDPHL_VI,1,2031,13.0435
REGION1,SEA1BAS,MINLNDPHL_VI,1,2032,23.1559
REGION1,SEA1BAS,MINLNDPHL_VI,1,2033,41.906
REGION1,SEA1BAS,MINLNDPHL_VI,1,2034,35.1644
REGION1,SEA1BAS,MINLNDPHL_VI,1,2035,11.3208
REGION1,SEA1BAS,MINLNDPHL_VI,1,2036,23.1559
REGION1,SEA1BAS,MINLNDPHL_VI,1,2037,13.0435
REGION1,SEA1BAS,MINLNDPHL_VI,1,2038,22.6644
REGION1,SEA1BAS,MINLNDPHL_VI,1,2039,29.406
REGION1,SEA1BAS,MINLNDPHL_VI,1,2040,29.406
REGION1,SEA1INT,MINLNDPHL_VI,1,2018,13.0435
REGION1,SEA1INT,MINLNDPHL_VI,1,2019,0.0034
REGION1,SEA1INT,MINLNDPHL_VI,1,2020,0.0057
REGION1,SEA1INT,MINLNDPHL_VI,1,2021,13.0435
REGION1,SEA1INT,MINLNDPHL_VI,1,2022,13.0435
REGION1,SEA1INT,MINLNDPHL_VI,1,2023,10.1018
REGION1,SEA1INT,MINLNDPHL_VI,1,2025,13.0435
REGION1,SEA1INT,MINLNDPHL_VI,1,2027,13.0435
REGION1,SEA1INT,MINLNDPHL_VI,1,2028,11.3208
REGION1,SEA1INT,MINLNDPHL_VI,1,2029,13.0435
REGION1,SEA1INT,MINLNDPHL_VI,1,2030,11.3208
REGION1,SEA1PEK,MINLNDPHL_VI,1,2018,0.0057
REGION1,SEA1PEK,MINLNDPHL_VI,1,2019,13.0435
REGION1,SEA1PEK,MINLNDPHL_VI,1,2020,0.0057
REGION1,SEA1PEK,MINLNDPHL_VI,1,2026,0.0034
REGION1,SEA1PEK,MINLNDPHL_VI,1,2027,3.3708
REGION1,SEA1PEK,MINLNDPHL_VI,1,2028,3.3708
REGION1,SEA1PEK,MINLNDPHL_VI,1,2029,3.3708
REGION1,SEA1PEK,MINLNDPHL_VI,1,2031,40.1765
REGION1,SEA1PEK,MINLNDPHL_VI,1,2032,30.0607
REGION1,SEA1PEK,MINLNDPHL_VI,1,2034,11.3208
REGION1,SEA1PEK,MINLNDPHL_VI,1,2037,40.1765
REGION1,SEA1PEK,MINLNDPHL_VI,1,2038,11.3208
REGION1,SEA2BAS,MINLNDPHL_VI,1,2018,0.0057
REGION1,SEA2BAS,MINLNDPHL_VI,1,2019,0.0034
REGION1,SEA2BAS,MINLNDPHL_VI,1,2020,0.0057
REGION1,SEA2BAS,MINLNDPHL_VI,1,2021,11.3208
REGION1,SEA2BAS,MINLNDPHL_VI,1,2022,10.1018
REGION1,SEA2BAS,MINLNDPHL_VI,1,2023,0.0058
REGION1,SEA2BAS,MINLNDPHL_VI,1,2025,10.1018
REGION1,SEA2BAS,MINLNDPHL_VI,1,2026,36.8057
REGION1,SEA2BAS,MINLNDPHL_VI,1,2027,11.3208
REGION1,SEA2BAS,MINLNDPHL_VI,1,2028,0.0058
REGION1,SEA2BAS,MINLNDPHL_VI,1,2030,10.1124
REGION1,SEA2BAS,MINLNDPHL_VI,1,2031,0.0034
REGION1,SEA2BAS,MINLNDPHL_VI,1,2032,0.0034
REGION1,SEA2BAS,MINLNDPHL_VI,1,2033,11.314
REGION1,SEA2BAS,MINLNDPHL_VI,1,2035,25.4917
REGION1,SEA2BAS,MINLNDPHL_VI,1,2036,30.0709
REGION1,SEA2BAS,MINLNDPHL_VI,1,2038,19.2416
REGION1,SEA2BAS,MINLNDPHL_VI,1,2039,23.8208
REGION1,SEA2BAS,MINLNDPHL_VI,1,2040,23.8208
REGION1,SEA2INT,MINLNDPHL_VI,1,2018,0.0057
REGION1,SEA2INT,MINLNDPHL_VI,1,2019,0.0034
REGION1,SEA2INT,MINLNDPHL_VI,1,2020,0.0057
REGION1,SEA2INT,MINLNDPHL_VI,1,2022,0.0058
REGION1,SEA2INT,MINLNDPHL_VI,1,2023,0.0057
REGION1,SEA2INT,MINLNDPHL_VI,1,2024,0.0034
REGION1,SEA2INT,MINLNDPHL_VI,1,2025,0.0058
REGION1,SEA2INT,MINLNDPHL_VI,1,2029,6.7359
REGION1,SEA2INT,MINLNDPHL_VI,1,2032,0.0034
REGION1,SEA2INT,MINLNDPHL_VI,1,2033,0.0034
REGION1,SEA2INT,MINLNDPHL_VI,1,2034,6.7359
REGION1,SEA2INT,MINLNDPHL_VI,1,2035,3.3708
REGION1,SEA2INT,MINLNDPHL_VI,1,2037,0.0034
REGION1,SEA2PEK,MINLNDPHL_VI,1,2018,11.3208
REGION1,SEA2PEK,MINLNDPHL_VI,1,2019,0.0034
REGION1,SEA2PEK,MINLNDPHL_VI,1,2020,0.0057
REGION1,SEA2PEK,MINLNDPHL_VI,1,2022,0.0057
REGION1,SEA2PEK,MINLNDPHL_VI,1,2023,23.8208
REGION1,SEA2PEK,MINLNDPHL_VI,1,2024,23.8175
REGION1,SEA2PEK,MINLNDPHL_VI,1,2025,0.0057
REGION1,SEA2PEK,MINLNDPHL_VI,1,2026,0.0034
REGION1,SEA2PEK,MINLNDPHL_VI,1,2027,6.7416
REGION1,SEA2PEK,MINLNDPHL_VI,1,2028,6.7367
REGION1,SEA2PEK,MINLNDPHL_VI,1,2029,0.0057
REGION1,SEA2PEK,MINLNDPHL_VI,1,2031,0.0034
REGION1,SEA2PEK,MINLNDPHL_VI,1,2032,0.0034
REGION1,SEA2PEK,MINLNDPHL_VI,1,2033,0.0034
REGION1,SEA2PEK,MINLNDPHL_VI,1,2034,0.0057
REGION1,SEA2PEK,MINLNDPHL_VI,1,2035,13.0435
REGION1,SEA2PEK,MINLNDPHL_VI,1,2037,0.0034
REGION1,SEA1BAS,MINPRCPHL_VI,1,2018,54.8062
REGION1,SEA1BAS,MINPRCPHL_VI,1,2019,76.3225
REGION1,SEA1BAS,MINPRCPHL_VI,1,2020,101.0767
REGION1,SEA1BAS,MINPRCPHL_VI,1,2021,54.8387
REGION1,SEA1BAS,MINPRCPHL_VI,1,2022,57.1347
REGION1,SEA1BAS,MINPRCPHL_VI,1,2023,36.6578
REGION1,SEA1BAS,MINPRCPHL_VI,1,2024,55.8713
REGION1,SEA1BAS,MINPRCPHL_VI,1,2025,57.1347
REGION1,SEA1BAS,MINPRCPHL_VI,1,2026,31.1872
REGION1,SEA1BAS,MINPRCPHL_VI,1,2027,35.6251
REGION1,SEA1BAS,MINPRCPHL_VI,1,2028,60.4078
REGION1,SEA1BAS,MINPRCPHL_VI,1,2029,57.1347
REGION1,SEA1BAS,MINPRCPHL_VI,1,2030,60.4078
REGION1,SEA1BAS,MINPRCPHL_VI,1,2031,24.7827
REGION1,SEA1BAS,MINPRCPHL_VI,1,2032,43.9963
REGION1,SEA1BAS,MINPRCPHL_VI,1,2033,79.6214
REGION1,SEA1BAS,MINPRCPHL_VI,1,2034,66.8124
REGION1,SEA1BAS,MINPRCPHL_VI,1,2035,21.5095
REGION1,SEA1BAS,MINPRCPHL_VI,1,2036,43.9963
REGION1,SEA1BAS,MINPRCPHL_VI,1,2037,24.7827
REGION1,SEA1BAS,MINPRCPHL_VI,1,2038,43.0623
REGION1,SEA1BAS,MINPRCPHL_VI,1,2039,55.8713
REGION1,SEA1BAS,MINPRCPHL_VI,1,2040,55.8713
REGION1,SEA1INT,MINPRCPHL_VI,1,2018,24.7827
REGION1,SEA1INT,MINPRCPHL_VI,1,2019,0.0064
REGION1,SEA1INT,MINPRCPHL_VI,1,2020,0.0108
REGION1,SEA1INT,MINPRCPHL_VI,1,2021,24.7827
REGION1,SEA1INT,MINPRCPHL_VI,1,2022,24.7827
REGION1,SEA1INT,MINPRCPHL_VI,1,2023,19.1933
REGION1,SEA1INT,MINPRCPHL_VI,1,2025,24.7827
REGION1,SEA1INT,MINPRCPHL_VI,1,2027,24.7827
REGION1,SEA1INT,MINPRCPHL_VI,1,2028,21.5095
REGION1,SEA1INT,MINPRCPHL_VI,1,2029,24.7827
REGION1,SEA1INT,MINPRCPHL_VI,1,2030,21.5095
REGION1,SEA1PEK,MINPRCPHL_VI,1,2018,0.0108
REGION1,SEA1PEK,MINPRCPHL_VI,1,2019,24.7827
REGION1,SEA1PEK,MINPRCPHL_VI,1,2020,0.0108
REGION1,SEA1PEK,MINPRCPHL_VI,1,2026,0.0064
REGION1,SEA1PEK,MINPRCPHL_VI,1,2027,6.4045
REGION1,SEA1PEK,MINPRCPHL_VI,1,2028,6.4045
REGION1,SEA1PEK,MINPRCPHL_VI,1,2029,6.4045
REGION1,SEA1PEK,MINPRCPHL_VI,1,2031,76.3354
REGION1,SEA1PEK,MINPRCPHL_VI,1,2032,57.1154
REGION1,SEA1PEK,MINPRCPHL_VI,1,2034,21.5095
REGION1,SEA1PEK,MINPRCPHL_VI,1,2037,76.3354
REGION1,SEA1PEK,MINPRCPHL_VI,1,2038,21.5095
REGION1,SEA2BAS,MINPRCPHL_VI,1,2018,0.0108
REGION1,SEA2BAS,MINPRCPHL_VI,1,2019,0.0064
REGION1,SEA2BAS,MINPRCPHL_VI,1,2020,0.0108
REGION1,SEA2BAS,MINPRCPHL_VI,1,2021,21.5095
REGION1,SEA2BAS,MINPRCPHL_VI,1,2022,19.1933
REGION1,SEA2BAS,MINPRCPHL_VI,1,2023,0.011
REGION1,SEA2BAS,MINPRCPHL_VI,1,2025,19.1933
REGION1,SEA2BAS,MINPRCPHL_VI,1,2026,69.9309
REGION1,SEA2BAS,MINPRCPHL_VI,1,2027,21.5095
REGION1,SEA2BAS,MINPRCPHL_VI,1,2028,0.011
REGION1,SEA2BAS,MINPRCPHL_VI,1,2030,19.2136
REGION1,SEA2BAS,MINPRCPHL_VI,1,2031,0.0064
REGION1,SEA2BAS,MINPRCPHL_VI,1,2032,0.0064
REGION1,SEA2BAS,MINPRCPHL_VI,1,2033,21.4967
REGION1,SEA2BAS,MINPRCPHL_VI,1,2035,48.4342
REGION1,SEA2BAS,MINPRCPHL_VI,1,2036,57.1347
REGION1,SEA2BAS,MINPRCPHL_VI,1,2038,36.5591
REGION1,SEA2BAS,MINPRCPHL_VI,1,2039,45.2596
REGION1,SEA2BAS,MINPRCPHL_VI,1,2040,45.2596
REGION1,SEA2INT,MINPRCPHL_VI,1,2018,0.0108
REGION1,SEA2INT,MINPRCPHL_VI,1,2019,0.0064
REGION1,SEA2INT,MINPRCPHL_VI,1,2020,0.0108
REGION1,SEA2INT,MINPRCPHL_VI,1,2022,0.011
REGION1,SEA2INT,MINPRCPHL_VI,1,2023,0.0108
REGION1,SEA2INT,MINPRCPHL_VI,1,2024,0.0064
REGION1,SEA2INT,MINPRCPHL_VI,1,2025,0.011
REGION1,SEA2INT,MINPRCPHL_VI,1,2029,12.7982
REGION1,SEA2INT,MINPRCPHL_VI,1,2032,0.0064
REGION1,SEA2INT,MINPRCPHL_VI,1,2033,0.0064
REGION1,SEA2INT,MINPRCPHL_VI,1,2034,12.7982
REGION1,SEA2INT,MINPRCPHL_VI,1,2035,6.4045
REGION1,SEA2INT,MINPRCPHL_VI,1,2037,0.0064
REGION1,SEA2PEK,MINPRCPHL_VI,1,2018,21.5095
REGION1,SEA2PEK,MINPRCPHL_VI,1,2019,0.0064
REGION1,SEA2PEK,MINPRCPHL_VI,1,2020,0.0108
REGION1,SEA2PEK,MINPRCPHL_VI,1,2022,0.0108
REGION1,SEA2PEK,MINPRCPHL_VI,1,2023,45.2596
REGION1,SEA2PEK,MINPRCPHL_VI,1,2024,45.2532
REGION1,SEA2PEK,MINPRCPHL_VI,1,2025,0.0108
REGION1,SEA2PEK,MINPRCPHL_VI,1,2026,0.0064
REGION1,SEA2PEK,MINPRCPHL_VI,1,2027,12.809
REGION1,SEA2PEK,MINPRCPHL_VI,1,2028,12.7997
REGION1,SEA2PEK,MINPRCPHL_VI,1,2029,0.0108
REGION1,SEA2PEK,MINPRCPHL_VI,1,2031,0.0064
REGION1,SEA2PEK,MINPRCPHL_VI,1,2032,0.0064
REGION1,SEA2PEK,MINPRCPHL_VI,1,2033,0.0064
REGION1,SEA2PEK,MINPRCPHL_VI,1,2034,0.0108
REGION1,SEA2PEK,MINPRCPHL_VI,1,2035,24.7827
REGION1,SEA2PEK,MINPRCPHL_VI,1,2037,0.0064
REGION1,SEA1BAS,PWRGEOP01,1,2018,1.1701
REGION1,SEA1BAS,PWRGEOP01,1,2019,1.1702
REGION1,SEA1BAS,PWRGEOP01,1,2022,1.11
REGION1,SEA1BAS,PWRGEOP01,1,2024,1.1702
REGION1,SEA1BAS,PWRGEOP01,1,2025,1.11
REGION1,SEA1BAS,PWRGEOP01,1,2026,1.1301
REGION1,SEA1BAS,PWRGEOP01,1,2029,1.11
REGION1,SEA1BAS,PWRGEOP01,1,2031,1.11
REGION1,SEA1BAS,PWRGEOP01,1,2032,1.1702
REGION1,SEA1BAS,PWRGEOP01,1,2033,1.1702
REGION1,SEA1BAS,PWRGEOP01,1,2035,1.11
REGION1,SEA1BAS,PWRGEOP01,1,2037,1.11
REGION1,SEA1BAS,PWRGEOP01,1,2039,1.1702
REGION1,SEA1BAS,PWRGEOP01,1,2040,1.1702
REGION1,SEA1INT,PWRGEOP01,1,2018,1.11
REGION1,SEA1INT,PWRGEOP01,1,2019,1.11
REGION1,SEA1INT,PWRGEOP01,1,2020,1.11
REGION1,SEA1INT,PWRGEOP01,1,2021,1.11
REGION1,SEA1INT,PWRGEOP01,1,2023,1.1701
REGION1,SEA1INT,PWRGEOP01,1,2028,1.11
REGION1,SEA1INT,PWRGEOP01,1,2030,1.11
REGION1,SEA1PEK,PWRGEOP01,1,2018,1.11
REGION1,SEA1PEK,PWRGEOP01,1,2019,1.11
REGION1,SEA1PEK,PWRGEOP01,1,2020,1.11
REGION1,SEA1PEK,PWRGEOP01,1,2026,1.11
REGION1,SEA1PEK,PWRGEOP01,1,2027,1.1301
REGION1,SEA1PEK,PWRGEOP01,1,2028,1.1301
REGION1,SEA1PEK,PWRGEOP01,1,2029,1.1301
REGION1,SEA1PEK,PWRGEOP01,1,2031,1.1702
REGION1,SEA1PEK,PWRGEOP01,1,2032,1.11
REGION1,SEA1PEK,PWRGEOP01,1,2034,1.11
REGION1,SEA1PEK,PWRGEOP01,1,2037,1.1702
REGION1,SEA1PEK,PWRGEOP01,1,2038,1.11
REGION1,SEA2BAS,PWRGEOP01,1,2018,1.11
REGION1,SEA2BAS,PWRGEOP01,1,2019,1.11
REGION1,SEA2BAS,PWRGEOP01,1,2020,1.11
REGION1,SEA2BAS,PWRGEOP01,1,2021,1.11
REGION1,SEA2BAS,PWRGEOP01,1,2022,1.1701
REGION1,SEA2BAS,PWRGEOP01,1,2023,1.11
REGION1,SEA2BAS,PWRGEOP01,1,2025,1.1701
REGION1,SEA2BAS,PWRGEOP01,1,2026,1.1501
REGION1,SEA2BAS,PWRGEOP01,1,2027,1.11
REGION1,SEA2BAS,PWRGEOP01,1,2028,1.11
REGION1,SEA2BAS,PWRGEOP01,1,2030,1.1702
REGION1,SEA2BAS,PWRGEOP01,1,2031,1.11
REGION1,SEA2BAS,PWRGEOP01,1,2032,1.11
REGION1,SEA2BAS,PWRGEOP01,1,2033,1.11
REGION1,SEA2BAS,PWRGEOP01,1,2035,1.1501
REGION1,SEA2BAS,PWRGEOP01,1,2036,1.11
REGION1,SEA2BAS,PWRGEOP01,1,2038,1.1501
REGION1,SEA2BAS,PWRGEOP01,1,2039,1.11
REGION1,SEA2BAS,PWRGEOP01,1,2040,1.11
REGION1,SEA2INT,PWRGEOP01,1,2018,1.11
REGION1,SEA2INT,PWRGEOP01,1,2019,1.11
REGION1,SEA2INT,PWRGEOP01,1,2020,1.11
REGION1,SEA2INT,PWRGEOP01,1,2022,1.11
REGION1,SEA2INT,PWRGEOP01,1,2023,1.11
REGION1,SEA2INT,PWRGEOP01,1,2024,1.11
REGION1,SEA2INT,PWRGEOP01,1,2025,1.11
REGION1,SEA2INT,PWRGEOP01,1,2029,1.1501
REGION1,SEA2INT,PWRGEOP01,1,2032,1.11
REGION1,SEA2INT,PWRGEOP01,1,2033,1.11
REGION1,SEA2INT,PWRGEOP01,1,2034,1.1501
REGION1,SEA2INT,PWRGEOP01,1,2035,1.1301
REGION1,SEA2INT,PWRGEOP01,1,2037,1.11
REGION1,SEA2PEK,PWRGEOP01,1,2018,1.11
REGION1,SEA2PEK,PWRGEOP01,1,2019,1.11
REGION1,SEA2PEK,PWRGEOP01,1,2020,1.11
REGION1,SEA2PEK,PWRGEOP01,1,2022,1.11
REGION1,SEA2PEK,PWRGEOP01,1,2023,1.11
REGION1,SEA2PEK,PWRGEOP01,1,2024,1.11
REGION1,SEA2PEK,PWRGEOP01,1,2025,1.11
REGION1,SEA2PEK,PWRGEOP01,1,2026,1.11
REGION1,SEA2PEK,PWRGEOP01,1,2027,1.1501
REGION1,SEA2PEK,PWRGEOP01,1,2028,1.1501
REGION1,SEA2PEK,PWRGEOP01,1,2029,1.11
REGION1,SEA2PEK,PWRGEOP01,1,2031,1.11
REGION1,SEA2PEK,PWRGEOP01,1,2032,1.11
REGION1,SEA2PEK,PWRGEOP01,1,2033,1.11
REGION1,SEA2PEK,PWRGEOP01,1,2034,1.11
REGION1,SEA2PEK,PWRGEOP01,1,2035,1.11
REGION1,SEA2PEK,PWRGEOP01,1,2037,1.11
REGION1,SEA1BAS,PWRSOLP01,1,2020,1.17
REGION1,SEA1BAS,PWRSOLP01,1,2021,1.1702
REGION1,SEA1BAS,PWRSOLP01,1,2023,1.11
REGION1,SEA1BAS,PWRSOLP01,1,2027,1.11
REGION1,SEA1BAS,PWRSOLP01,1,2028,1.11
REGION1,SEA1BAS,PWRSOLP01,1,2030,1.11
REGION1,SEA1BAS,PWRSOLP01,1,2036,1.1702
REGION1,SEA1BAS,PWRSOLP01,1,2038,1.1301
REGION1,SEA1INT,PWRSOLP01,1,2022,1.11
REGION1,SEA1INT,PWRSOLP01,1,2025,1.11
REGION1,SEA1INT,PWRSOLP01,1,2026,1.11
REGION1,SEA1INT,PWRSOLP01,1,2029,1.11
REGION1,SEA1INT,PWRSOLP01,1,2031,1.11
REGION1,SEA1INT,PWRSOLP01,1,2032,1.11
REGION1,SEA1INT,PWRSOLP01,1,2033,1.11
REGION1,SEA1INT,PWRSOLP01,1,2034,1.11
REGION1,SEA1INT,PWRSOLP01,1,2035,1.11
REGION1,SEA1INT,PWRSOLP01,1,2036,1.11
REGION1,SEA1INT,PWRSOLP01,1,2037,1.11
REGION1,SEA1INT,PWRSOLP01,1,2039,1.11
REGION1,SEA1INT,PWRSOLP01,1,2040,1.11
REGION1,SEA1PEK,PWRSOLP01,1,2021,1.11
REGION1,SEA1PEK,PWRSOLP01,1,2023,1.11
REGION1,SEA1PEK,PWRSOLP01,1,2024,1.11
REGION1,SEA2BAS,PWRSOLP01,1,2029,1.11
REGION1,SEA2BAS,PWRSOLP01,1,2034,1.11
REGION1,SEA2INT,PWRSOLP01,1,2021,1.11
REGION1,SEA2INT,PWRSOLP01,1,2026,1.11
REGION1,SEA2INT,PWRSOLP01,1,2027,1.11
REGION1,SEA2INT,PWRSOLP01,1,2028,1.11
REGION1,SEA2INT,PWRSOLP01,1,2030,1.11
REGION1,SEA2INT,PWRSOLP01,1,2031,1.11
REGION1,SEA2INT,PWRSOLP01,1,2036,1.11
REGION1,SEA2INT,PWRSOLP01,1,2038,1.11
REGION1,SEA2INT,PWRSOLP01,1,2039,1.11
REGION1,SEA2INT,PWRSOLP01,1,2040,1.11
REGION1,SEA1BAS,PWRTRNP01,1,2018,1.0541
REGION1,SEA1BAS,PWRTRNP01,1,2019,1.0542
REGION1,SEA1BAS,PWRTRNP01,1,2020,1.0541
REGION1,SEA1BAS,PWRTRNP01,1,2021,1.0542
REGION1,SEA1BAS,PWRTRNP01,1,2022,1.0
REGION1,SEA1BAS,PWRTRNP01,1,2023,1.0
REGION1,SEA1BAS,PWRTRNP01,1,2024,1.0542
REGION1,SEA1BAS,PWRTRNP01,1,2025,1.0
REGION1,SEA1BAS,PWRTRNP01,1,2026,1.0181
REGION1,SEA1BAS,PWRTRNP01,1,2027,1.0
REGION1,SEA1BAS,PWRTRNP01,1,2028,1.0
REGION1,SEA1BAS,PWRTRNP01,1,2029,1.0
REGION1,SEA1BAS,PWRTRNP01,1,2030,1.0
REGION1,SEA1BAS,PWRTRNP01,1,2031,1.0
REGION1,SEA1BAS,PWRTRNP01,1,2032,1.0542
REGION1,SEA1BAS,PWRTRNP01,1,2033,1.0542
REGION1,SEA1BAS,PWRTRNP01,1,2034,1.0181
REGION1,SEA1BAS,PWRTRNP01,1,2035,1.0
REGION1,SEA1BAS,PWRTRNP01,1,2036,1.0542
REGION1,SEA1BAS,PWRTRNP01,1,2037,1.0
REGION1,SEA1BAS,PWRTRNP01,1,2038,1.0181
REGION1,SEA1BAS,PWRTRNP01,1,2039,1.0542
REGION1,SEA1BAS,PWRTRNP01,1,2040,1.0542
REGION1,SEA1INT,PWRTRNP01,1,2018,1.0
REGION1,SEA1INT,PWRTRNP01,1,2019,1.0
REGION1,SEA1INT,PWRTRNP01,1,2020,1.0
REGION1,SEA1INT,PWRTRNP01,1,2021,1.0
REGION1,SEA1INT,PWRTRNP01,1,2022,1.0
REGION1,SEA1INT,PWRTRNP01,1,2023,1.0542
REGION1,SEA1INT,PWRTRNP01,1,2024,1.0
REGION1,SEA1INT,PWRTRNP01,1,2025,1.0
REGION1,SEA1INT,PWRTRNP01,1,2026,1.0
REGION1,SEA1INT,PWRTRNP01,1,2027,1.0
REGION1,SEA1INT,PWRTRNP01,1,2028,1.0
REGION1,SEA1INT,PWRTRNP01,1,2029,1.0
REGION1,SEA1INT,PWRTRNP01,1,2030,1.0
REGION1,SEA1INT,PWRTRNP01,1,2031,1.0
REGION1,SEA1INT,PWRTRNP01,1,2032,1.0
REGION1,SEA1INT,PWRTRNP01,1,2033,1.0
REGION1,SEA1INT,PWRTRNP01,1,2034,1.0
REGION1,SEA1INT,PWRTRNP01,1,2035,1.0
REGION1,SEA1INT,PWRTRNP01,1,2036,1.0
REGION1,SEA1INT,PWRTRNP01,1,2037,1.0
REGION1,SEA1INT,PWRTRNP01,1,2038,1.0
REGION1,SEA1INT,PWRTRNP01,1,2039,1.0
REGION1,SEA1INT,PWRTRNP01,1,2040,1.0
REGION1,SEA1PEK,PWRTRNP01,1,2018,1.0
REGION1,SEA1PEK,PWRTRNP01,1,2019,1.0
REGION1,SEA1PEK,PWRTRNP01,1,2020,1.0
REGION1,SEA1PEK,PWRTRNP01,1,2021,1.0
REGION1,SEA1PEK,PWRTRNP01,1,2022,1.0
REGION1,SEA1PEK,PWRTRNP01,1,2023,1.0
REGION1,SEA1PEK,PWRTRNP01,1,2024,1.0
REGION1,SEA1PEK,PWRTRNP01,1,2025,1.0
REGION1,SEA1PEK,PWRTRNP01,1,2026,1.0
REGION1,SEA1PEK,PWRTRNP01,1,2027,1.0181
REGION1,SEA1PEK,PWRTRNP01,1,2028,1.0181
REGION1,SEA1PEK,PWRTRNP01,1,2029,1.0181
REGION1,SEA1PEK,PWRTRNP01,1,2030,1.0
REGION1,SEA1PEK,PWRTRNP01,1,2031,1.0542
REGION1,SEA1PEK,PWRTRNP01,1,2032,1.0
REGION1,SEA1PEK,PWRTRNP01,1,2033,1.0
REGION1,SEA1PEK,PWRTRNP01,1,2034,1.0
REGION1,SEA1PEK,PWRTRNP01,1,2035,1.0
REGION1,SEA1PEK,PWRTRNP01,1,2036,1.0
REGION1,SEA1PEK,PWRTRNP01,1,2037,1.0542
REGION1,SEA1PEK,PWRTRNP01,1,2038,1.0
REGION1,SEA1PEK,PWRTRNP01,1,2039,1.0
REGION1,SEA1PEK,PWRTRNP01,1,2040,1.0
REGION1,SEA2BAS,PWRTRNP01,1,2018,1.0
REGION1,SEA2BAS,PWRTRNP01,1,2019,1.0
REGION1,SEA2BAS,PWRTRNP01,1,2020,1.0
REGION1,SEA2BAS,PWRTRNP01,1,2021,1.0
REGION1,SEA2BAS,PWRTRNP01,1,2022,1.0542
REGION1,SEA2BAS,PWRTRNP01,1,2023,1.0
REGION1,SEA2BAS,PWRTRNP01,1,2024,1.0
REGION1,SEA2BAS,PWRTRNP01,1,2025,1.0542
REGION1,SEA2BAS,PWRTRNP01,1,2026,1.0362
REGION1,SEA2BAS,PWRTRNP01,1,2027,1.0
REGION1,SEA2BAS,PWRTRNP01,1,2028,1.0
REGION1,SEA2BAS,PWRTRNP01,1,2029,1.0
REGION1,SEA2BAS,PWRTRNP01,1,2030,1.0542
REGION1,SEA2BAS,PWRTRNP01,1,2031,1.0
REGION1,SEA2BAS,PWRTRNP01,1,2032,1.0
REGION1,SEA2BAS,PWRTRNP01,1,2033,1.0
REGION1,SEA2BAS,PWRTRNP01,1,2034,1.0
REGION1,SEA2BAS,PWRTRNP01,1,2035,1.0362
REGION1,SEA2BAS,PWRTRNP01,1,2036,1.0
REGION1,SEA2BAS,PWRTRNP01,1,2037,1.0
REGION1,SEA2BAS,PWRTRNP01,1,2038,1.0362
REGION1,SEA2BAS,PWRTRNP01,1,2039,1.0
REGION1,SEA2BAS,PWRTRNP01,1,2040,1.0
REGION1,SEA2INT,PWRTRNP01,1,2018,1.0
REGION1,SEA2INT,PWRTRNP01,1,2019,1.0
REGION1,SEA2INT,PWRTRNP01,1,2020,1.0
REGION1,SEA2INT,PWRTRNP01,1,2021,1.0
REGION1,SEA2INT,PWRTRNP01,1,2022,1.0
REGION1,SEA2INT,PWRTRNP01,1,2023,1.0
REGION1,SEA2INT,PWRTRNP01,1,2024,1.0
REGION1,SEA2INT,PWRTRNP01,1,2025,1.0
REGION1,SEA2INT,PWRTRNP01,1,2026,1.0
REGION1,SEA2INT,PWRTRNP01,1,2027,1.0
REGION1,SEA2INT,PWRTRNP01,1,2028,1.0
REGION1,SEA2INT,PWRTRNP01,1,2029,1.0361
REGION1,SEA2INT,PWRTRNP01,1,2030,1.0
REGION1,SEA2INT,PWRTRNP01,1,2031,1.0
REGION1,SEA2INT,PWRTRNP01,1,2032,1.0
REGION1,SEA2INT,PWRTRNP01,1,2033,1.0
REGION1,SEA2INT,PWRTRNP01,1,2034,1.0361
REGION1,SEA2INT,PWRTRNP01,1,2035,1.0181
REGION1,SEA2INT,PWRTRNP01,1,2036,1.0
REGION1,SEA2INT,PWRTRNP01,1,2037,1.0
REGION1,SEA2INT,PWRTRNP01,1,2038,1.0
REGION1,SEA2INT,PWRTRNP01,1,2039,1.0
REGION1,SEA2INT,PWRTRNP01,1,2040,1.0
REGION1,SEA2PEK,PWRTRNP01,1,2018,1.0
REGION1,SEA2PEK,PWRTRNP01,1,2019,1.0
REGION1,SEA2PEK,PWRTRNP01,1,2020,1.0
REGION1,SEA2PEK,PWRTRNP01,1,2021,1.0
REGION1,SEA2PEK,PWRTRNP01,1,2022,1.0
REGION1,SEA2PEK,PWRTRNP01,1,2023,1.0
REGION1,SEA2PEK,PWRTRNP01,1,2024,1.0
REGION1,SEA2PEK,PWRTRNP01,1,2025,1.0
REGION1,SEA2PEK,PWRTRNP01,1,2026,1.0
REGION1,SEA2PEK,PWRTRNP01,1,2027,1.0362
REGION1,SEA2PEK,PWRTRNP01,1,2028,1.0361
REGION1,SEA2PEK,PWRTRNP01,1,2029,1.0
REGION1,SEA2PEK,PWRTRNP01,1,2030,1.0
REGION1,SEA2PEK,PWRTRNP01,1,2031,1.0
REGION1,SEA2PEK,PWRTRNP01,1,2032,1.0
REGION1,SEA2PEK,PWRTRNP01,1,2033,1.0
REGION1,SEA2PEK,PWRTRNP01,1,2034,1.0
REGION1,SEA2PEK,PWRTRNP01,1,2035,1.0
REGION1,SEA2PEK,PWRTRNP01,1,2036,1.0
REGION1,SEA2PEK,PWRTRNP01,1,2037,1.0
REGION1,SEA2PEK,PWRTRNP01,1,2038,1.0
REGION1,SEA2PEK,PWRTRNP01,1,2039,1.0
REGION1,SEA2PEK,PWRTRNP01,1,2040,1.0
REGION1,SEA1BAS,PWRWNDP01,1,2034,1.1301
REGION1,SEA1INT,PWRWNDP01,1,2024,1.11
REGION1,SEA1INT,PWRWNDP01,1,2027,1.11
REGION1,SEA1INT,PWRWNDP01,1,2038,1.11
REGION1,SEA1PEK,PWRWNDP01,1,2022,1.11
REGION1,SEA1PEK,PWRWNDP01,1,2025,1.11
REGION1,SEA1PEK,PWRWNDP01,1,2030,1.11
REGION1,SEA1PEK,PWRWNDP01,1,2033,1.11
REGION1,SEA1PEK,PWRWNDP01,1,2035,1.11
REGION1,SEA1PEK,PWRWNDP01,1,2036,1.11
REGION1,SEA1PEK,PWRWNDP01,1,2039,1.11
REGION1,SEA1PEK,PWRWNDP01,1,2040,1.11
REGION1,SEA2BAS,PWRWNDP01,1,2024,1.11
REGION1,SEA2BAS,PWRWNDP01,1,2037,1.11
REGION1,SEA2PEK,PWRWNDP01,1,2021,1.11
REGION1,SEA2PEK,PWRWNDP01,1,2030,1.11
REGION1,SEA2PEK,PWRWNDP01,1,2036,1.11
REGION1,SEA2PEK,PWRWNDP01,1,2038,1.11
REGION1,SEA2PEK,PWRWNDP01,1,2039,1.11
REGION1,SEA2PEK,PWRWNDP01,1,2040,1.11
REGION1,SEA1BAS,RNWGEO,1,2018,1.1701
REGION1,SEA1BAS,RNWGEO,1,2019,1.1702
REGION1,SEA1BAS,RNWGEO,1,2022,1.11
REGION1,SEA1BAS,RNWGEO,1,2024,1.1702
REGION1,SEA1BAS,RNWGEO,1,2025,1.11
REGION1,SEA1BAS,RNWGEO,1,2026,1.1301
REGION1,SEA1BAS,RNWGEO,1,2029,1.11
REGION1,SEA1BAS,RNWGEO,1,2031,1.11
REGION1,SEA1BAS,RNWGEO,1,2032,1.1702
REGION1,SEA1BAS,RNWGEO,1,2033,1.1702
REGION1,SEA1BAS,RNWGEO,1,2035,1.11
REGION1,SEA1BAS,RNWGEO,1,2037,1.11
REGION1,SEA1BAS,RNWGEO,1,2039,1.1702
REGION1,SEA1BAS,RNWGEO,1,2040,1.1702
REGION1,SEA1INT,RNWGEO,1,2018,1.11
REGION1,SEA1INT,RNWGEO,1,2019,1.11
REGION1,SEA1INT,RNWGEO,1,2020,1.11
REGION1,SEA1INT,RNWGEO,1,2021,1.11
REGION1,SEA1INT,RNWGEO,1,2023,1.1701
REGION1,SEA1INT,RNWGEO,1,2028,1.11
REGION1,SEA1INT,RNWGEO,1,2030,1.11
REGION1,SEA1PEK,RNWGEO,1,2018,1.11
REGION1,SEA1PEK,RNWGEO,1,2019,1.11
REGION1,SEA1PEK,RNWGEO,1,2020,1.11
REGION1,SEA1PEK,RNWGEO,1,2026,1.11
REGION1,SEA1PEK,RNWGEO,1,2027,1.1301
REGION1,SEA1PEK,RNWGEO,1,2028,1.1301
REGION1,SEA1PEK,RNWGEO,1,2029,1.1301
REGION1,SEA1PEK,RNWGEO,1,2031,1.1702
REGION1,SEA1PEK,RNWGEO,1,2032,1.11
REGION1,SEA1PEK,RNWGEO,1,2034,1.11
REGION1,SEA1PEK,RNWGEO,1,2037,1.1702
REGION1,SEA1PEK,RNWGEO,1,2038,1.11
REGION1,SEA2BAS,RNWGEO,1,2018,1.11
REGION1,SEA2BAS,RNWGEO,1,2019,1.11
REGION1,SEA2BAS,RNWGEO,1,2020,1.11
REGION1,SEA2BAS,RNWGEO,1,2021,1.11
REGION1,SEA2BAS,RNWGEO,1,2022,1.1701
REGION1,SEA2BAS,RNWGEO,1,2023,1.11
REGION1,SEA2BAS,RNWGEO,1,2025,1.1701
REGION1,SEA2BAS,RNWGEO,1,2026,1.1501
REGION1,SEA2BAS,RNWGEO,1,2027,1.11
REGION1,SEA2BAS,RNWGEO,1,2028,1.11
REGION1,SEA2BAS,RNWGEO,1,2030,1.1702
REGION1,SEA2BAS,RNWGEO,1,2031,1.11
REGION1,SEA2BAS,RNWGEO,1,2032,1.11
REGION1,SEA2BAS,RNWGEO,1,2033,1.11
REGION1,SEA2BAS,RNWGEO,1,2035,1.1501
REGION1,SEA2BAS,RNWGEO,1,2036,1.11
REGION1,SEA2BAS,RNWGEO,1,2038,1.1501
REGION1,SEA2BAS,RNWGEO,1,2039,1.11
REGION1,SEA2BAS,RNWGEO,1,2040,1.11
REGION1,SEA2INT,RNWGEO,1,2018,1.11
REGION1,SEA2INT,RNWGEO,1,2019,1.11
REGION1,SEA2INT,RNWGEO,1,2020,1.11
REGION1,SEA2INT,RNWGEO,1,2022,1.11
REGION1,SEA2INT,RNWGEO,1,2023,1.11
REGION1,SEA2INT,RNWGEO,1,2024,1.11
REGION1,SEA2INT,RNWGEO,1,2025,1.11
REGION1,SEA2INT,RNWGEO,1,2029,1.1501
REGION1,SEA2INT,RNWGEO,1,2032,1.11
REGION1,SEA2INT,RNWGEO,1,2033,1.11
REGION1,SEA2INT,RNWGEO,1,2034,1.1501
REGION1,SEA2INT,RNWGEO,1,2035,1.1301
REGION1,SEA2INT,RNWGEO,1,2037,1.11
REGION1,SEA2PEK,RNWGEO,1,2018,1.11
REGION1,SEA2PEK,RNWGEO,1,2019,1.11
REGION1,SEA2PEK,RNWGEO,1,2020,1.11
REGION1,SEA2PEK,RNWGEO,1,2022,1.11
REGION1,SEA2PEK,RNWGEO,1,2023,1.11
REGION1,SEA2PEK,RNWGEO,1,2024,1.11
REGION1,SEA2PEK,RNWGEO,1,2025,1.11
REGION1,SEA2PEK,RNWGEO,1,2026,1.11
REGION1,SEA2PEK,RNWGEO,1,2027,1.1501
REGION1,SEA2PEK,RNWGEO,1,2028,1.1501
REGION1,SEA2PEK,RNWGEO,1,2029,1.11
REGION1,SEA2PEK,RNWGEO,1,2031,1.11
REGION1,SEA2PEK,RNWGEO,1,2032,1.11
REGION1,SEA2PEK,RNWGEO,1,2033,1.11
REGION1,SEA2PEK,RNWGEO,1,2034,1.11
REGION1,SEA2PEK,RNWGEO,1,2035,1.11
REGION1,SEA2PEK,RNWGEO,1,2037,1.11
REGION1,SEA1BAS,RNWSOL,1,2020,1.17
REGION1,SEA1BAS,RNWSOL,1,2021,1.1702
REGION1,SEA1BAS,RNWSOL,1,2023,1.11
REGION1,SEA1BAS,RNWSOL,1,2027,1.11
REGION1,SEA1BAS,RNWSOL,1,2028,1.11
REGION1,SEA1BAS,RNWSOL,1,2030,1.11
REGION1,SEA1BAS,RNWSOL,1,2036,1.1702
REGION1,SEA1BAS,RNWSOL,1,2038,1.1301
REGION1,SEA1INT,RNWSOL,1,2022,1.11
REGION1,SEA1INT,RNWSOL,1,2025,1.11
REGION1,SEA1INT,RNWSOL,1,2026,1.11
REGION1,SEA1INT,RNWSOL,1,2029,1.11
REGION1,SEA1INT,RNWSOL,1,2031,1.11
REGION1,SEA1INT,RNWSOL,1,2032,1.11
REGION1,SEA1INT,RNWSOL,1,2033,1.11
REGION1,SEA1INT,RNWSOL,1,2034,1.11
REGION1,SEA1INT,RNWSOL,1,2035,1.11
REGION1,SEA1INT,RNWSOL,1,2036,1.11
REGION1,SEA1INT,RNWSOL,1,2037,1.11
REGION1,SEA1INT,RNWSOL,1,2039,1.11
REGION1,SEA1INT,RNWSOL,1,2040,1.11
REGION1,SEA1PEK,RNWSOL,1,2021,1.11
REGION1,SEA1PEK,RNWSOL,1,2023,1.11
REGION1,SEA1PEK,RNWSOL,1,2024,1.11
REGION1,SEA2BAS,RNWSOL,1,2029,1.11
REGION1,SEA2BAS,RNWSOL,1,2034,1.11
REGION1,SEA2INT,RNWSOL,1,2021,1.11
REGION1,SEA2INT,RNWSOL,1,2026,1.11
REGION1,SEA2INT,RNWSOL,1,2027,1.11
REGION1,SEA2INT,RNWSOL,1,2028,1.11
REGION1,SEA2INT,RNWSOL,1,2030,1.11
REGION1,SEA2INT,RNWSOL,1,2031,1.11
REGION1,SEA2INT,RNWSOL,1,2036,1.11
REGION1,SEA2INT,RNWSOL,1,2038,1.11
REGION1,SEA2INT,RNWSOL,1,2039,1.11
REGION1,SEA2INT,RNWSOL,1,2040,1.11
REGION1,SEA1BAS,RNWWND,1,2034,1.1301
REGION1,SEA1INT,RNWWND,1,2024,1.11
REGION1,SEA1INT,RNWWND,1,2027,1.11
REGION1,SEA1INT,RNWWND,1,2038,1.11
REGION1,SEA1PEK,RNWWND,1,2022,1.11
REGION1,SEA1PEK,RNWWND,1,2025,1.11
REGION1,SEA1PEK,RNWWND,1,2030,1.11
REGION1,SEA1PEK,RNWWND,1,2033,1.11
REGION1,SEA1PEK,RNWWND,1,2035,1.11
REGION1,SEA1PEK,RNWWND,1,2036,1.11
REGION1,SEA1PEK,RNWWND,1,2039,1.11
REGION1,SEA1PEK,RNWWND,1,2040,1.11
REGION1,SEA2BAS,RNWWND,1,2024,1.11
REGION1,SEA2BAS,RNWWND,1,2037,1.11
REGION1,SEA2PEK,RNWWND,1,2021,1.11
REGION1,SEA2PEK,RNWWND,1,2030,1.11
REGION1,SEA2PEK,RNWWND,1,2036,1.11
REGION1,SEA2PEK,RNWWND,1,2038,1.11
REGION1,SEA2PEK,RNWWND,1,2039,1.11
REGION1,SEA2PEK,RNWWND,1,2040,1.11
REGION1,SEA1BAS,UPSCON001,1,2018,3.0
REGION1,SEA1BAS,UPSCON001,1,2019,3.0
REGION1,SEA1BAS,UPSCON001,1,2020,3.0
REGION1,SEA1BAS,UPSCON001,1,2021,3.0
REGION1,SEA1BAS,UPSCON001,1,2022,3.0
REGION1,SEA1BAS,UPSCON001,1,2023,3.0
REGION1,SEA1BAS,UPSCON001,1,2024,3.0
REGION1,SEA1BAS,UPSCON001,1,2025,3.0
REGION1,SEA1BAS,UPSCON001,1,2027,3.0
REGION1,SEA1BAS,UPSCON001,1,2028,3.0
REGION1,SEA1BAS,UPSCON001,1,2029,3.0
REGION1,SEA1BAS,UPSCON001,1,2030,3.0
REGION1,SEA1BAS,UPSCON001,1,2033,3.0
REGION1,SEA1BAS,UPSCON001,1,2034,3.0
REGION1,SEA1BAS,UPSCON001,1,2038,3.0
REGION1,SEA1BAS,UPSCON001,1,2039,3.0
REGION1,SEA1BAS,UPSCON001,1,2040,3.0
REGION1,SEA1PEK,UPSCON001,1,2031,3.0
REGION1,SEA1PEK,UPSCON001,1,2032,3.0
REGION1,SEA1PEK,UPSCON001,1,2037,3.0
REGION1,SEA2BAS,UPSCON001,1,2026,3.0
REGION1,SEA2BAS,UPSCON001,1,2035,3.0
REGION1,SEA2BAS,UPSCON001,1,2036,3.0
REGION1,SEA1BAS,UPSMIX001,1,2018,6.0
REGION1,SEA1BAS,UPSMIX001,1,2019,6.0
REGION1,SEA1BAS,UPSMIX001,1,2020,6.0
REGION1,SEA1BAS,UPSMIX001,1,2021,6.0
REGION1,SEA1BAS,UPSMIX001,1,2022,6.0
REGION1,SEA1BAS,UPSMIX001,1,2023,6.0
REGION1,SEA1BAS,UPSMIX001,1,2024,6.0
REGION1,SEA1BAS,UPSMIX001,1,2025,6.0
REGION1,SEA1BAS,UPSMIX001,1,2027,6.0
REGION1,SEA1BAS,UPSMIX001,1,2028,6.0
REGION1,SEA1BAS,UPSMIX001,1,2029,6.0
REGION1,SEA1BAS,UPSMIX001,1,2030,6.0
REGION1,SEA1BAS,UPSMIX001,1,2033,6.0
REGION1,SEA1BAS,UPSMIX001,1,2034,6.0
REGION1,SEA1BAS,UPSMIX001,1,2038,6.0
REGION1,SEA1BAS,UPSMIX001,1,2039,6.0
REGION1,SEA1BAS,UPSMIX001,1,2040,6.0
REGION1,SEA1PEK,UPSMIX001,1,2031,6.0
REGION1,SEA1PEK,UPSMIX001,1,2032,6.0
REGION1,SEA1PEK,UPSMIX001,1,2037,6.0
REGION1,SEA2BAS,UPSMIX001,1,2026,6.0
REGION1,SEA2BAS,UPSMIX001,1,2035,6.0
REGION1,SEA2BAS,UPSMIX001,1,2036,6.0
REGION1,SEA1BAS,UPSMIX002,1,2018,6.0
REGION1,SEA1BAS,UPSMIX002,1,2019,6.0
REGION1,SEA1BAS,UPSMIX002,1,2020,6.0
REGION1,SEA1BAS,UPSMIX002,1,2021,6.0
REGION1,SEA1BAS,UPSMIX002,1,2024,6.0
REGION1,SEA1BAS,UPSMIX002,1,2026,6.0
REGION1,SEA1BAS,UPSMIX002,1,2032,6.0
REGION1,SEA1BAS,UPSMIX002,1,2033,6.0
REGION1,SEA1BAS,UPSMIX002,1,2034,6.0
REGION1,SEA1BAS,UPSMIX002,1,2036,6.0
REGION1,SEA1BAS,UPSMIX002,1,2038,6.0
REGION1,SEA1BAS,UPSMIX002,1,2039,6.0
REGION1,SEA1BAS,UPSMIX002,1,2040,6.0
REGION1,SEA1INT,UPSMIX002,1,2023,5.9912
REGION1,SEA1PEK,UPSMIX002,1,2027,6.0
REGION1,SEA1PEK,UPSMIX002,1,2028,6.0
REGION1,SEA1PEK,UPSMIX002,1,2029,6.0
REGION1,SEA1PEK,UPSMIX002,1,2031,6.0
REGION1,SEA1PEK,UPSMIX002,1,2037,6.0
REGION1,SEA2BAS,UPSMIX002,1,2022,5.9912
REGION1,SEA2BAS,UPSMIX002,1,2023,0.0088
REGION1,SEA2BAS,UPSMIX002,1,2025,6.0
REGION1,SEA2BAS,UPSMIX002,1,2030,6.0
REGION1,SEA2INT,UPSMIX002,1,2022,0.0088
REGION1,SEA2INT,UPSMIX002,1,2035,6.0
REGION1,SEA1BAS,UPSSGC001,1,2018,3.0
REGION1,SEA1BAS,UPSSGC001,1,2019,3.0
REGION1,SEA1BAS,UPSSGC001,1,2020,3.0
REGION1,SEA1BAS,UPSSGC001,1,2021,3.0
REGION1,SEA1BAS,UPSSGC001,1,2024,3.0
REGION1,SEA1BAS,UPSSGC001,1,2026,3.0
REGION1,SEA1BAS,UPSSGC001,1,2032,3.0
REGION1,SEA1BAS,UPSSGC001,1,2033,3.0
REGION1,SEA1BAS,UPSSGC001,1,2034,3.0
REGION1,SEA1BAS,UPSSGC001,1,2036,3.0
REGION1,SEA1BAS,UPSSGC001,1,2038,3.0
REGION1,SEA1BAS,UPSSGC001,1,2039,3.0
REGION1,SEA1BAS,UPSSGC001,1,2040,3.0
REGION1,SEA1INT,UPSSGC001,1,2023,2.9956
REGION1,SEA1PEK,UPSSGC001,1,2027,3.0
REGION1,SEA1PEK,UPSSGC001,1,2028,3.0
REGION1,SEA1PEK,UPSSGC001,1,2029,3.0
REGION1,SEA1PEK,UPSSGC001,1,2031,3.0
REGION1,SEA1PEK,UPSSGC001,1,2037,3.0
REGION1,SEA2BAS,UPSSGC001,1,2022,2.9956
REGION1,SEA2BAS,UPSSGC001,1,2023,0.0044
REGION1,SEA2BAS,UPSSGC001,1,2025,3.0
REGION1,SEA2BAS,UPSSGC001,1,2030,3.0
REGION1,SEA2INT,UPSSGC001,1,2022,0.0044
REGION1,SEA2INT,UPSSGC001,1,2035,3.0
