r,t,f,y,InputToNewCapacity
"EXAMPLE","DEMAGRELC","AGRELC",2019,0
"EXAMPLE","DEMAGRELC","AGRELC",2020,0
"EXAMPLE","DEMAGRELC","AGRELC",2021,0
"EXAMPLE","DEMAGRELC","AGRELC",2022,0
"EXAMPLE","DEMAGRELC","AGRWAT",2019,0
"EXAMPLE","DEMAGRELC","AGRWAT",2020,0
"EXAMPLE","DEMAGRELC","AGRWAT",2021,0
"EXAMPLE","DEMAGRELC","AGRWAT",2022,0
"EXAMPLE","DEMAGRELC","BIO",2019,0
"EXAMPLE","DEMAGRELC","BIO",2020,0
"EXAMPLE","DEMAGRELC","BIO",2021,0
"EXAMPLE","DEMAGRELC","BIO",2022,0
"EXAMPLE","DEMAGRELC","BLT",2019,0
"EXAMPLE","DEMAGRELC","BLT",2020,0
"EXAMPLE","DEMAGRELC","BLT",2021,0
"EXAMPLE","DEMAGRELC","BLT",2022,0
"EXAMPLE","DEMAGRELC","COMELC",2019,0
"EXAMPLE","DEMAGRELC","COMELC",2020,0
"EXAMPLE","DEMAGRELC","COMELC",2021,0
"EXAMPLE","DEMAGRELC","COMELC",2022,0
"EXAMPLE","DEMAGRELC","CRPCP01",2019,0
"EXAMPLE","DEMAGRELC","CRPCP01",2020,0
"EXAMPLE","DEMAGRELC","CRPCP01",2021,0
"EXAMPLE","DEMAGRELC","CRPCP01",2022,0
"EXAMPLE","DEMAGRELC","CRPCP02",2019,0
"EXAMPLE","DEMAGRELC","CRPCP02",2020,0
"EXAMPLE","DEMAGRELC","CRPCP02",2021,0
"EXAMPLE","DEMAGRELC","CRPCP02",2022,0
"EXAMPLE","DEMAGRELC","ELC001",2019,0
"EXAMPLE","DEMAGRELC","ELC001",2020,0
"EXAMPLE","DEMAGRELC","ELC001",2021,0
"EXAMPLE","DEMAGRELC","ELC001",2022,0
"EXAMPLE","DEMAGRELC","ELC002",2019,0
"EXAMPLE","DEMAGRELC","ELC002",2020,0
"EXAMPLE","DEMAGRELC","ELC002",2021,0
"EXAMPLE","DEMAGRELC","ELC002",2022,0
"EXAMPLE","DEMAGRELC","GEO",2019,0
"EXAMPLE","DEMAGRELC","GEO",2020,0
"EXAMPLE","DEMAGRELC","GEO",2021,0
"EXAMPLE","DEMAGRELC","GEO",2022,0
"EXAMPLE","DEMAGRELC","HYD",2019,0
"EXAMPLE","DEMAGRELC","HYD",2020,0
"EXAMPLE","DEMAGRELC","HYD",2021,0
"EXAMPLE","DEMAGRELC","HYD",2022,0
"EXAMPLE","DEMAGRELC","LND",2019,0
"EXAMPLE","DEMAGRELC","LND",2020,0
"EXAMPLE","DEMAGRELC","LND",2021,0
"EXAMPLE","DEMAGRELC","LND",2022,0
"EXAMPLE","DEMAGRELC","PUBWAT",2019,0
"EXAMPLE","DEMAGRELC","PUBWAT",2020,0
"EXAMPLE","DEMAGRELC","PUBWAT",2021,0
"EXAMPLE","DEMAGRELC","PUBWAT",2022,0
"EXAMPLE","DEMAGRELC","SOL",2019,0
"EXAMPLE","DEMAGRELC","SOL",2020,0
"EXAMPLE","DEMAGRELC","SOL",2021,0
"EXAMPLE","DEMAGRELC","SOL",2022,0
"EXAMPLE","DEMAGRELC","WND",2019,0
"EXAMPLE","DEMAGRELC","WND",2020,0
"EXAMPLE","DEMAGRELC","WND",2021,0
"EXAMPLE","DEMAGRELC","WND",2022,0
"EXAMPLE","DEMAGRELC","WTREVT",2019,0
"EXAMPLE","DEMAGRELC","WTREVT",2020,0
"EXAMPLE","DEMAGRELC","WTREVT",2021,0
"EXAMPLE","DEMAGRELC","WTREVT",2022,0
"EXAMPLE","DEMAGRELC","WTRGWT",2019,0
"EXAMPLE","DEMAGRELC","WTRGWT",2020,0
"EXAMPLE","DEMAGRELC","WTRGWT",2021,0
"EXAMPLE","DEMAGRELC","WTRGWT",2022,0
"EXAMPLE","DEMAGRELC","WTRPRC",2019,0
"EXAMPLE","DEMAGRELC","WTRPRC",2020,0
"EXAMPLE","DEMAGRELC","WTRPRC",2021,0
"EXAMPLE","DEMAGRELC","WTRPRC",2022,0
"EXAMPLE","DEMAGRELC","WTRSUR",2019,0
"EXAMPLE","DEMAGRELC","WTRSUR",2020,0
"EXAMPLE","DEMAGRELC","WTRSUR",2021,0
"EXAMPLE","DEMAGRELC","WTRSUR",2022,0
"EXAMPLE","DEMAGRGWTWAT","AGRELC",2019,0
"EXAMPLE","DEMAGRGWTWAT","AGRELC",2020,0
"EXAMPLE","DEMAGRGWTWAT","AGRELC",2021,0
"EXAMPLE","DEMAGRGWTWAT","AGRELC",2022,0
"EXAMPLE","DEMAGRGWTWAT","AGRWAT",2019,0
"EXAMPLE","DEMAGRGWTWAT","AGRWAT",2020,0
"EXAMPLE","DEMAGRGWTWAT","AGRWAT",2021,0
"EXAMPLE","DEMAGRGWTWAT","AGRWAT",2022,0
"EXAMPLE","DEMAGRGWTWAT","BIO",2019,0
"EXAMPLE","DEMAGRGWTWAT","BIO",2020,0
"EXAMPLE","DEMAGRGWTWAT","BIO",2021,0
"EXAMPLE","DEMAGRGWTWAT","BIO",2022,0
"EXAMPLE","DEMAGRGWTWAT","BLT",2019,0
"EXAMPLE","DEMAGRGWTWAT","BLT",2020,0
"EXAMPLE","DEMAGRGWTWAT","BLT",2021,0
"EXAMPLE","DEMAGRGWTWAT","BLT",2022,0
"EXAMPLE","DEMAGRGWTWAT","COMELC",2019,0
"EXAMPLE","DEMAGRGWTWAT","COMELC",2020,0
"EXAMPLE","DEMAGRGWTWAT","COMELC",2021,0
"EXAMPLE","DEMAGRGWTWAT","COMELC",2022,0
"EXAMPLE","DEMAGRGWTWAT","CRPCP01",2019,0
"EXAMPLE","DEMAGRGWTWAT","CRPCP01",2020,0
"EXAMPLE","DEMAGRGWTWAT","CRPCP01",2021,0
"EXAMPLE","DEMAGRGWTWAT","CRPCP01",2022,0
"EXAMPLE","DEMAGRGWTWAT","CRPCP02",2019,0
"EXAMPLE","DEMAGRGWTWAT","CRPCP02",2020,0
"EXAMPLE","DEMAGRGWTWAT","CRPCP02",2021,0
"EXAMPLE","DEMAGRGWTWAT","CRPCP02",2022,0
"EXAMPLE","DEMAGRGWTWAT","ELC001",2019,0
"EXAMPLE","DEMAGRGWTWAT","ELC001",2020,0
"EXAMPLE","DEMAGRGWTWAT","ELC001",2021,0
"EXAMPLE","DEMAGRGWTWAT","ELC001",2022,0
"EXAMPLE","DEMAGRGWTWAT","ELC002",2019,0
"EXAMPLE","DEMAGRGWTWAT","ELC002",2020,0
"EXAMPLE","DEMAGRGWTWAT","ELC002",2021,0
"EXAMPLE","DEMAGRGWTWAT","ELC002",2022,0
"EXAMPLE","DEMAGRGWTWAT","GEO",2019,0
"EXAMPLE","DEMAGRGWTWAT","GEO",2020,0
"EXAMPLE","DEMAGRGWTWAT","GEO",2021,0
"EXAMPLE","DEMAGRGWTWAT","GEO",2022,0
"EXAMPLE","DEMAGRGWTWAT","HYD",2019,0
"EXAMPLE","DEMAGRGWTWAT","HYD",2020,0
"EXAMPLE","DEMAGRGWTWAT","HYD",2021,0
"EXAMPLE","DEMAGRGWTWAT","HYD",2022,0
"EXAMPLE","DEMAGRGWTWAT","LND",2019,0
"EXAMPLE","DEMAGRGWTWAT","LND",2020,0
"EXAMPLE","DEMAGRGWTWAT","LND",2021,0
"EXAMPLE","DEMAGRGWTWAT","LND",2022,0
"EXAMPLE","DEMAGRGWTWAT","PUBWAT",2019,0
"EXAMPLE","DEMAGRGWTWAT","PUBWAT",2020,0
"EXAMPLE","DEMAGRGWTWAT","PUBWAT",2021,0
"EXAMPLE","DEMAGRGWTWAT","PUBWAT",2022,0
"EXAMPLE","DEMAGRGWTWAT","SOL",2019,0
"EXAMPLE","DEMAGRGWTWAT","SOL",2020,0
"EXAMPLE","DEMAGRGWTWAT","SOL",2021,0
"EXAMPLE","DEMAGRGWTWAT","SOL",2022,0
"EXAMPLE","DEMAGRGWTWAT","WND",2019,0
"EXAMPLE","DEMAGRGWTWAT","WND",2020,0
"EXAMPLE","DEMAGRGWTWAT","WND",2021,0
"EXAMPLE","DEMAGRGWTWAT","WND",2022,0
"EXAMPLE","DEMAGRGWTWAT","WTREVT",2019,0
"EXAMPLE","DEMAGRGWTWAT","WTREVT",2020,0
"EXAMPLE","DEMAGRGWTWAT","WTREVT",2021,0
"EXAMPLE","DEMAGRGWTWAT","WTREVT",2022,0
"EXAMPLE","DEMAGRGWTWAT","WTRGWT",2019,0
"EXAMPLE","DEMAGRGWTWAT","WTRGWT",2020,0
"EXAMPLE","DEMAGRGWTWAT","WTRGWT",2021,0
"EXAMPLE","DEMAGRGWTWAT","WTRGWT",2022,0
"EXAMPLE","DEMAGRGWTWAT","WTRPRC",2019,0
"EXAMPLE","DEMAGRGWTWAT","WTRPRC",2020,0
"EXAMPLE","DEMAGRGWTWAT","WTRPRC",2021,0
"EXAMPLE","DEMAGRGWTWAT","WTRPRC",2022,0
"EXAMPLE","DEMAGRGWTWAT","WTRSUR",2019,0
"EXAMPLE","DEMAGRGWTWAT","WTRSUR",2020,0
"EXAMPLE","DEMAGRGWTWAT","WTRSUR",2021,0
"EXAMPLE","DEMAGRGWTWAT","WTRSUR",2022,0
"EXAMPLE","DEMAGRSURWAT","AGRELC",2019,0
"EXAMPLE","DEMAGRSURWAT","AGRELC",2020,0
"EXAMPLE","DEMAGRSURWAT","AGRELC",2021,0
"EXAMPLE","DEMAGRSURWAT","AGRELC",2022,0
"EXAMPLE","DEMAGRSURWAT","AGRWAT",2019,0
"EXAMPLE","DEMAGRSURWAT","AGRWAT",2020,0
"EXAMPLE","DEMAGRSURWAT","AGRWAT",2021,0
"EXAMPLE","DEMAGRSURWAT","AGRWAT",2022,0
"EXAMPLE","DEMAGRSURWAT","BIO",2019,0
"EXAMPLE","DEMAGRSURWAT","BIO",2020,0
"EXAMPLE","DEMAGRSURWAT","BIO",2021,0
"EXAMPLE","DEMAGRSURWAT","BIO",2022,0
"EXAMPLE","DEMAGRSURWAT","BLT",2019,0
"EXAMPLE","DEMAGRSURWAT","BLT",2020,0
"EXAMPLE","DEMAGRSURWAT","BLT",2021,0
"EXAMPLE","DEMAGRSURWAT","BLT",2022,0
"EXAMPLE","DEMAGRSURWAT","COMELC",2019,0
"EXAMPLE","DEMAGRSURWAT","COMELC",2020,0
"EXAMPLE","DEMAGRSURWAT","COMELC",2021,0
"EXAMPLE","DEMAGRSURWAT","COMELC",2022,0
"EXAMPLE","DEMAGRSURWAT","CRPCP01",2019,0
"EXAMPLE","DEMAGRSURWAT","CRPCP01",2020,0
"EXAMPLE","DEMAGRSURWAT","CRPCP01",2021,0
"EXAMPLE","DEMAGRSURWAT","CRPCP01",2022,0
"EXAMPLE","DEMAGRSURWAT","CRPCP02",2019,0
"EXAMPLE","DEMAGRSURWAT","CRPCP02",2020,0
"EXAMPLE","DEMAGRSURWAT","CRPCP02",2021,0
"EXAMPLE","DEMAGRSURWAT","CRPCP02",2022,0
"EXAMPLE","DEMAGRSURWAT","ELC001",2019,0
"EXAMPLE","DEMAGRSURWAT","ELC001",2020,0
"EXAMPLE","DEMAGRSURWAT","ELC001",2021,0
"EXAMPLE","DEMAGRSURWAT","ELC001",2022,0
"EXAMPLE","DEMAGRSURWAT","ELC002",2019,0
"EXAMPLE","DEMAGRSURWAT","ELC002",2020,0
"EXAMPLE","DEMAGRSURWAT","ELC002",2021,0
"EXAMPLE","DEMAGRSURWAT","ELC002",2022,0
"EXAMPLE","DEMAGRSURWAT","GEO",2019,0
"EXAMPLE","DEMAGRSURWAT","GEO",2020,0
"EXAMPLE","DEMAGRSURWAT","GEO",2021,0
"EXAMPLE","DEMAGRSURWAT","GEO",2022,0
"EXAMPLE","DEMAGRSURWAT","HYD",2019,0
"EXAMPLE","DEMAGRSURWAT","HYD",2020,0
"EXAMPLE","DEMAGRSURWAT","HYD",2021,0
"EXAMPLE","DEMAGRSURWAT","HYD",2022,0
"EXAMPLE","DEMAGRSURWAT","LND",2019,0
"EXAMPLE","DEMAGRSURWAT","LND",2020,0
"EXAMPLE","DEMAGRSURWAT","LND",2021,0
"EXAMPLE","DEMAGRSURWAT","LND",2022,0
"EXAMPLE","DEMAGRSURWAT","PUBWAT",2019,0
"EXAMPLE","DEMAGRSURWAT","PUBWAT",2020,0
"EXAMPLE","DEMAGRSURWAT","PUBWAT",2021,0
"EXAMPLE","DEMAGRSURWAT","PUBWAT",2022,0
"EXAMPLE","DEMAGRSURWAT","SOL",2019,0
"EXAMPLE","DEMAGRSURWAT","SOL",2020,0
"EXAMPLE","DEMAGRSURWAT","SOL",2021,0
"EXAMPLE","DEMAGRSURWAT","SOL",2022,0
"EXAMPLE","DEMAGRSURWAT","WND",2019,0
"EXAMPLE","DEMAGRSURWAT","WND",2020,0
"EXAMPLE","DEMAGRSURWAT","WND",2021,0
"EXAMPLE","DEMAGRSURWAT","WND",2022,0
"EXAMPLE","DEMAGRSURWAT","WTREVT",2019,0
"EXAMPLE","DEMAGRSURWAT","WTREVT",2020,0
"EXAMPLE","DEMAGRSURWAT","WTREVT",2021,0
"EXAMPLE","DEMAGRSURWAT","WTREVT",2022,0
"EXAMPLE","DEMAGRSURWAT","WTRGWT",2019,0
"EXAMPLE","DEMAGRSURWAT","WTRGWT",2020,0
"EXAMPLE","DEMAGRSURWAT","WTRGWT",2021,0
"EXAMPLE","DEMAGRSURWAT","WTRGWT",2022,0
"EXAMPLE","DEMAGRSURWAT","WTRPRC",2019,0
"EXAMPLE","DEMAGRSURWAT","WTRPRC",2020,0
"EXAMPLE","DEMAGRSURWAT","WTRPRC",2021,0
"EXAMPLE","DEMAGRSURWAT","WTRPRC",2022,0
"EXAMPLE","DEMAGRSURWAT","WTRSUR",2019,0
"EXAMPLE","DEMAGRSURWAT","WTRSUR",2020,0
"EXAMPLE","DEMAGRSURWAT","WTRSUR",2021,0
"EXAMPLE","DEMAGRSURWAT","WTRSUR",2022,0
"EXAMPLE","DEMCOMELC","AGRELC",2019,0
"EXAMPLE","DEMCOMELC","AGRELC",2020,0
"EXAMPLE","DEMCOMELC","AGRELC",2021,0
"EXAMPLE","DEMCOMELC","AGRELC",2022,0
"EXAMPLE","DEMCOMELC","AGRWAT",2019,0
"EXAMPLE","DEMCOMELC","AGRWAT",2020,0
"EXAMPLE","DEMCOMELC","AGRWAT",2021,0
"EXAMPLE","DEMCOMELC","AGRWAT",2022,0
"EXAMPLE","DEMCOMELC","BIO",2019,0
"EXAMPLE","DEMCOMELC","BIO",2020,0
"EXAMPLE","DEMCOMELC","BIO",2021,0
"EXAMPLE","DEMCOMELC","BIO",2022,0
"EXAMPLE","DEMCOMELC","BLT",2019,0
"EXAMPLE","DEMCOMELC","BLT",2020,0
"EXAMPLE","DEMCOMELC","BLT",2021,0
"EXAMPLE","DEMCOMELC","BLT",2022,0
"EXAMPLE","DEMCOMELC","COMELC",2019,0
"EXAMPLE","DEMCOMELC","COMELC",2020,0
"EXAMPLE","DEMCOMELC","COMELC",2021,0
"EXAMPLE","DEMCOMELC","COMELC",2022,0
"EXAMPLE","DEMCOMELC","CRPCP01",2019,0
"EXAMPLE","DEMCOMELC","CRPCP01",2020,0
"EXAMPLE","DEMCOMELC","CRPCP01",2021,0
"EXAMPLE","DEMCOMELC","CRPCP01",2022,0
"EXAMPLE","DEMCOMELC","CRPCP02",2019,0
"EXAMPLE","DEMCOMELC","CRPCP02",2020,0
"EXAMPLE","DEMCOMELC","CRPCP02",2021,0
"EXAMPLE","DEMCOMELC","CRPCP02",2022,0
"EXAMPLE","DEMCOMELC","ELC001",2019,0
"EXAMPLE","DEMCOMELC","ELC001",2020,0
"EXAMPLE","DEMCOMELC","ELC001",2021,0
"EXAMPLE","DEMCOMELC","ELC001",2022,0
"EXAMPLE","DEMCOMELC","ELC002",2019,0
"EXAMPLE","DEMCOMELC","ELC002",2020,0
"EXAMPLE","DEMCOMELC","ELC002",2021,0
"EXAMPLE","DEMCOMELC","ELC002",2022,0
"EXAMPLE","DEMCOMELC","GEO",2019,0
"EXAMPLE","DEMCOMELC","GEO",2020,0
"EXAMPLE","DEMCOMELC","GEO",2021,0
"EXAMPLE","DEMCOMELC","GEO",2022,0
"EXAMPLE","DEMCOMELC","HYD",2019,0
"EXAMPLE","DEMCOMELC","HYD",2020,0
"EXAMPLE","DEMCOMELC","HYD",2021,0
"EXAMPLE","DEMCOMELC","HYD",2022,0
"EXAMPLE","DEMCOMELC","LND",2019,0
"EXAMPLE","DEMCOMELC","LND",2020,0
"EXAMPLE","DEMCOMELC","LND",2021,0
"EXAMPLE","DEMCOMELC","LND",2022,0
"EXAMPLE","DEMCOMELC","PUBWAT",2019,0
"EXAMPLE","DEMCOMELC","PUBWAT",2020,0
"EXAMPLE","DEMCOMELC","PUBWAT",2021,0
"EXAMPLE","DEMCOMELC","PUBWAT",2022,0
"EXAMPLE","DEMCOMELC","SOL",2019,0
"EXAMPLE","DEMCOMELC","SOL",2020,0
"EXAMPLE","DEMCOMELC","SOL",2021,0
"EXAMPLE","DEMCOMELC","SOL",2022,0
"EXAMPLE","DEMCOMELC","WND",2019,0
"EXAMPLE","DEMCOMELC","WND",2020,0
"EXAMPLE","DEMCOMELC","WND",2021,0
"EXAMPLE","DEMCOMELC","WND",2022,0
"EXAMPLE","DEMCOMELC","WTREVT",2019,0
"EXAMPLE","DEMCOMELC","WTREVT",2020,0
"EXAMPLE","DEMCOMELC","WTREVT",2021,0
"EXAMPLE","DEMCOMELC","WTREVT",2022,0
"EXAMPLE","DEMCOMELC","WTRGWT",2019,0
"EXAMPLE","DEMCOMELC","WTRGWT",2020,0
"EXAMPLE","DEMCOMELC","WTRGWT",2021,0
"EXAMPLE","DEMCOMELC","WTRGWT",2022,0
"EXAMPLE","DEMCOMELC","WTRPRC",2019,0
"EXAMPLE","DEMCOMELC","WTRPRC",2020,0
"EXAMPLE","DEMCOMELC","WTRPRC",2021,0
"EXAMPLE","DEMCOMELC","WTRPRC",2022,0
"EXAMPLE","DEMCOMELC","WTRSUR",2019,0
"EXAMPLE","DEMCOMELC","WTRSUR",2020,0
"EXAMPLE","DEMCOMELC","WTRSUR",2021,0
"EXAMPLE","DEMCOMELC","WTRSUR",2022,0
"EXAMPLE","DEMPUBGWTWAT","AGRELC",2019,0
"EXAMPLE","DEMPUBGWTWAT","AGRELC",2020,0
"EXAMPLE","DEMPUBGWTWAT","AGRELC",2021,0
"EXAMPLE","DEMPUBGWTWAT","AGRELC",2022,0
"EXAMPLE","DEMPUBGWTWAT","AGRWAT",2019,0
"EXAMPLE","DEMPUBGWTWAT","AGRWAT",2020,0
"EXAMPLE","DEMPUBGWTWAT","AGRWAT",2021,0
"EXAMPLE","DEMPUBGWTWAT","AGRWAT",2022,0
"EXAMPLE","DEMPUBGWTWAT","BIO",2019,0
"EXAMPLE","DEMPUBGWTWAT","BIO",2020,0
"EXAMPLE","DEMPUBGWTWAT","BIO",2021,0
"EXAMPLE","DEMPUBGWTWAT","BIO",2022,0
"EXAMPLE","DEMPUBGWTWAT","BLT",2019,0
"EXAMPLE","DEMPUBGWTWAT","BLT",2020,0
"EXAMPLE","DEMPUBGWTWAT","BLT",2021,0
"EXAMPLE","DEMPUBGWTWAT","BLT",2022,0
"EXAMPLE","DEMPUBGWTWAT","COMELC",2019,0
"EXAMPLE","DEMPUBGWTWAT","COMELC",2020,0
"EXAMPLE","DEMPUBGWTWAT","COMELC",2021,0
"EXAMPLE","DEMPUBGWTWAT","COMELC",2022,0
"EXAMPLE","DEMPUBGWTWAT","CRPCP01",2019,0
"EXAMPLE","DEMPUBGWTWAT","CRPCP01",2020,0
"EXAMPLE","DEMPUBGWTWAT","CRPCP01",2021,0
"EXAMPLE","DEMPUBGWTWAT","CRPCP01",2022,0
"EXAMPLE","DEMPUBGWTWAT","CRPCP02",2019,0
"EXAMPLE","DEMPUBGWTWAT","CRPCP02",2020,0
"EXAMPLE","DEMPUBGWTWAT","CRPCP02",2021,0
"EXAMPLE","DEMPUBGWTWAT","CRPCP02",2022,0
"EXAMPLE","DEMPUBGWTWAT","ELC001",2019,0
"EXAMPLE","DEMPUBGWTWAT","ELC001",2020,0
"EXAMPLE","DEMPUBGWTWAT","ELC001",2021,0
"EXAMPLE","DEMPUBGWTWAT","ELC001",2022,0
"EXAMPLE","DEMPUBGWTWAT","ELC002",2019,0
"EXAMPLE","DEMPUBGWTWAT","ELC002",2020,0
"EXAMPLE","DEMPUBGWTWAT","ELC002",2021,0
"EXAMPLE","DEMPUBGWTWAT","ELC002",2022,0
"EXAMPLE","DEMPUBGWTWAT","GEO",2019,0
"EXAMPLE","DEMPUBGWTWAT","GEO",2020,0
"EXAMPLE","DEMPUBGWTWAT","GEO",2021,0
"EXAMPLE","DEMPUBGWTWAT","GEO",2022,0
"EXAMPLE","DEMPUBGWTWAT","HYD",2019,0
"EXAMPLE","DEMPUBGWTWAT","HYD",2020,0
"EXAMPLE","DEMPUBGWTWAT","HYD",2021,0
"EXAMPLE","DEMPUBGWTWAT","HYD",2022,0
"EXAMPLE","DEMPUBGWTWAT","LND",2019,0
"EXAMPLE","DEMPUBGWTWAT","LND",2020,0
"EXAMPLE","DEMPUBGWTWAT","LND",2021,0
"EXAMPLE","DEMPUBGWTWAT","LND",2022,0
"EXAMPLE","DEMPUBGWTWAT","PUBWAT",2019,0
"EXAMPLE","DEMPUBGWTWAT","PUBWAT",2020,0
"EXAMPLE","DEMPUBGWTWAT","PUBWAT",2021,0
"EXAMPLE","DEMPUBGWTWAT","PUBWAT",2022,0
"EXAMPLE","DEMPUBGWTWAT","SOL",2019,0
"EXAMPLE","DEMPUBGWTWAT","SOL",2020,0
"EXAMPLE","DEMPUBGWTWAT","SOL",2021,0
"EXAMPLE","DEMPUBGWTWAT","SOL",2022,0
"EXAMPLE","DEMPUBGWTWAT","WND",2019,0
"EXAMPLE","DEMPUBGWTWAT","WND",2020,0
"EXAMPLE","DEMPUBGWTWAT","WND",2021,0
"EXAMPLE","DEMPUBGWTWAT","WND",2022,0
"EXAMPLE","DEMPUBGWTWAT","WTREVT",2019,0
"EXAMPLE","DEMPUBGWTWAT","WTREVT",2020,0
"EXAMPLE","DEMPUBGWTWAT","WTREVT",2021,0
"EXAMPLE","DEMPUBGWTWAT","WTREVT",2022,0
"EXAMPLE","DEMPUBGWTWAT","WTRGWT",2019,0
"EXAMPLE","DEMPUBGWTWAT","WTRGWT",2020,0
"EXAMPLE","DEMPUBGWTWAT","WTRGWT",2021,0
"EXAMPLE","DEMPUBGWTWAT","WTRGWT",2022,0
"EXAMPLE","DEMPUBGWTWAT","WTRPRC",2019,0
"EXAMPLE","DEMPUBGWTWAT","WTRPRC",2020,0
"EXAMPLE","DEMPUBGWTWAT","WTRPRC",2021,0
"EXAMPLE","DEMPUBGWTWAT","WTRPRC",2022,0
"EXAMPLE","DEMPUBGWTWAT","WTRSUR",2019,0
"EXAMPLE","DEMPUBGWTWAT","WTRSUR",2020,0
"EXAMPLE","DEMPUBGWTWAT","WTRSUR",2021,0
"EXAMPLE","DEMPUBGWTWAT","WTRSUR",2022,0
"EXAMPLE","DEMPUBSURWAT","AGRELC",2019,0
"EXAMPLE","DEMPUBSURWAT","AGRELC",2020,0
"EXAMPLE","DEMPUBSURWAT","AGRELC",2021,0
"EXAMPLE","DEMPUBSURWAT","AGRELC",2022,0
"EXAMPLE","DEMPUBSURWAT","AGRWAT",2019,0
"EXAMPLE","DEMPUBSURWAT","AGRWAT",2020,0
"EXAMPLE","DEMPUBSURWAT","AGRWAT",2021,0
"EXAMPLE","DEMPUBSURWAT","AGRWAT",2022,0
"EXAMPLE","DEMPUBSURWAT","BIO",2019,0
"EXAMPLE","DEMPUBSURWAT","BIO",2020,0
"EXAMPLE","DEMPUBSURWAT","BIO",2021,0
"EXAMPLE","DEMPUBSURWAT","BIO",2022,0
"EXAMPLE","DEMPUBSURWAT","BLT",2019,0
"EXAMPLE","DEMPUBSURWAT","BLT",2020,0
"EXAMPLE","DEMPUBSURWAT","BLT",2021,0
"EXAMPLE","DEMPUBSURWAT","BLT",2022,0
"EXAMPLE","DEMPUBSURWAT","COMELC",2019,0
"EXAMPLE","DEMPUBSURWAT","COMELC",2020,0
"EXAMPLE","DEMPUBSURWAT","COMELC",2021,0
"EXAMPLE","DEMPUBSURWAT","COMELC",2022,0
"EXAMPLE","DEMPUBSURWAT","CRPCP01",2019,0
"EXAMPLE","DEMPUBSURWAT","CRPCP01",2020,0
"EXAMPLE","DEMPUBSURWAT","CRPCP01",2021,0
"EXAMPLE","DEMPUBSURWAT","CRPCP01",2022,0
"EXAMPLE","DEMPUBSURWAT","CRPCP02",2019,0
"EXAMPLE","DEMPUBSURWAT","CRPCP02",2020,0
"EXAMPLE","DEMPUBSURWAT","CRPCP02",2021,0
"EXAMPLE","DEMPUBSURWAT","CRPCP02",2022,0
"EXAMPLE","DEMPUBSURWAT","ELC001",2019,0
"EXAMPLE","DEMPUBSURWAT","ELC001",2020,0
"EXAMPLE","DEMPUBSURWAT","ELC001",2021,0
"EXAMPLE","DEMPUBSURWAT","ELC001",2022,0
"EXAMPLE","DEMPUBSURWAT","ELC002",2019,0
"EXAMPLE","DEMPUBSURWAT","ELC002",2020,0
"EXAMPLE","DEMPUBSURWAT","ELC002",2021,0
"EXAMPLE","DEMPUBSURWAT","ELC002",2022,0
"EXAMPLE","DEMPUBSURWAT","GEO",2019,0
"EXAMPLE","DEMPUBSURWAT","GEO",2020,0
"EXAMPLE","DEMPUBSURWAT","GEO",2021,0
"EXAMPLE","DEMPUBSURWAT","GEO",2022,0
"EXAMPLE","DEMPUBSURWAT","HYD",2019,0
"EXAMPLE","DEMPUBSURWAT","HYD",2020,0
"EXAMPLE","DEMPUBSURWAT","HYD",2021,0
"EXAMPLE","DEMPUBSURWAT","HYD",2022,0
"EXAMPLE","DEMPUBSURWAT","LND",2019,0
"EXAMPLE","DEMPUBSURWAT","LND",2020,0
"EXAMPLE","DEMPUBSURWAT","LND",2021,0
"EXAMPLE","DEMPUBSURWAT","LND",2022,0
"EXAMPLE","DEMPUBSURWAT","PUBWAT",2019,0
"EXAMPLE","DEMPUBSURWAT","PUBWAT",2020,0
"EXAMPLE","DEMPUBSURWAT","PUBWAT",2021,0
"EXAMPLE","DEMPUBSURWAT","PUBWAT",2022,0
"EXAMPLE","DEMPUBSURWAT","SOL",2019,0
"EXAMPLE","DEMPUBSURWAT","SOL",2020,0
"EXAMPLE","DEMPUBSURWAT","SOL",2021,0
"EXAMPLE","DEMPUBSURWAT","SOL",2022,0
"EXAMPLE","DEMPUBSURWAT","WND",2019,0
"EXAMPLE","DEMPUBSURWAT","WND",2020,0
"EXAMPLE","DEMPUBSURWAT","WND",2021,0
"EXAMPLE","DEMPUBSURWAT","WND",2022,0
"EXAMPLE","DEMPUBSURWAT","WTREVT",2019,0
"EXAMPLE","DEMPUBSURWAT","WTREVT",2020,0
"EXAMPLE","DEMPUBSURWAT","WTREVT",2021,0
"EXAMPLE","DEMPUBSURWAT","WTREVT",2022,0
"EXAMPLE","DEMPUBSURWAT","WTRGWT",2019,0
"EXAMPLE","DEMPUBSURWAT","WTRGWT",2020,0
"EXAMPLE","DEMPUBSURWAT","WTRGWT",2021,0
"EXAMPLE","DEMPUBSURWAT","WTRGWT",2022,0
"EXAMPLE","DEMPUBSURWAT","WTRPRC",2019,0
"EXAMPLE","DEMPUBSURWAT","WTRPRC",2020,0
"EXAMPLE","DEMPUBSURWAT","WTRPRC",2021,0
"EXAMPLE","DEMPUBSURWAT","WTRPRC",2022,0
"EXAMPLE","DEMPUBSURWAT","WTRSUR",2019,0
"EXAMPLE","DEMPUBSURWAT","WTRSUR",2020,0
"EXAMPLE","DEMPUBSURWAT","WTRSUR",2021,0
"EXAMPLE","DEMPUBSURWAT","WTRSUR",2022,0
"EXAMPLE","LNDAGR001","AGRELC",2019,0
"EXAMPLE","LNDAGR001","AGRELC",2020,0
"EXAMPLE","LNDAGR001","AGRELC",2021,0
"EXAMPLE","LNDAGR001","AGRELC",2022,0
"EXAMPLE","LNDAGR001","AGRWAT",2019,0
"EXAMPLE","LNDAGR001","AGRWAT",2020,0
"EXAMPLE","LNDAGR001","AGRWAT",2021,0
"EXAMPLE","LNDAGR001","AGRWAT",2022,0
"EXAMPLE","LNDAGR001","BIO",2019,0
"EXAMPLE","LNDAGR001","BIO",2020,0
"EXAMPLE","LNDAGR001","BIO",2021,0
"EXAMPLE","LNDAGR001","BIO",2022,0
"EXAMPLE","LNDAGR001","BLT",2019,0
"EXAMPLE","LNDAGR001","BLT",2020,0
"EXAMPLE","LNDAGR001","BLT",2021,0
"EXAMPLE","LNDAGR001","BLT",2022,0
"EXAMPLE","LNDAGR001","COMELC",2019,0
"EXAMPLE","LNDAGR001","COMELC",2020,0
"EXAMPLE","LNDAGR001","COMELC",2021,0
"EXAMPLE","LNDAGR001","COMELC",2022,0
"EXAMPLE","LNDAGR001","CRPCP01",2019,0
"EXAMPLE","LNDAGR001","CRPCP01",2020,0
"EXAMPLE","LNDAGR001","CRPCP01",2021,0
"EXAMPLE","LNDAGR001","CRPCP01",2022,0
"EXAMPLE","LNDAGR001","CRPCP02",2019,0
"EXAMPLE","LNDAGR001","CRPCP02",2020,0
"EXAMPLE","LNDAGR001","CRPCP02",2021,0
"EXAMPLE","LNDAGR001","CRPCP02",2022,0
"EXAMPLE","LNDAGR001","ELC001",2019,0
"EXAMPLE","LNDAGR001","ELC001",2020,0
"EXAMPLE","LNDAGR001","ELC001",2021,0
"EXAMPLE","LNDAGR001","ELC001",2022,0
"EXAMPLE","LNDAGR001","ELC002",2019,0
"EXAMPLE","LNDAGR001","ELC002",2020,0
"EXAMPLE","LNDAGR001","ELC002",2021,0
"EXAMPLE","LNDAGR001","ELC002",2022,0
"EXAMPLE","LNDAGR001","GEO",2019,0
"EXAMPLE","LNDAGR001","GEO",2020,0
"EXAMPLE","LNDAGR001","GEO",2021,0
"EXAMPLE","LNDAGR001","GEO",2022,0
"EXAMPLE","LNDAGR001","HYD",2019,0
"EXAMPLE","LNDAGR001","HYD",2020,0
"EXAMPLE","LNDAGR001","HYD",2021,0
"EXAMPLE","LNDAGR001","HYD",2022,0
"EXAMPLE","LNDAGR001","LND",2019,0
"EXAMPLE","LNDAGR001","LND",2020,0
"EXAMPLE","LNDAGR001","LND",2021,0
"EXAMPLE","LNDAGR001","LND",2022,0
"EXAMPLE","LNDAGR001","PUBWAT",2019,0
"EXAMPLE","LNDAGR001","PUBWAT",2020,0
"EXAMPLE","LNDAGR001","PUBWAT",2021,0
"EXAMPLE","LNDAGR001","PUBWAT",2022,0
"EXAMPLE","LNDAGR001","SOL",2019,0
"EXAMPLE","LNDAGR001","SOL",2020,0
"EXAMPLE","LNDAGR001","SOL",2021,0
"EXAMPLE","LNDAGR001","SOL",2022,0
"EXAMPLE","LNDAGR001","WND",2019,0
"EXAMPLE","LNDAGR001","WND",2020,0
"EXAMPLE","LNDAGR001","WND",2021,0
"EXAMPLE","LNDAGR001","WND",2022,0
"EXAMPLE","LNDAGR001","WTREVT",2019,0
"EXAMPLE","LNDAGR001","WTREVT",2020,0
"EXAMPLE","LNDAGR001","WTREVT",2021,0
"EXAMPLE","LNDAGR001","WTREVT",2022,0
"EXAMPLE","LNDAGR001","WTRGWT",2019,0
"EXAMPLE","LNDAGR001","WTRGWT",2020,0
"EXAMPLE","LNDAGR001","WTRGWT",2021,0
"EXAMPLE","LNDAGR001","WTRGWT",2022,0
"EXAMPLE","LNDAGR001","WTRPRC",2019,0
"EXAMPLE","LNDAGR001","WTRPRC",2020,0
"EXAMPLE","LNDAGR001","WTRPRC",2021,0
"EXAMPLE","LNDAGR001","WTRPRC",2022,0
"EXAMPLE","LNDAGR001","WTRSUR",2019,0
"EXAMPLE","LNDAGR001","WTRSUR",2020,0
"EXAMPLE","LNDAGR001","WTRSUR",2021,0
"EXAMPLE","LNDAGR001","WTRSUR",2022,0
"EXAMPLE","MINBIO","AGRELC",2019,0
"EXAMPLE","MINBIO","AGRELC",2020,0
"EXAMPLE","MINBIO","AGRELC",2021,0
"EXAMPLE","MINBIO","AGRELC",2022,0
"EXAMPLE","MINBIO","AGRWAT",2019,0
"EXAMPLE","MINBIO","AGRWAT",2020,0
"EXAMPLE","MINBIO","AGRWAT",2021,0
"EXAMPLE","MINBIO","AGRWAT",2022,0
"EXAMPLE","MINBIO","BIO",2019,0
"EXAMPLE","MINBIO","BIO",2020,0
"EXAMPLE","MINBIO","BIO",2021,0
"EXAMPLE","MINBIO","BIO",2022,0
"EXAMPLE","MINBIO","BLT",2019,0
"EXAMPLE","MINBIO","BLT",2020,0
"EXAMPLE","MINBIO","BLT",2021,0
"EXAMPLE","MINBIO","BLT",2022,0
"EXAMPLE","MINBIO","COMELC",2019,0
"EXAMPLE","MINBIO","COMELC",2020,0
"EXAMPLE","MINBIO","COMELC",2021,0
"EXAMPLE","MINBIO","COMELC",2022,0
"EXAMPLE","MINBIO","CRPCP01",2019,0
"EXAMPLE","MINBIO","CRPCP01",2020,0
"EXAMPLE","MINBIO","CRPCP01",2021,0
"EXAMPLE","MINBIO","CRPCP01",2022,0
"EXAMPLE","MINBIO","CRPCP02",2019,0
"EXAMPLE","MINBIO","CRPCP02",2020,0
"EXAMPLE","MINBIO","CRPCP02",2021,0
"EXAMPLE","MINBIO","CRPCP02",2022,0
"EXAMPLE","MINBIO","ELC001",2019,0
"EXAMPLE","MINBIO","ELC001",2020,0
"EXAMPLE","MINBIO","ELC001",2021,0
"EXAMPLE","MINBIO","ELC001",2022,0
"EXAMPLE","MINBIO","ELC002",2019,0
"EXAMPLE","MINBIO","ELC002",2020,0
"EXAMPLE","MINBIO","ELC002",2021,0
"EXAMPLE","MINBIO","ELC002",2022,0
"EXAMPLE","MINBIO","GEO",2019,0
"EXAMPLE","MINBIO","GEO",2020,0
"EXAMPLE","MINBIO","GEO",2021,0
"EXAMPLE","MINBIO","GEO",2022,0
"EXAMPLE","MINBIO","HYD",2019,0
"EXAMPLE","MINBIO","HYD",2020,0
"EXAMPLE","MINBIO","HYD",2021,0
"EXAMPLE","MINBIO","HYD",2022,0
"EXAMPLE","MINBIO","LND",2019,0
"EXAMPLE","MINBIO","LND",2020,0
"EXAMPLE","MINBIO","LND",2021,0
"EXAMPLE","MINBIO","LND",2022,0
"EXAMPLE","MINBIO","PUBWAT",2019,0
"EXAMPLE","MINBIO","PUBWAT",2020,0
"EXAMPLE","MINBIO","PUBWAT",2021,0
"EXAMPLE","MINBIO","PUBWAT",2022,0
"EXAMPLE","MINBIO","SOL",2019,0
"EXAMPLE","MINBIO","SOL",2020,0
"EXAMPLE","MINBIO","SOL",2021,0
"EXAMPLE","MINBIO","SOL",2022,0
"EXAMPLE","MINBIO","WND",2019,0
"EXAMPLE","MINBIO","WND",2020,0
"EXAMPLE","MINBIO","WND",2021,0
"EXAMPLE","MINBIO","WND",2022,0
"EXAMPLE","MINBIO","WTREVT",2019,0
"EXAMPLE","MINBIO","WTREVT",2020,0
"EXAMPLE","MINBIO","WTREVT",2021,0
"EXAMPLE","MINBIO","WTREVT",2022,0
"EXAMPLE","MINBIO","WTRGWT",2019,0
"EXAMPLE","MINBIO","WTRGWT",2020,0
"EXAMPLE","MINBIO","WTRGWT",2021,0
"EXAMPLE","MINBIO","WTRGWT",2022,0
"EXAMPLE","MINBIO","WTRPRC",2019,0
"EXAMPLE","MINBIO","WTRPRC",2020,0
"EXAMPLE","MINBIO","WTRPRC",2021,0
"EXAMPLE","MINBIO","WTRPRC",2022,0
"EXAMPLE","MINBIO","WTRSUR",2019,0
"EXAMPLE","MINBIO","WTRSUR",2020,0
"EXAMPLE","MINBIO","WTRSUR",2021,0
"EXAMPLE","MINBIO","WTRSUR",2022,0
"EXAMPLE","MINGEO","AGRELC",2019,0
"EXAMPLE","MINGEO","AGRELC",2020,0
"EXAMPLE","MINGEO","AGRELC",2021,0
"EXAMPLE","MINGEO","AGRELC",2022,0
"EXAMPLE","MINGEO","AGRWAT",2019,0
"EXAMPLE","MINGEO","AGRWAT",2020,0
"EXAMPLE","MINGEO","AGRWAT",2021,0
"EXAMPLE","MINGEO","AGRWAT",2022,0
"EXAMPLE","MINGEO","BIO",2019,0
"EXAMPLE","MINGEO","BIO",2020,0
"EXAMPLE","MINGEO","BIO",2021,0
"EXAMPLE","MINGEO","BIO",2022,0
"EXAMPLE","MINGEO","BLT",2019,0
"EXAMPLE","MINGEO","BLT",2020,0
"EXAMPLE","MINGEO","BLT",2021,0
"EXAMPLE","MINGEO","BLT",2022,0
"EXAMPLE","MINGEO","COMELC",2019,0
"EXAMPLE","MINGEO","COMELC",2020,0
"EXAMPLE","MINGEO","COMELC",2021,0
"EXAMPLE","MINGEO","COMELC",2022,0
"EXAMPLE","MINGEO","CRPCP01",2019,0
"EXAMPLE","MINGEO","CRPCP01",2020,0
"EXAMPLE","MINGEO","CRPCP01",2021,0
"EXAMPLE","MINGEO","CRPCP01",2022,0
"EXAMPLE","MINGEO","CRPCP02",2019,0
"EXAMPLE","MINGEO","CRPCP02",2020,0
"EXAMPLE","MINGEO","CRPCP02",2021,0
"EXAMPLE","MINGEO","CRPCP02",2022,0
"EXAMPLE","MINGEO","ELC001",2019,0
"EXAMPLE","MINGEO","ELC001",2020,0
"EXAMPLE","MINGEO","ELC001",2021,0
"EXAMPLE","MINGEO","ELC001",2022,0
"EXAMPLE","MINGEO","ELC002",2019,0
"EXAMPLE","MINGEO","ELC002",2020,0
"EXAMPLE","MINGEO","ELC002",2021,0
"EXAMPLE","MINGEO","ELC002",2022,0
"EXAMPLE","MINGEO","GEO",2019,0
"EXAMPLE","MINGEO","GEO",2020,0
"EXAMPLE","MINGEO","GEO",2021,0
"EXAMPLE","MINGEO","GEO",2022,0
"EXAMPLE","MINGEO","HYD",2019,0
"EXAMPLE","MINGEO","HYD",2020,0
"EXAMPLE","MINGEO","HYD",2021,0
"EXAMPLE","MINGEO","HYD",2022,0
"EXAMPLE","MINGEO","LND",2019,0
"EXAMPLE","MINGEO","LND",2020,0
"EXAMPLE","MINGEO","LND",2021,0
"EXAMPLE","MINGEO","LND",2022,0
"EXAMPLE","MINGEO","PUBWAT",2019,0
"EXAMPLE","MINGEO","PUBWAT",2020,0
"EXAMPLE","MINGEO","PUBWAT",2021,0
"EXAMPLE","MINGEO","PUBWAT",2022,0
"EXAMPLE","MINGEO","SOL",2019,0
"EXAMPLE","MINGEO","SOL",2020,0
"EXAMPLE","MINGEO","SOL",2021,0
"EXAMPLE","MINGEO","SOL",2022,0
"EXAMPLE","MINGEO","WND",2019,0
"EXAMPLE","MINGEO","WND",2020,0
"EXAMPLE","MINGEO","WND",2021,0
"EXAMPLE","MINGEO","WND",2022,0
"EXAMPLE","MINGEO","WTREVT",2019,0
"EXAMPLE","MINGEO","WTREVT",2020,0
"EXAMPLE","MINGEO","WTREVT",2021,0
"EXAMPLE","MINGEO","WTREVT",2022,0
"EXAMPLE","MINGEO","WTRGWT",2019,0
"EXAMPLE","MINGEO","WTRGWT",2020,0
"EXAMPLE","MINGEO","WTRGWT",2021,0
"EXAMPLE","MINGEO","WTRGWT",2022,0
"EXAMPLE","MINGEO","WTRPRC",2019,0
"EXAMPLE","MINGEO","WTRPRC",2020,0
"EXAMPLE","MINGEO","WTRPRC",2021,0
"EXAMPLE","MINGEO","WTRPRC",2022,0
"EXAMPLE","MINGEO","WTRSUR",2019,0
"EXAMPLE","MINGEO","WTRSUR",2020,0
"EXAMPLE","MINGEO","WTRSUR",2021,0
"EXAMPLE","MINGEO","WTRSUR",2022,0
"EXAMPLE","MINHYD","AGRELC",2019,0
"EXAMPLE","MINHYD","AGRELC",2020,0
"EXAMPLE","MINHYD","AGRELC",2021,0
"EXAMPLE","MINHYD","AGRELC",2022,0
"EXAMPLE","MINHYD","AGRWAT",2019,0
"EXAMPLE","MINHYD","AGRWAT",2020,0
"EXAMPLE","MINHYD","AGRWAT",2021,0
"EXAMPLE","MINHYD","AGRWAT",2022,0
"EXAMPLE","MINHYD","BIO",2019,0
"EXAMPLE","MINHYD","BIO",2020,0
"EXAMPLE","MINHYD","BIO",2021,0
"EXAMPLE","MINHYD","BIO",2022,0
"EXAMPLE","MINHYD","BLT",2019,0
"EXAMPLE","MINHYD","BLT",2020,0
"EXAMPLE","MINHYD","BLT",2021,0
"EXAMPLE","MINHYD","BLT",2022,0
"EXAMPLE","MINHYD","COMELC",2019,0
"EXAMPLE","MINHYD","COMELC",2020,0
"EXAMPLE","MINHYD","COMELC",2021,0
"EXAMPLE","MINHYD","COMELC",2022,0
"EXAMPLE","MINHYD","CRPCP01",2019,0
"EXAMPLE","MINHYD","CRPCP01",2020,0
"EXAMPLE","MINHYD","CRPCP01",2021,0
"EXAMPLE","MINHYD","CRPCP01",2022,0
"EXAMPLE","MINHYD","CRPCP02",2019,0
"EXAMPLE","MINHYD","CRPCP02",2020,0
"EXAMPLE","MINHYD","CRPCP02",2021,0
"EXAMPLE","MINHYD","CRPCP02",2022,0
"EXAMPLE","MINHYD","ELC001",2019,0
"EXAMPLE","MINHYD","ELC001",2020,0
"EXAMPLE","MINHYD","ELC001",2021,0
"EXAMPLE","MINHYD","ELC001",2022,0
"EXAMPLE","MINHYD","ELC002",2019,0
"EXAMPLE","MINHYD","ELC002",2020,0
"EXAMPLE","MINHYD","ELC002",2021,0
"EXAMPLE","MINHYD","ELC002",2022,0
"EXAMPLE","MINHYD","GEO",2019,0
"EXAMPLE","MINHYD","GEO",2020,0
"EXAMPLE","MINHYD","GEO",2021,0
"EXAMPLE","MINHYD","GEO",2022,0
"EXAMPLE","MINHYD","HYD",2019,0
"EXAMPLE","MINHYD","HYD",2020,0
"EXAMPLE","MINHYD","HYD",2021,0
"EXAMPLE","MINHYD","HYD",2022,0
"EXAMPLE","MINHYD","LND",2019,0
"EXAMPLE","MINHYD","LND",2020,0
"EXAMPLE","MINHYD","LND",2021,0
"EXAMPLE","MINHYD","LND",2022,0
"EXAMPLE","MINHYD","PUBWAT",2019,0
"EXAMPLE","MINHYD","PUBWAT",2020,0
"EXAMPLE","MINHYD","PUBWAT",2021,0
"EXAMPLE","MINHYD","PUBWAT",2022,0
"EXAMPLE","MINHYD","SOL",2019,0
"EXAMPLE","MINHYD","SOL",2020,0
"EXAMPLE","MINHYD","SOL",2021,0
"EXAMPLE","MINHYD","SOL",2022,0
"EXAMPLE","MINHYD","WND",2019,0
"EXAMPLE","MINHYD","WND",2020,0
"EXAMPLE","MINHYD","WND",2021,0
"EXAMPLE","MINHYD","WND",2022,0
"EXAMPLE","MINHYD","WTREVT",2019,0
"EXAMPLE","MINHYD","WTREVT",2020,0
"EXAMPLE","MINHYD","WTREVT",2021,0
"EXAMPLE","MINHYD","WTREVT",2022,0
"EXAMPLE","MINHYD","WTRGWT",2019,0
"EXAMPLE","MINHYD","WTRGWT",2020,0
"EXAMPLE","MINHYD","WTRGWT",2021,0
"EXAMPLE","MINHYD","WTRGWT",2022,0
"EXAMPLE","MINHYD","WTRPRC",2019,0
"EXAMPLE","MINHYD","WTRPRC",2020,0
"EXAMPLE","MINHYD","WTRPRC",2021,0
"EXAMPLE","MINHYD","WTRPRC",2022,0
"EXAMPLE","MINHYD","WTRSUR",2019,0
"EXAMPLE","MINHYD","WTRSUR",2020,0
"EXAMPLE","MINHYD","WTRSUR",2021,0
"EXAMPLE","MINHYD","WTRSUR",2022,0
"EXAMPLE","MINLND","AGRELC",2019,0
"EXAMPLE","MINLND","AGRELC",2020,0
"EXAMPLE","MINLND","AGRELC",2021,0
"EXAMPLE","MINLND","AGRELC",2022,0
"EXAMPLE","MINLND","AGRWAT",2019,0
"EXAMPLE","MINLND","AGRWAT",2020,0
"EXAMPLE","MINLND","AGRWAT",2021,0
"EXAMPLE","MINLND","AGRWAT",2022,0
"EXAMPLE","MINLND","BIO",2019,0
"EXAMPLE","MINLND","BIO",2020,0
"EXAMPLE","MINLND","BIO",2021,0
"EXAMPLE","MINLND","BIO",2022,0
"EXAMPLE","MINLND","BLT",2019,0
"EXAMPLE","MINLND","BLT",2020,0
"EXAMPLE","MINLND","BLT",2021,0
"EXAMPLE","MINLND","BLT",2022,0
"EXAMPLE","MINLND","COMELC",2019,0
"EXAMPLE","MINLND","COMELC",2020,0
"EXAMPLE","MINLND","COMELC",2021,0
"EXAMPLE","MINLND","COMELC",2022,0
"EXAMPLE","MINLND","CRPCP01",2019,0
"EXAMPLE","MINLND","CRPCP01",2020,0
"EXAMPLE","MINLND","CRPCP01",2021,0
"EXAMPLE","MINLND","CRPCP01",2022,0
"EXAMPLE","MINLND","CRPCP02",2019,0
"EXAMPLE","MINLND","CRPCP02",2020,0
"EXAMPLE","MINLND","CRPCP02",2021,0
"EXAMPLE","MINLND","CRPCP02",2022,0
"EXAMPLE","MINLND","ELC001",2019,0
"EXAMPLE","MINLND","ELC001",2020,0
"EXAMPLE","MINLND","ELC001",2021,0
"EXAMPLE","MINLND","ELC001",2022,0
"EXAMPLE","MINLND","ELC002",2019,0
"EXAMPLE","MINLND","ELC002",2020,0
"EXAMPLE","MINLND","ELC002",2021,0
"EXAMPLE","MINLND","ELC002",2022,0
"EXAMPLE","MINLND","GEO",2019,0
"EXAMPLE","MINLND","GEO",2020,0
"EXAMPLE","MINLND","GEO",2021,0
"EXAMPLE","MINLND","GEO",2022,0
"EXAMPLE","MINLND","HYD",2019,0
"EXAMPLE","MINLND","HYD",2020,0
"EXAMPLE","MINLND","HYD",2021,0
"EXAMPLE","MINLND","HYD",2022,0
"EXAMPLE","MINLND","LND",2019,0
"EXAMPLE","MINLND","LND",2020,0
"EXAMPLE","MINLND","LND",2021,0
"EXAMPLE","MINLND","LND",2022,0
"EXAMPLE","MINLND","PUBWAT",2019,0
"EXAMPLE","MINLND","PUBWAT",2020,0
"EXAMPLE","MINLND","PUBWAT",2021,0
"EXAMPLE","MINLND","PUBWAT",2022,0
"EXAMPLE","MINLND","SOL",2019,0
"EXAMPLE","MINLND","SOL",2020,0
"EXAMPLE","MINLND","SOL",2021,0
"EXAMPLE","MINLND","SOL",2022,0
"EXAMPLE","MINLND","WND",2019,0
"EXAMPLE","MINLND","WND",2020,0
"EXAMPLE","MINLND","WND",2021,0
"EXAMPLE","MINLND","WND",2022,0
"EXAMPLE","MINLND","WTREVT",2019,0
"EXAMPLE","MINLND","WTREVT",2020,0
"EXAMPLE","MINLND","WTREVT",2021,0
"EXAMPLE","MINLND","WTREVT",2022,0
"EXAMPLE","MINLND","WTRGWT",2019,0
"EXAMPLE","MINLND","WTRGWT",2020,0
"EXAMPLE","MINLND","WTRGWT",2021,0
"EXAMPLE","MINLND","WTRGWT",2022,0
"EXAMPLE","MINLND","WTRPRC",2019,0
"EXAMPLE","MINLND","WTRPRC",2020,0
"EXAMPLE","MINLND","WTRPRC",2021,0
"EXAMPLE","MINLND","WTRPRC",2022,0
"EXAMPLE","MINLND","WTRSUR",2019,0
"EXAMPLE","MINLND","WTRSUR",2020,0
"EXAMPLE","MINLND","WTRSUR",2021,0
"EXAMPLE","MINLND","WTRSUR",2022,0
"EXAMPLE","MINPRC","AGRELC",2019,0
"EXAMPLE","MINPRC","AGRELC",2020,0
"EXAMPLE","MINPRC","AGRELC",2021,0
"EXAMPLE","MINPRC","AGRELC",2022,0
"EXAMPLE","MINPRC","AGRWAT",2019,0
"EXAMPLE","MINPRC","AGRWAT",2020,0
"EXAMPLE","MINPRC","AGRWAT",2021,0
"EXAMPLE","MINPRC","AGRWAT",2022,0
"EXAMPLE","MINPRC","BIO",2019,0
"EXAMPLE","MINPRC","BIO",2020,0
"EXAMPLE","MINPRC","BIO",2021,0
"EXAMPLE","MINPRC","BIO",2022,0
"EXAMPLE","MINPRC","BLT",2019,0
"EXAMPLE","MINPRC","BLT",2020,0
"EXAMPLE","MINPRC","BLT",2021,0
"EXAMPLE","MINPRC","BLT",2022,0
"EXAMPLE","MINPRC","COMELC",2019,0
"EXAMPLE","MINPRC","COMELC",2020,0
"EXAMPLE","MINPRC","COMELC",2021,0
"EXAMPLE","MINPRC","COMELC",2022,0
"EXAMPLE","MINPRC","CRPCP01",2019,0
"EXAMPLE","MINPRC","CRPCP01",2020,0
"EXAMPLE","MINPRC","CRPCP01",2021,0
"EXAMPLE","MINPRC","CRPCP01",2022,0
"EXAMPLE","MINPRC","CRPCP02",2019,0
"EXAMPLE","MINPRC","CRPCP02",2020,0
"EXAMPLE","MINPRC","CRPCP02",2021,0
"EXAMPLE","MINPRC","CRPCP02",2022,0
"EXAMPLE","MINPRC","ELC001",2019,0
"EXAMPLE","MINPRC","ELC001",2020,0
"EXAMPLE","MINPRC","ELC001",2021,0
"EXAMPLE","MINPRC","ELC001",2022,0
"EXAMPLE","MINPRC","ELC002",2019,0
"EXAMPLE","MINPRC","ELC002",2020,0
"EXAMPLE","MINPRC","ELC002",2021,0
"EXAMPLE","MINPRC","ELC002",2022,0
"EXAMPLE","MINPRC","GEO",2019,0
"EXAMPLE","MINPRC","GEO",2020,0
"EXAMPLE","MINPRC","GEO",2021,0
"EXAMPLE","MINPRC","GEO",2022,0
"EXAMPLE","MINPRC","HYD",2019,0
"EXAMPLE","MINPRC","HYD",2020,0
"EXAMPLE","MINPRC","HYD",2021,0
"EXAMPLE","MINPRC","HYD",2022,0
"EXAMPLE","MINPRC","LND",2019,0
"EXAMPLE","MINPRC","LND",2020,0
"EXAMPLE","MINPRC","LND",2021,0
"EXAMPLE","MINPRC","LND",2022,0
"EXAMPLE","MINPRC","PUBWAT",2019,0
"EXAMPLE","MINPRC","PUBWAT",2020,0
"EXAMPLE","MINPRC","PUBWAT",2021,0
"EXAMPLE","MINPRC","PUBWAT",2022,0
"EXAMPLE","MINPRC","SOL",2019,0
"EXAMPLE","MINPRC","SOL",2020,0
"EXAMPLE","MINPRC","SOL",2021,0
"EXAMPLE","MINPRC","SOL",2022,0
"EXAMPLE","MINPRC","WND",2019,0
"EXAMPLE","MINPRC","WND",2020,0
"EXAMPLE","MINPRC","WND",2021,0
"EXAMPLE","MINPRC","WND",2022,0
"EXAMPLE","MINPRC","WTREVT",2019,0
"EXAMPLE","MINPRC","WTREVT",2020,0
"EXAMPLE","MINPRC","WTREVT",2021,0
"EXAMPLE","MINPRC","WTREVT",2022,0
"EXAMPLE","MINPRC","WTRGWT",2019,0
"EXAMPLE","MINPRC","WTRGWT",2020,0
"EXAMPLE","MINPRC","WTRGWT",2021,0
"EXAMPLE","MINPRC","WTRGWT",2022,0
"EXAMPLE","MINPRC","WTRPRC",2019,0
"EXAMPLE","MINPRC","WTRPRC",2020,0
"EXAMPLE","MINPRC","WTRPRC",2021,0
"EXAMPLE","MINPRC","WTRPRC",2022,0
"EXAMPLE","MINPRC","WTRSUR",2019,0
"EXAMPLE","MINPRC","WTRSUR",2020,0
"EXAMPLE","MINPRC","WTRSUR",2021,0
"EXAMPLE","MINPRC","WTRSUR",2022,0
"EXAMPLE","MINSOL","AGRELC",2019,0
"EXAMPLE","MINSOL","AGRELC",2020,0
"EXAMPLE","MINSOL","AGRELC",2021,0
"EXAMPLE","MINSOL","AGRELC",2022,0
"EXAMPLE","MINSOL","AGRWAT",2019,0
"EXAMPLE","MINSOL","AGRWAT",2020,0
"EXAMPLE","MINSOL","AGRWAT",2021,0
"EXAMPLE","MINSOL","AGRWAT",2022,0
"EXAMPLE","MINSOL","BIO",2019,0
"EXAMPLE","MINSOL","BIO",2020,0
"EXAMPLE","MINSOL","BIO",2021,0
"EXAMPLE","MINSOL","BIO",2022,0
"EXAMPLE","MINSOL","BLT",2019,0
"EXAMPLE","MINSOL","BLT",2020,0
"EXAMPLE","MINSOL","BLT",2021,0
"EXAMPLE","MINSOL","BLT",2022,0
"EXAMPLE","MINSOL","COMELC",2019,0
"EXAMPLE","MINSOL","COMELC",2020,0
"EXAMPLE","MINSOL","COMELC",2021,0
"EXAMPLE","MINSOL","COMELC",2022,0
"EXAMPLE","MINSOL","CRPCP01",2019,0
"EXAMPLE","MINSOL","CRPCP01",2020,0
"EXAMPLE","MINSOL","CRPCP01",2021,0
"EXAMPLE","MINSOL","CRPCP01",2022,0
"EXAMPLE","MINSOL","CRPCP02",2019,0
"EXAMPLE","MINSOL","CRPCP02",2020,0
"EXAMPLE","MINSOL","CRPCP02",2021,0
"EXAMPLE","MINSOL","CRPCP02",2022,0
"EXAMPLE","MINSOL","ELC001",2019,0
"EXAMPLE","MINSOL","ELC001",2020,0
"EXAMPLE","MINSOL","ELC001",2021,0
"EXAMPLE","MINSOL","ELC001",2022,0
"EXAMPLE","MINSOL","ELC002",2019,0
"EXAMPLE","MINSOL","ELC002",2020,0
"EXAMPLE","MINSOL","ELC002",2021,0
"EXAMPLE","MINSOL","ELC002",2022,0
"EXAMPLE","MINSOL","GEO",2019,0
"EXAMPLE","MINSOL","GEO",2020,0
"EXAMPLE","MINSOL","GEO",2021,0
"EXAMPLE","MINSOL","GEO",2022,0
"EXAMPLE","MINSOL","HYD",2019,0
"EXAMPLE","MINSOL","HYD",2020,0
"EXAMPLE","MINSOL","HYD",2021,0
"EXAMPLE","MINSOL","HYD",2022,0
"EXAMPLE","MINSOL","LND",2019,0
"EXAMPLE","MINSOL","LND",2020,0
"EXAMPLE","MINSOL","LND",2021,0
"EXAMPLE","MINSOL","LND",2022,0
"EXAMPLE","MINSOL","PUBWAT",2019,0
"EXAMPLE","MINSOL","PUBWAT",2020,0
"EXAMPLE","MINSOL","PUBWAT",2021,0
"EXAMPLE","MINSOL","PUBWAT",2022,0
"EXAMPLE","MINSOL","SOL",2019,0
"EXAMPLE","MINSOL","SOL",2020,0
"EXAMPLE","MINSOL","SOL",2021,0
"EXAMPLE","MINSOL","SOL",2022,0
"EXAMPLE","MINSOL","WND",2019,0
"EXAMPLE","MINSOL","WND",2020,0
"EXAMPLE","MINSOL","WND",2021,0
"EXAMPLE","MINSOL","WND",2022,0
"EXAMPLE","MINSOL","WTREVT",2019,0
"EXAMPLE","MINSOL","WTREVT",2020,0
"EXAMPLE","MINSOL","WTREVT",2021,0
"EXAMPLE","MINSOL","WTREVT",2022,0
"EXAMPLE","MINSOL","WTRGWT",2019,0
"EXAMPLE","MINSOL","WTRGWT",2020,0
"EXAMPLE","MINSOL","WTRGWT",2021,0
"EXAMPLE","MINSOL","WTRGWT",2022,0
"EXAMPLE","MINSOL","WTRPRC",2019,0
"EXAMPLE","MINSOL","WTRPRC",2020,0
"EXAMPLE","MINSOL","WTRPRC",2021,0
"EXAMPLE","MINSOL","WTRPRC",2022,0
"EXAMPLE","MINSOL","WTRSUR",2019,0
"EXAMPLE","MINSOL","WTRSUR",2020,0
"EXAMPLE","MINSOL","WTRSUR",2021,0
"EXAMPLE","MINSOL","WTRSUR",2022,0
"EXAMPLE","MINWND","AGRELC",2019,0
"EXAMPLE","MINWND","AGRELC",2020,0
"EXAMPLE","MINWND","AGRELC",2021,0
"EXAMPLE","MINWND","AGRELC",2022,0
"EXAMPLE","MINWND","AGRWAT",2019,0
"EXAMPLE","MINWND","AGRWAT",2020,0
"EXAMPLE","MINWND","AGRWAT",2021,0
"EXAMPLE","MINWND","AGRWAT",2022,0
"EXAMPLE","MINWND","BIO",2019,0
"EXAMPLE","MINWND","BIO",2020,0
"EXAMPLE","MINWND","BIO",2021,0
"EXAMPLE","MINWND","BIO",2022,0
"EXAMPLE","MINWND","BLT",2019,0
"EXAMPLE","MINWND","BLT",2020,0
"EXAMPLE","MINWND","BLT",2021,0
"EXAMPLE","MINWND","BLT",2022,0
"EXAMPLE","MINWND","COMELC",2019,0
"EXAMPLE","MINWND","COMELC",2020,0
"EXAMPLE","MINWND","COMELC",2021,0
"EXAMPLE","MINWND","COMELC",2022,0
"EXAMPLE","MINWND","CRPCP01",2019,0
"EXAMPLE","MINWND","CRPCP01",2020,0
"EXAMPLE","MINWND","CRPCP01",2021,0
"EXAMPLE","MINWND","CRPCP01",2022,0
"EXAMPLE","MINWND","CRPCP02",2019,0
"EXAMPLE","MINWND","CRPCP02",2020,0
"EXAMPLE","MINWND","CRPCP02",2021,0
"EXAMPLE","MINWND","CRPCP02",2022,0
"EXAMPLE","MINWND","ELC001",2019,0
"EXAMPLE","MINWND","ELC001",2020,0
"EXAMPLE","MINWND","ELC001",2021,0
"EXAMPLE","MINWND","ELC001",2022,0
"EXAMPLE","MINWND","ELC002",2019,0
"EXAMPLE","MINWND","ELC002",2020,0
"EXAMPLE","MINWND","ELC002",2021,0
"EXAMPLE","MINWND","ELC002",2022,0
"EXAMPLE","MINWND","GEO",2019,0
"EXAMPLE","MINWND","GEO",2020,0
"EXAMPLE","MINWND","GEO",2021,0
"EXAMPLE","MINWND","GEO",2022,0
"EXAMPLE","MINWND","HYD",2019,0
"EXAMPLE","MINWND","HYD",2020,0
"EXAMPLE","MINWND","HYD",2021,0
"EXAMPLE","MINWND","HYD",2022,0
"EXAMPLE","MINWND","LND",2019,0
"EXAMPLE","MINWND","LND",2020,0
"EXAMPLE","MINWND","LND",2021,0
"EXAMPLE","MINWND","LND",2022,0
"EXAMPLE","MINWND","PUBWAT",2019,0
"EXAMPLE","MINWND","PUBWAT",2020,0
"EXAMPLE","MINWND","PUBWAT",2021,0
"EXAMPLE","MINWND","PUBWAT",2022,0
"EXAMPLE","MINWND","SOL",2019,0
"EXAMPLE","MINWND","SOL",2020,0
"EXAMPLE","MINWND","SOL",2021,0
"EXAMPLE","MINWND","SOL",2022,0
"EXAMPLE","MINWND","WND",2019,0
"EXAMPLE","MINWND","WND",2020,0
"EXAMPLE","MINWND","WND",2021,0
"EXAMPLE","MINWND","WND",2022,0
"EXAMPLE","MINWND","WTREVT",2019,0
"EXAMPLE","MINWND","WTREVT",2020,0
"EXAMPLE","MINWND","WTREVT",2021,0
"EXAMPLE","MINWND","WTREVT",2022,0
"EXAMPLE","MINWND","WTRGWT",2019,0
"EXAMPLE","MINWND","WTRGWT",2020,0
"EXAMPLE","MINWND","WTRGWT",2021,0
"EXAMPLE","MINWND","WTRGWT",2022,0
"EXAMPLE","MINWND","WTRPRC",2019,0
"EXAMPLE","MINWND","WTRPRC",2020,0
"EXAMPLE","MINWND","WTRPRC",2021,0
"EXAMPLE","MINWND","WTRPRC",2022,0
"EXAMPLE","MINWND","WTRSUR",2019,0
"EXAMPLE","MINWND","WTRSUR",2020,0
"EXAMPLE","MINWND","WTRSUR",2021,0
"EXAMPLE","MINWND","WTRSUR",2022,0
"EXAMPLE","PWRBIO","AGRELC",2019,0
"EXAMPLE","PWRBIO","AGRELC",2020,0
"EXAMPLE","PWRBIO","AGRELC",2021,0
"EXAMPLE","PWRBIO","AGRELC",2022,0
"EXAMPLE","PWRBIO","AGRWAT",2019,0
"EXAMPLE","PWRBIO","AGRWAT",2020,0
"EXAMPLE","PWRBIO","AGRWAT",2021,0
"EXAMPLE","PWRBIO","AGRWAT",2022,0
"EXAMPLE","PWRBIO","BIO",2019,0
"EXAMPLE","PWRBIO","BIO",2020,0
"EXAMPLE","PWRBIO","BIO",2021,0
"EXAMPLE","PWRBIO","BIO",2022,0
"EXAMPLE","PWRBIO","BLT",2019,0
"EXAMPLE","PWRBIO","BLT",2020,0
"EXAMPLE","PWRBIO","BLT",2021,0
"EXAMPLE","PWRBIO","BLT",2022,0
"EXAMPLE","PWRBIO","COMELC",2019,0
"EXAMPLE","PWRBIO","COMELC",2020,0
"EXAMPLE","PWRBIO","COMELC",2021,0
"EXAMPLE","PWRBIO","COMELC",2022,0
"EXAMPLE","PWRBIO","CRPCP01",2019,0
"EXAMPLE","PWRBIO","CRPCP01",2020,0
"EXAMPLE","PWRBIO","CRPCP01",2021,0
"EXAMPLE","PWRBIO","CRPCP01",2022,0
"EXAMPLE","PWRBIO","CRPCP02",2019,0
"EXAMPLE","PWRBIO","CRPCP02",2020,0
"EXAMPLE","PWRBIO","CRPCP02",2021,0
"EXAMPLE","PWRBIO","CRPCP02",2022,0
"EXAMPLE","PWRBIO","ELC001",2019,0
"EXAMPLE","PWRBIO","ELC001",2020,0
"EXAMPLE","PWRBIO","ELC001",2021,0
"EXAMPLE","PWRBIO","ELC001",2022,0
"EXAMPLE","PWRBIO","ELC002",2019,0
"EXAMPLE","PWRBIO","ELC002",2020,0
"EXAMPLE","PWRBIO","ELC002",2021,0
"EXAMPLE","PWRBIO","ELC002",2022,0
"EXAMPLE","PWRBIO","GEO",2019,0
"EXAMPLE","PWRBIO","GEO",2020,0
"EXAMPLE","PWRBIO","GEO",2021,0
"EXAMPLE","PWRBIO","GEO",2022,0
"EXAMPLE","PWRBIO","HYD",2019,0
"EXAMPLE","PWRBIO","HYD",2020,0
"EXAMPLE","PWRBIO","HYD",2021,0
"EXAMPLE","PWRBIO","HYD",2022,0
"EXAMPLE","PWRBIO","LND",2019,0
"EXAMPLE","PWRBIO","LND",2020,0
"EXAMPLE","PWRBIO","LND",2021,0
"EXAMPLE","PWRBIO","LND",2022,0
"EXAMPLE","PWRBIO","PUBWAT",2019,0
"EXAMPLE","PWRBIO","PUBWAT",2020,0
"EXAMPLE","PWRBIO","PUBWAT",2021,0
"EXAMPLE","PWRBIO","PUBWAT",2022,0
"EXAMPLE","PWRBIO","SOL",2019,0
"EXAMPLE","PWRBIO","SOL",2020,0
"EXAMPLE","PWRBIO","SOL",2021,0
"EXAMPLE","PWRBIO","SOL",2022,0
"EXAMPLE","PWRBIO","WND",2019,0
"EXAMPLE","PWRBIO","WND",2020,0
"EXAMPLE","PWRBIO","WND",2021,0
"EXAMPLE","PWRBIO","WND",2022,0
"EXAMPLE","PWRBIO","WTREVT",2019,0
"EXAMPLE","PWRBIO","WTREVT",2020,0
"EXAMPLE","PWRBIO","WTREVT",2021,0
"EXAMPLE","PWRBIO","WTREVT",2022,0
"EXAMPLE","PWRBIO","WTRGWT",2019,0
"EXAMPLE","PWRBIO","WTRGWT",2020,0
"EXAMPLE","PWRBIO","WTRGWT",2021,0
"EXAMPLE","PWRBIO","WTRGWT",2022,0
"EXAMPLE","PWRBIO","WTRPRC",2019,0
"EXAMPLE","PWRBIO","WTRPRC",2020,0
"EXAMPLE","PWRBIO","WTRPRC",2021,0
"EXAMPLE","PWRBIO","WTRPRC",2022,0
"EXAMPLE","PWRBIO","WTRSUR",2019,0
"EXAMPLE","PWRBIO","WTRSUR",2020,0
"EXAMPLE","PWRBIO","WTRSUR",2021,0
"EXAMPLE","PWRBIO","WTRSUR",2022,0
"EXAMPLE","PWRGEO","AGRELC",2019,0
"EXAMPLE","PWRGEO","AGRELC",2020,0
"EXAMPLE","PWRGEO","AGRELC",2021,0
"EXAMPLE","PWRGEO","AGRELC",2022,0
"EXAMPLE","PWRGEO","AGRWAT",2019,0
"EXAMPLE","PWRGEO","AGRWAT",2020,0
"EXAMPLE","PWRGEO","AGRWAT",2021,0
"EXAMPLE","PWRGEO","AGRWAT",2022,0
"EXAMPLE","PWRGEO","BIO",2019,0
"EXAMPLE","PWRGEO","BIO",2020,0
"EXAMPLE","PWRGEO","BIO",2021,0
"EXAMPLE","PWRGEO","BIO",2022,0
"EXAMPLE","PWRGEO","BLT",2019,0
"EXAMPLE","PWRGEO","BLT",2020,0
"EXAMPLE","PWRGEO","BLT",2021,0
"EXAMPLE","PWRGEO","BLT",2022,0
"EXAMPLE","PWRGEO","COMELC",2019,0
"EXAMPLE","PWRGEO","COMELC",2020,0
"EXAMPLE","PWRGEO","COMELC",2021,0
"EXAMPLE","PWRGEO","COMELC",2022,0
"EXAMPLE","PWRGEO","CRPCP01",2019,0
"EXAMPLE","PWRGEO","CRPCP01",2020,0
"EXAMPLE","PWRGEO","CRPCP01",2021,0
"EXAMPLE","PWRGEO","CRPCP01",2022,0
"EXAMPLE","PWRGEO","CRPCP02",2019,0
"EXAMPLE","PWRGEO","CRPCP02",2020,0
"EXAMPLE","PWRGEO","CRPCP02",2021,0
"EXAMPLE","PWRGEO","CRPCP02",2022,0
"EXAMPLE","PWRGEO","ELC001",2019,0
"EXAMPLE","PWRGEO","ELC001",2020,0
"EXAMPLE","PWRGEO","ELC001",2021,0
"EXAMPLE","PWRGEO","ELC001",2022,0
"EXAMPLE","PWRGEO","ELC002",2019,0
"EXAMPLE","PWRGEO","ELC002",2020,0
"EXAMPLE","PWRGEO","ELC002",2021,0
"EXAMPLE","PWRGEO","ELC002",2022,0
"EXAMPLE","PWRGEO","GEO",2019,0
"EXAMPLE","PWRGEO","GEO",2020,0
"EXAMPLE","PWRGEO","GEO",2021,0
"EXAMPLE","PWRGEO","GEO",2022,0
"EXAMPLE","PWRGEO","HYD",2019,0
"EXAMPLE","PWRGEO","HYD",2020,0
"EXAMPLE","PWRGEO","HYD",2021,0
"EXAMPLE","PWRGEO","HYD",2022,0
"EXAMPLE","PWRGEO","LND",2019,0
"EXAMPLE","PWRGEO","LND",2020,0
"EXAMPLE","PWRGEO","LND",2021,0
"EXAMPLE","PWRGEO","LND",2022,0
"EXAMPLE","PWRGEO","PUBWAT",2019,0
"EXAMPLE","PWRGEO","PUBWAT",2020,0
"EXAMPLE","PWRGEO","PUBWAT",2021,0
"EXAMPLE","PWRGEO","PUBWAT",2022,0
"EXAMPLE","PWRGEO","SOL",2019,0
"EXAMPLE","PWRGEO","SOL",2020,0
"EXAMPLE","PWRGEO","SOL",2021,0
"EXAMPLE","PWRGEO","SOL",2022,0
"EXAMPLE","PWRGEO","WND",2019,0
"EXAMPLE","PWRGEO","WND",2020,0
"EXAMPLE","PWRGEO","WND",2021,0
"EXAMPLE","PWRGEO","WND",2022,0
"EXAMPLE","PWRGEO","WTREVT",2019,0
"EXAMPLE","PWRGEO","WTREVT",2020,0
"EXAMPLE","PWRGEO","WTREVT",2021,0
"EXAMPLE","PWRGEO","WTREVT",2022,0
"EXAMPLE","PWRGEO","WTRGWT",2019,0
"EXAMPLE","PWRGEO","WTRGWT",2020,0
"EXAMPLE","PWRGEO","WTRGWT",2021,0
"EXAMPLE","PWRGEO","WTRGWT",2022,0
"EXAMPLE","PWRGEO","WTRPRC",2019,0
"EXAMPLE","PWRGEO","WTRPRC",2020,0
"EXAMPLE","PWRGEO","WTRPRC",2021,0
"EXAMPLE","PWRGEO","WTRPRC",2022,0
"EXAMPLE","PWRGEO","WTRSUR",2019,0
"EXAMPLE","PWRGEO","WTRSUR",2020,0
"EXAMPLE","PWRGEO","WTRSUR",2021,0
"EXAMPLE","PWRGEO","WTRSUR",2022,0
"EXAMPLE","PWRHYD","AGRELC",2019,0
"EXAMPLE","PWRHYD","AGRELC",2020,0
"EXAMPLE","PWRHYD","AGRELC",2021,0
"EXAMPLE","PWRHYD","AGRELC",2022,0
"EXAMPLE","PWRHYD","AGRWAT",2019,0
"EXAMPLE","PWRHYD","AGRWAT",2020,0
"EXAMPLE","PWRHYD","AGRWAT",2021,0
"EXAMPLE","PWRHYD","AGRWAT",2022,0
"EXAMPLE","PWRHYD","BIO",2019,0
"EXAMPLE","PWRHYD","BIO",2020,0
"EXAMPLE","PWRHYD","BIO",2021,0
"EXAMPLE","PWRHYD","BIO",2022,0
"EXAMPLE","PWRHYD","BLT",2019,0
"EXAMPLE","PWRHYD","BLT",2020,0
"EXAMPLE","PWRHYD","BLT",2021,0
"EXAMPLE","PWRHYD","BLT",2022,0
"EXAMPLE","PWRHYD","COMELC",2019,0
"EXAMPLE","PWRHYD","COMELC",2020,0
"EXAMPLE","PWRHYD","COMELC",2021,0
"EXAMPLE","PWRHYD","COMELC",2022,0
"EXAMPLE","PWRHYD","CRPCP01",2019,0
"EXAMPLE","PWRHYD","CRPCP01",2020,0
"EXAMPLE","PWRHYD","CRPCP01",2021,0
"EXAMPLE","PWRHYD","CRPCP01",2022,0
"EXAMPLE","PWRHYD","CRPCP02",2019,0
"EXAMPLE","PWRHYD","CRPCP02",2020,0
"EXAMPLE","PWRHYD","CRPCP02",2021,0
"EXAMPLE","PWRHYD","CRPCP02",2022,0
"EXAMPLE","PWRHYD","ELC001",2019,0
"EXAMPLE","PWRHYD","ELC001",2020,0
"EXAMPLE","PWRHYD","ELC001",2021,0
"EXAMPLE","PWRHYD","ELC001",2022,0
"EXAMPLE","PWRHYD","ELC002",2019,0
"EXAMPLE","PWRHYD","ELC002",2020,0
"EXAMPLE","PWRHYD","ELC002",2021,0
"EXAMPLE","PWRHYD","ELC002",2022,0
"EXAMPLE","PWRHYD","GEO",2019,0
"EXAMPLE","PWRHYD","GEO",2020,0
"EXAMPLE","PWRHYD","GEO",2021,0
"EXAMPLE","PWRHYD","GEO",2022,0
"EXAMPLE","PWRHYD","HYD",2019,0
"EXAMPLE","PWRHYD","HYD",2020,0
"EXAMPLE","PWRHYD","HYD",2021,0
"EXAMPLE","PWRHYD","HYD",2022,0
"EXAMPLE","PWRHYD","LND",2019,0
"EXAMPLE","PWRHYD","LND",2020,0
"EXAMPLE","PWRHYD","LND",2021,0
"EXAMPLE","PWRHYD","LND",2022,0
"EXAMPLE","PWRHYD","PUBWAT",2019,0
"EXAMPLE","PWRHYD","PUBWAT",2020,0
"EXAMPLE","PWRHYD","PUBWAT",2021,0
"EXAMPLE","PWRHYD","PUBWAT",2022,0
"EXAMPLE","PWRHYD","SOL",2019,0
"EXAMPLE","PWRHYD","SOL",2020,0
"EXAMPLE","PWRHYD","SOL",2021,0
"EXAMPLE","PWRHYD","SOL",2022,0
"EXAMPLE","PWRHYD","WND",2019,0
"EXAMPLE","PWRHYD","WND",2020,0
"EXAMPLE","PWRHYD","WND",2021,0
"EXAMPLE","PWRHYD","WND",2022,0
"EXAMPLE","PWRHYD","WTREVT",2019,0
"EXAMPLE","PWRHYD","WTREVT",2020,0
"EXAMPLE","PWRHYD","WTREVT",2021,0
"EXAMPLE","PWRHYD","WTREVT",2022,0
"EXAMPLE","PWRHYD","WTRGWT",2019,0
"EXAMPLE","PWRHYD","WTRGWT",2020,0
"EXAMPLE","PWRHYD","WTRGWT",2021,0
"EXAMPLE","PWRHYD","WTRGWT",2022,0
"EXAMPLE","PWRHYD","WTRPRC",2019,0
"EXAMPLE","PWRHYD","WTRPRC",2020,0
"EXAMPLE","PWRHYD","WTRPRC",2021,0
"EXAMPLE","PWRHYD","WTRPRC",2022,0
"EXAMPLE","PWRHYD","WTRSUR",2019,0
"EXAMPLE","PWRHYD","WTRSUR",2020,0
"EXAMPLE","PWRHYD","WTRSUR",2021,0
"EXAMPLE","PWRHYD","WTRSUR",2022,0
"EXAMPLE","PWRSOL","AGRELC",2019,0
"EXAMPLE","PWRSOL","AGRELC",2020,0
"EXAMPLE","PWRSOL","AGRELC",2021,0
"EXAMPLE","PWRSOL","AGRELC",2022,0
"EXAMPLE","PWRSOL","AGRWAT",2019,0
"EXAMPLE","PWRSOL","AGRWAT",2020,0
"EXAMPLE","PWRSOL","AGRWAT",2021,0
"EXAMPLE","PWRSOL","AGRWAT",2022,0
"EXAMPLE","PWRSOL","BIO",2019,0
"EXAMPLE","PWRSOL","BIO",2020,0
"EXAMPLE","PWRSOL","BIO",2021,0
"EXAMPLE","PWRSOL","BIO",2022,0
"EXAMPLE","PWRSOL","BLT",2019,0
"EXAMPLE","PWRSOL","BLT",2020,0
"EXAMPLE","PWRSOL","BLT",2021,0
"EXAMPLE","PWRSOL","BLT",2022,0
"EXAMPLE","PWRSOL","COMELC",2019,0
"EXAMPLE","PWRSOL","COMELC",2020,0
"EXAMPLE","PWRSOL","COMELC",2021,0
"EXAMPLE","PWRSOL","COMELC",2022,0
"EXAMPLE","PWRSOL","CRPCP01",2019,0
"EXAMPLE","PWRSOL","CRPCP01",2020,0
"EXAMPLE","PWRSOL","CRPCP01",2021,0
"EXAMPLE","PWRSOL","CRPCP01",2022,0
"EXAMPLE","PWRSOL","CRPCP02",2019,0
"EXAMPLE","PWRSOL","CRPCP02",2020,0
"EXAMPLE","PWRSOL","CRPCP02",2021,0
"EXAMPLE","PWRSOL","CRPCP02",2022,0
"EXAMPLE","PWRSOL","ELC001",2019,0
"EXAMPLE","PWRSOL","ELC001",2020,0
"EXAMPLE","PWRSOL","ELC001",2021,0
"EXAMPLE","PWRSOL","ELC001",2022,0
"EXAMPLE","PWRSOL","ELC002",2019,0
"EXAMPLE","PWRSOL","ELC002",2020,0
"EXAMPLE","PWRSOL","ELC002",2021,0
"EXAMPLE","PWRSOL","ELC002",2022,0
"EXAMPLE","PWRSOL","GEO",2019,0
"EXAMPLE","PWRSOL","GEO",2020,0
"EXAMPLE","PWRSOL","GEO",2021,0
"EXAMPLE","PWRSOL","GEO",2022,0
"EXAMPLE","PWRSOL","HYD",2019,0
"EXAMPLE","PWRSOL","HYD",2020,0
"EXAMPLE","PWRSOL","HYD",2021,0
"EXAMPLE","PWRSOL","HYD",2022,0
"EXAMPLE","PWRSOL","LND",2019,0
"EXAMPLE","PWRSOL","LND",2020,0
"EXAMPLE","PWRSOL","LND",2021,0
"EXAMPLE","PWRSOL","LND",2022,0
"EXAMPLE","PWRSOL","PUBWAT",2019,0
"EXAMPLE","PWRSOL","PUBWAT",2020,0
"EXAMPLE","PWRSOL","PUBWAT",2021,0
"EXAMPLE","PWRSOL","PUBWAT",2022,0
"EXAMPLE","PWRSOL","SOL",2019,0
"EXAMPLE","PWRSOL","SOL",2020,0
"EXAMPLE","PWRSOL","SOL",2021,0
"EXAMPLE","PWRSOL","SOL",2022,0
"EXAMPLE","PWRSOL","WND",2019,0
"EXAMPLE","PWRSOL","WND",2020,0
"EXAMPLE","PWRSOL","WND",2021,0
"EXAMPLE","PWRSOL","WND",2022,0
"EXAMPLE","PWRSOL","WTREVT",2019,0
"EXAMPLE","PWRSOL","WTREVT",2020,0
"EXAMPLE","PWRSOL","WTREVT",2021,0
"EXAMPLE","PWRSOL","WTREVT",2022,0
"EXAMPLE","PWRSOL","WTRGWT",2019,0
"EXAMPLE","PWRSOL","WTRGWT",2020,0
"EXAMPLE","PWRSOL","WTRGWT",2021,0
"EXAMPLE","PWRSOL","WTRGWT",2022,0
"EXAMPLE","PWRSOL","WTRPRC",2019,0
"EXAMPLE","PWRSOL","WTRPRC",2020,0
"EXAMPLE","PWRSOL","WTRPRC",2021,0
"EXAMPLE","PWRSOL","WTRPRC",2022,0
"EXAMPLE","PWRSOL","WTRSUR",2019,0
"EXAMPLE","PWRSOL","WTRSUR",2020,0
"EXAMPLE","PWRSOL","WTRSUR",2021,0
"EXAMPLE","PWRSOL","WTRSUR",2022,0
"EXAMPLE","PWRTRN","AGRELC",2019,0
"EXAMPLE","PWRTRN","AGRELC",2020,0
"EXAMPLE","PWRTRN","AGRELC",2021,0
"EXAMPLE","PWRTRN","AGRELC",2022,0
"EXAMPLE","PWRTRN","AGRWAT",2019,0
"EXAMPLE","PWRTRN","AGRWAT",2020,0
"EXAMPLE","PWRTRN","AGRWAT",2021,0
"EXAMPLE","PWRTRN","AGRWAT",2022,0
"EXAMPLE","PWRTRN","BIO",2019,0
"EXAMPLE","PWRTRN","BIO",2020,0
"EXAMPLE","PWRTRN","BIO",2021,0
"EXAMPLE","PWRTRN","BIO",2022,0
"EXAMPLE","PWRTRN","BLT",2019,0
"EXAMPLE","PWRTRN","BLT",2020,0
"EXAMPLE","PWRTRN","BLT",2021,0
"EXAMPLE","PWRTRN","BLT",2022,0
"EXAMPLE","PWRTRN","COMELC",2019,0
"EXAMPLE","PWRTRN","COMELC",2020,0
"EXAMPLE","PWRTRN","COMELC",2021,0
"EXAMPLE","PWRTRN","COMELC",2022,0
"EXAMPLE","PWRTRN","CRPCP01",2019,0
"EXAMPLE","PWRTRN","CRPCP01",2020,0
"EXAMPLE","PWRTRN","CRPCP01",2021,0
"EXAMPLE","PWRTRN","CRPCP01",2022,0
"EXAMPLE","PWRTRN","CRPCP02",2019,0
"EXAMPLE","PWRTRN","CRPCP02",2020,0
"EXAMPLE","PWRTRN","CRPCP02",2021,0
"EXAMPLE","PWRTRN","CRPCP02",2022,0
"EXAMPLE","PWRTRN","ELC001",2019,0
"EXAMPLE","PWRTRN","ELC001",2020,0
"EXAMPLE","PWRTRN","ELC001",2021,0
"EXAMPLE","PWRTRN","ELC001",2022,0
"EXAMPLE","PWRTRN","ELC002",2019,0
"EXAMPLE","PWRTRN","ELC002",2020,0
"EXAMPLE","PWRTRN","ELC002",2021,0
"EXAMPLE","PWRTRN","ELC002",2022,0
"EXAMPLE","PWRTRN","GEO",2019,0
"EXAMPLE","PWRTRN","GEO",2020,0
"EXAMPLE","PWRTRN","GEO",2021,0
"EXAMPLE","PWRTRN","GEO",2022,0
"EXAMPLE","PWRTRN","HYD",2019,0
"EXAMPLE","PWRTRN","HYD",2020,0
"EXAMPLE","PWRTRN","HYD",2021,0
"EXAMPLE","PWRTRN","HYD",2022,0
"EXAMPLE","PWRTRN","LND",2019,0
"EXAMPLE","PWRTRN","LND",2020,0
"EXAMPLE","PWRTRN","LND",2021,0
"EXAMPLE","PWRTRN","LND",2022,0
"EXAMPLE","PWRTRN","PUBWAT",2019,0
"EXAMPLE","PWRTRN","PUBWAT",2020,0
"EXAMPLE","PWRTRN","PUBWAT",2021,0
"EXAMPLE","PWRTRN","PUBWAT",2022,0
"EXAMPLE","PWRTRN","SOL",2019,0
"EXAMPLE","PWRTRN","SOL",2020,0
"EXAMPLE","PWRTRN","SOL",2021,0
"EXAMPLE","PWRTRN","SOL",2022,0
"EXAMPLE","PWRTRN","WND",2019,0
"EXAMPLE","PWRTRN","WND",2020,0
"EXAMPLE","PWRTRN","WND",2021,0
"EXAMPLE","PWRTRN","WND",2022,0
"EXAMPLE","PWRTRN","WTREVT",2019,0
"EXAMPLE","PWRTRN","WTREVT",2020,0
"EXAMPLE","PWRTRN","WTREVT",2021,0
"EXAMPLE","PWRTRN","WTREVT",2022,0
"EXAMPLE","PWRTRN","WTRGWT",2019,0
"EXAMPLE","PWRTRN","WTRGWT",2020,0
"EXAMPLE","PWRTRN","WTRGWT",2021,0
"EXAMPLE","PWRTRN","WTRGWT",2022,0
"EXAMPLE","PWRTRN","WTRPRC",2019,0
"EXAMPLE","PWRTRN","WTRPRC",2020,0
"EXAMPLE","PWRTRN","WTRPRC",2021,0
"EXAMPLE","PWRTRN","WTRPRC",2022,0
"EXAMPLE","PWRTRN","WTRSUR",2019,0
"EXAMPLE","PWRTRN","WTRSUR",2020,0
"EXAMPLE","PWRTRN","WTRSUR",2021,0
"EXAMPLE","PWRTRN","WTRSUR",2022,0
"EXAMPLE","PWRWND","AGRELC",2019,0
"EXAMPLE","PWRWND","AGRELC",2020,0
"EXAMPLE","PWRWND","AGRELC",2021,0
"EXAMPLE","PWRWND","AGRELC",2022,0
"EXAMPLE","PWRWND","AGRWAT",2019,0
"EXAMPLE","PWRWND","AGRWAT",2020,0
"EXAMPLE","PWRWND","AGRWAT",2021,0
"EXAMPLE","PWRWND","AGRWAT",2022,0
"EXAMPLE","PWRWND","BIO",2019,0
"EXAMPLE","PWRWND","BIO",2020,0
"EXAMPLE","PWRWND","BIO",2021,0
"EXAMPLE","PWRWND","BIO",2022,0
"EXAMPLE","PWRWND","BLT",2019,0
"EXAMPLE","PWRWND","BLT",2020,0
"EXAMPLE","PWRWND","BLT",2021,0
"EXAMPLE","PWRWND","BLT",2022,0
"EXAMPLE","PWRWND","COMELC",2019,0
"EXAMPLE","PWRWND","COMELC",2020,0
"EXAMPLE","PWRWND","COMELC",2021,0
"EXAMPLE","PWRWND","COMELC",2022,0
"EXAMPLE","PWRWND","CRPCP01",2019,0
"EXAMPLE","PWRWND","CRPCP01",2020,0
"EXAMPLE","PWRWND","CRPCP01",2021,0
"EXAMPLE","PWRWND","CRPCP01",2022,0
"EXAMPLE","PWRWND","CRPCP02",2019,0
"EXAMPLE","PWRWND","CRPCP02",2020,0
"EXAMPLE","PWRWND","CRPCP02",2021,0
"EXAMPLE","PWRWND","CRPCP02",2022,0
"EXAMPLE","PWRWND","ELC001",2019,0
"EXAMPLE","PWRWND","ELC001",2020,0
"EXAMPLE","PWRWND","ELC001",2021,0
"EXAMPLE","PWRWND","ELC001",2022,0
"EXAMPLE","PWRWND","ELC002",2019,0
"EXAMPLE","PWRWND","ELC002",2020,0
"EXAMPLE","PWRWND","ELC002",2021,0
"EXAMPLE","PWRWND","ELC002",2022,0
"EXAMPLE","PWRWND","GEO",2019,0
"EXAMPLE","PWRWND","GEO",2020,0
"EXAMPLE","PWRWND","GEO",2021,0
"EXAMPLE","PWRWND","GEO",2022,0
"EXAMPLE","PWRWND","HYD",2019,0
"EXAMPLE","PWRWND","HYD",2020,0
"EXAMPLE","PWRWND","HYD",2021,0
"EXAMPLE","PWRWND","HYD",2022,0
"EXAMPLE","PWRWND","LND",2019,0
"EXAMPLE","PWRWND","LND",2020,0
"EXAMPLE","PWRWND","LND",2021,0
"EXAMPLE","PWRWND","LND",2022,0
"EXAMPLE","PWRWND","PUBWAT",2019,0
"EXAMPLE","PWRWND","PUBWAT",2020,0
"EXAMPLE","PWRWND","PUBWAT",2021,0
"EXAMPLE","PWRWND","PUBWAT",2022,0
"EXAMPLE","PWRWND","SOL",2019,0
"EXAMPLE","PWRWND","SOL",2020,0
"EXAMPLE","PWRWND","SOL",2021,0
"EXAMPLE","PWRWND","SOL",2022,0
"EXAMPLE","PWRWND","WND",2019,0
"EXAMPLE","PWRWND","WND",2020,0
"EXAMPLE","PWRWND","WND",2021,0
"EXAMPLE","PWRWND","WND",2022,0
"EXAMPLE","PWRWND","WTREVT",2019,0
"EXAMPLE","PWRWND","WTREVT",2020,0
"EXAMPLE","PWRWND","WTREVT",2021,0
"EXAMPLE","PWRWND","WTREVT",2022,0
"EXAMPLE","PWRWND","WTRGWT",2019,0
"EXAMPLE","PWRWND","WTRGWT",2020,0
"EXAMPLE","PWRWND","WTRGWT",2021,0
"EXAMPLE","PWRWND","WTRGWT",2022,0
"EXAMPLE","PWRWND","WTRPRC",2019,0
"EXAMPLE","PWRWND","WTRPRC",2020,0
"EXAMPLE","PWRWND","WTRPRC",2021,0
"EXAMPLE","PWRWND","WTRPRC",2022,0
"EXAMPLE","PWRWND","WTRSUR",2019,0
"EXAMPLE","PWRWND","WTRSUR",2020,0
"EXAMPLE","PWRWND","WTRSUR",2021,0
"EXAMPLE","PWRWND","WTRSUR",2022,0
