r,t,f,y,ProductionByTechnologyAnnual
REGION1,DEMAGRDSL,AGRDSL,2015,6.5441
REGION1,DEMAGRDSL,AGRDSL,2016,6.6375
REGION1,DEMAGRDSL,AGRDSL,2017,6.9602
REGION1,DEMAGRDSL,AGRDSL,2018,7.2832
REGION1,DEMAGRDSL,AGRDSL,2019,7.6275
REGION1,DEMAGRDSL,AGRDSL,2020,7.9743
REGION1,DEMAGRDSL,AGRDSL,2021,8.5147
REGION1,DEMAGRDSL,AGRDSL,2022,9.0602
REGION1,DEMAGRDSL,AGRDSL,2023,9.6222
REGION1,DEMAGRDSL,AGRDSL,2024,10.1824
REGION1,DEMAGRDSL,AGRDSL,2025,10.7527
REGION1,DEMAGRDSL,AGRDSL,2026,11.3308
REGION1,DEMAGRDSL,AGRDSL,2027,11.9003
REGION1,DEMAGRDSL,AGRDSL,2028,12.4463
REGION1,DEMAGRDSL,AGRDSL,2029,12.9683
REGION1,DEMAGRDSL,AGRDSL,2030,13.4764
REGION1,DEMAGRELC002,AGRELC002,2015,0.0778
REGION1,DEMAGRELC002,AGRELC002,2016,0.0853
REGION1,DEMAGRELC002,AGRELC002,2017,0.0939
REGION1,DEMAGRELC002,AGRELC002,2018,0.1034
REGION1,DEMAGRELC002,AGRELC002,2019,0.1134
REGION1,DEMAGRELC002,AGRELC002,2020,0.1244
REGION1,DEMAGRELC002,AGRELC002,2021,0.1366
REGION1,DEMAGRELC002,AGRELC002,2022,0.1501
REGION1,DEMAGRELC002,AGRELC002,2023,0.1648
REGION1,DEMAGRELC002,AGRELC002,2024,0.181
REGION1,DEMAGRELC002,AGRELC002,2025,0.1988
REGION1,DEMAGRELC002,AGRELC002,2026,0.2179
REGION1,DEMAGRELC002,AGRELC002,2027,0.2385
REGION1,DEMAGRELC002,AGRELC002,2028,0.2608
REGION1,DEMAGRELC002,AGRELC002,2029,0.2854
REGION1,DEMAGRELC002,AGRELC002,2030,0.3126
REGION1,DEMAGRGWTETH,AGRWATETH,2015,4.4976
REGION1,DEMAGRGWTETH,AGRWATETH,2016,4.9321
REGION1,DEMAGRGWTETH,AGRWATETH,2017,5.4257
REGION1,DEMAGRGWTETH,AGRWATETH,2018,5.9724
REGION1,DEMAGRGWTETH,AGRWATETH,2019,6.5529
REGION1,DEMAGRGWTETH,AGRWATETH,2020,7.1908
REGION1,DEMAGRGWTETH,AGRWATETH,2021,7.898
REGION1,DEMAGRGWTETH,AGRWATETH,2022,8.6745
REGION1,DEMAGRGWTETH,AGRWATETH,2023,9.5271
REGION1,DEMAGRGWTETH,AGRWATETH,2024,10.464
REGION1,DEMAGRGWTETH,AGRWATETH,2025,11.4937
REGION1,DEMAGRGWTETH,AGRWATETH,2026,12.5978
REGION1,DEMAGRGWTETH,AGRWATETH,2027,13.7833
REGION1,DEMAGRGWTETH,AGRWATETH,2028,15.0747
REGION1,DEMAGRGWTETH,AGRWATETH,2029,16.4982
REGION1,DEMAGRGWTETH,AGRWATETH,2030,18.0666
REGION1,DEMCOMBIO,COMBIO,2015,15.79
REGION1,DEMCOMBIO,COMBIO,2016,15.79
REGION1,DEMCOMBIO,COMBIO,2017,16.41
REGION1,DEMCOMBIO,COMBIO,2018,17.01
REGION1,DEMCOMBIO,COMBIO,2019,17.61
REGION1,DEMCOMBIO,COMBIO,2020,18.21
REGION1,DEMCOMBIO,COMBIO,2021,19.32
REGION1,DEMCOMBIO,COMBIO,2022,20.39
REGION1,DEMCOMBIO,COMBIO,2023,21.44
REGION1,DEMCOMBIO,COMBIO,2024,22.46
REGION1,DEMCOMBIO,COMBIO,2025,23.47
REGION1,DEMCOMBIO,COMBIO,2026,24.45
REGION1,DEMCOMBIO,COMBIO,2027,25.42
REGION1,DEMCOMBIO,COMBIO,2028,26.37
REGION1,DEMCOMBIO,COMBIO,2029,27.31
REGION1,DEMCOMBIO,COMBIO,2030,28.24
REGION1,DEMCOMDSL,COMDSL,2015,2.39
REGION1,DEMCOMDSL,COMDSL,2016,2.39
REGION1,DEMCOMDSL,COMDSL,2017,2.48
REGION1,DEMCOMDSL,COMDSL,2018,2.57
REGION1,DEMCOMDSL,COMDSL,2019,2.67
REGION1,DEMCOMDSL,COMDSL,2020,2.76
REGION1,DEMCOMDSL,COMDSL,2021,2.92
REGION1,DEMCOMDSL,COMDSL,2022,3.09
REGION1,DEMCOMDSL,COMDSL,2023,3.24
REGION1,DEMCOMDSL,COMDSL,2024,3.4
REGION1,DEMCOMDSL,COMDSL,2025,3.55
REGION1,DEMCOMDSL,COMDSL,2026,3.7
REGION1,DEMCOMDSL,COMDSL,2027,3.85
REGION1,DEMCOMDSL,COMDSL,2028,3.99
REGION1,DEMCOMDSL,COMDSL,2029,4.13
REGION1,DEMCOMDSL,COMDSL,2030,4.27
REGION1,DEMCOMELC002,COMELC002,2015,8.24
REGION1,DEMCOMELC002,COMELC002,2016,8.69
REGION1,DEMCOMELC002,COMELC002,2017,9.28
REGION1,DEMCOMELC002,COMELC002,2018,9.88
REGION1,DEMCOMELC002,COMELC002,2019,10.48
REGION1,DEMCOMELC002,COMELC002,2020,11.08
REGION1,DEMCOMELC002,COMELC002,2021,12.5
REGION1,DEMCOMELC002,COMELC002,2022,13.94
REGION1,DEMCOMELC002,COMELC002,2023,15.4
REGION1,DEMCOMELC002,COMELC002,2024,16.88
REGION1,DEMCOMELC002,COMELC002,2025,18.38
REGION1,DEMCOMELC002,COMELC002,2026,19.9
REGION1,DEMCOMELC002,COMELC002,2027,21.43
REGION1,DEMCOMELC002,COMELC002,2028,22.97
REGION1,DEMCOMELC002,COMELC002,2029,24.53
REGION1,DEMCOMELC002,COMELC002,2030,26.1
REGION1,DEMINDCOA,INDCOA,2015,12.95
REGION1,DEMINDCOA,INDCOA,2016,12.95
REGION1,DEMINDCOA,INDCOA,2017,13.45
REGION1,DEMINDCOA,INDCOA,2018,13.95
REGION1,DEMINDCOA,INDCOA,2019,14.44
REGION1,DEMINDCOA,INDCOA,2020,14.93
REGION1,DEMINDCOA,INDCOA,2021,15.84
REGION1,DEMINDCOA,INDCOA,2022,16.72
REGION1,DEMINDCOA,INDCOA,2023,17.58
REGION1,DEMINDCOA,INDCOA,2024,18.42
REGION1,DEMINDCOA,INDCOA,2025,19.24
REGION1,DEMINDCOA,INDCOA,2026,20.05
REGION1,DEMINDCOA,INDCOA,2027,20.84
REGION1,DEMINDCOA,INDCOA,2028,21.62
REGION1,DEMINDCOA,INDCOA,2029,22.4
REGION1,DEMINDCOA,INDCOA,2030,23.16
REGION1,DEMINDDSL,INDDSL,2015,20.43
REGION1,DEMINDDSL,INDDSL,2016,20.43
REGION1,DEMINDDSL,INDDSL,2017,21.22
REGION1,DEMINDDSL,INDDSL,2018,22.0
REGION1,DEMINDDSL,INDDSL,2019,22.78
REGION1,DEMINDDSL,INDDSL,2020,23.55
REGION1,DEMINDDSL,INDDSL,2021,24.99
REGION1,DEMINDDSL,INDDSL,2022,26.38
REGION1,DEMINDDSL,INDDSL,2023,27.73
REGION1,DEMINDDSL,INDDSL,2024,29.06
REGION1,DEMINDDSL,INDDSL,2025,30.35
REGION1,DEMINDDSL,INDDSL,2026,31.63
REGION1,DEMINDDSL,INDDSL,2027,32.88
REGION1,DEMINDDSL,INDDSL,2028,34.11
REGION1,DEMINDDSL,INDDSL,2029,35.33
REGION1,DEMINDDSL,INDDSL,2030,36.53
REGION1,DEMINDELC002,INDELC002,2015,10.43
REGION1,DEMINDELC002,INDELC002,2016,11.01
REGION1,DEMINDELC002,INDELC002,2017,11.76
REGION1,DEMINDELC002,INDELC002,2018,12.52
REGION1,DEMINDELC002,INDELC002,2019,13.28
REGION1,DEMINDELC002,INDELC002,2020,14.04
REGION1,DEMINDELC002,INDELC002,2021,15.84
REGION1,DEMINDELC002,INDELC002,2022,17.66
REGION1,DEMINDELC002,INDELC002,2023,19.52
REGION1,DEMINDELC002,INDELC002,2024,21.39
REGION1,DEMINDELC002,INDELC002,2025,23.29
REGION1,DEMINDELC002,INDELC002,2026,25.21
REGION1,DEMINDELC002,INDELC002,2027,27.15
REGION1,DEMINDELC002,INDELC002,2028,29.1099
REGION1,DEMINDELC002,INDELC002,2029,31.08
REGION1,DEMINDELC002,INDELC002,2030,33.07
REGION1,DEMINDHFO,INDHFO,2015,3.01
REGION1,DEMINDHFO,INDHFO,2016,3.01
REGION1,DEMINDHFO,INDHFO,2017,3.13
REGION1,DEMINDHFO,INDHFO,2018,3.24
REGION1,DEMINDHFO,INDHFO,2019,3.36
REGION1,DEMINDHFO,INDHFO,2020,3.47
REGION1,DEMINDHFO,INDHFO,2021,3.68
REGION1,DEMINDHFO,INDHFO,2022,3.89
REGION1,DEMINDHFO,INDHFO,2023,4.09
REGION1,DEMINDHFO,INDHFO,2024,4.28
REGION1,DEMINDHFO,INDHFO,2025,4.47
REGION1,DEMINDHFO,INDHFO,2026,4.66
REGION1,DEMINDHFO,INDHFO,2027,4.84
REGION1,DEMINDHFO,INDHFO,2028,5.03
REGION1,DEMINDHFO,INDHFO,2029,5.21
REGION1,DEMINDHFO,INDHFO,2030,5.38
REGION1,DEMINDOHC,INDOHC,2015,11.26
REGION1,DEMINDOHC,INDOHC,2016,11.26
REGION1,DEMINDOHC,INDOHC,2017,11.7
REGION1,DEMINDOHC,INDOHC,2018,12.13
REGION1,DEMINDOHC,INDOHC,2019,12.56
REGION1,DEMINDOHC,INDOHC,2020,12.98
REGION1,DEMINDOHC,INDOHC,2021,13.77
REGION1,DEMINDOHC,INDOHC,2022,14.54
REGION1,DEMINDOHC,INDOHC,2023,15.28
REGION1,DEMINDOHC,INDOHC,2024,16.01
REGION1,DEMINDOHC,INDOHC,2025,16.73
REGION1,DEMINDOHC,INDOHC,2026,17.43
REGION1,DEMINDOHC,INDOHC,2027,18.12
REGION1,DEMINDOHC,INDOHC,2028,18.8
REGION1,DEMINDOHC,INDOHC,2029,19.47
REGION1,DEMINDOHC,INDOHC,2030,20.14
REGION1,DEMOTHDSL,OTHDSL,2015,5.61
REGION1,DEMOTHDSL,OTHDSL,2016,5.61
REGION1,DEMOTHDSL,OTHDSL,2017,5.83
REGION1,DEMOTHDSL,OTHDSL,2018,6.04
REGION1,DEMOTHDSL,OTHDSL,2019,6.26
REGION1,DEMOTHDSL,OTHDSL,2020,6.47
REGION1,DEMOTHDSL,OTHDSL,2021,6.86
REGION1,DEMOTHDSL,OTHDSL,2022,7.24
REGION1,DEMOTHDSL,OTHDSL,2023,7.62
REGION1,DEMOTHDSL,OTHDSL,2024,7.98
REGION1,DEMOTHDSL,OTHDSL,2025,8.33
REGION1,DEMOTHDSL,OTHDSL,2026,8.68
REGION1,DEMOTHDSL,OTHDSL,2027,9.03
REGION1,DEMOTHDSL,OTHDSL,2028,9.37
REGION1,DEMOTHDSL,OTHDSL,2029,9.7
REGION1,DEMOTHDSL,OTHDSL,2030,10.03
REGION1,DEMOTHOHC,OTHOHC,2015,3.98
REGION1,DEMOTHOHC,OTHOHC,2016,3.98
REGION1,DEMOTHOHC,OTHOHC,2017,4.13
REGION1,DEMOTHOHC,OTHOHC,2018,4.29
REGION1,DEMOTHOHC,OTHOHC,2019,4.44
REGION1,DEMOTHOHC,OTHOHC,2020,4.59
REGION1,DEMOTHOHC,OTHOHC,2021,4.87
REGION1,DEMOTHOHC,OTHOHC,2022,5.14
REGION1,DEMOTHOHC,OTHOHC,2023,5.4
REGION1,DEMOTHOHC,OTHOHC,2024,5.66
REGION1,DEMOTHOHC,OTHOHC,2025,5.91
REGION1,DEMOTHOHC,OTHOHC,2026,6.16
REGION1,DEMOTHOHC,OTHOHC,2027,6.41
REGION1,DEMOTHOHC,OTHOHC,2028,6.65
REGION1,DEMOTHOHC,OTHOHC,2029,6.88
REGION1,DEMOTHOHC,OTHOHC,2030,7.12
REGION1,DEMPUBSURETH,PUBWATETH,2015,0.81
REGION1,DEMPUBSURETH,PUBWATETH,2016,0.85
REGION1,DEMPUBSURETH,PUBWATETH,2017,0.89
REGION1,DEMPUBSURETH,PUBWATETH,2018,0.94
REGION1,DEMPUBSURETH,PUBWATETH,2019,0.98
REGION1,DEMPUBSURETH,PUBWATETH,2020,1.03
REGION1,DEMPUBSURETH,PUBWATETH,2021,1.09
REGION1,DEMPUBSURETH,PUBWATETH,2022,1.14
REGION1,DEMPUBSURETH,PUBWATETH,2023,1.2
REGION1,DEMPUBSURETH,PUBWATETH,2024,1.26
REGION1,DEMPUBSURETH,PUBWATETH,2025,1.32
REGION1,DEMPUBSURETH,PUBWATETH,2026,1.39
REGION1,DEMPUBSURETH,PUBWATETH,2027,1.45
REGION1,DEMPUBSURETH,PUBWATETH,2028,1.53
REGION1,DEMPUBSURETH,PUBWATETH,2029,1.6
REGION1,DEMPUBSURETH,PUBWATETH,2030,1.68
REGION1,DEMPWRBIO,PWRBIO,2029,0.0198
REGION1,DEMPWRBIO,PWRBIO,2030,3.4825
REGION1,DEMPWRGEO,PWRGEO,2020,5.0524
REGION1,DEMPWRGEO,PWRGEO,2021,9.3284
REGION1,DEMPWRGEO,PWRGEO,2022,9.3243
REGION1,DEMPWRGEO,PWRGEO,2023,9.3123
REGION1,DEMPWRGEO,PWRGEO,2024,9.3083
REGION1,DEMPWRGEO,PWRGEO,2025,9.2963
REGION1,DEMPWRGEO,PWRGEO,2026,9.2922
REGION1,DEMPWRGEO,PWRGEO,2027,9.2803
REGION1,DEMPWRGEO,PWRGEO,2028,9.2762
REGION1,DEMPWRGEO,PWRGEO,2029,9.2642
REGION1,DEMPWRGEO,PWRGEO,2030,9.2602
REGION1,DEMPWRHYD,PWRHYD,2015,29.4928
REGION1,DEMPWRHYD,PWRHYD,2016,32.163
REGION1,DEMPWRHYD,PWRHYD,2017,35.7326
REGION1,DEMPWRHYD,PWRHYD,2018,40.4778
REGION1,DEMPWRHYD,PWRHYD,2019,47.3351
REGION1,DEMPWRHYD,PWRHYD,2020,47.4518
REGION1,DEMPWRHYD,PWRHYD,2021,47.4466
REGION1,DEMPWRHYD,PWRHYD,2022,58.7164
REGION1,DEMPWRHYD,PWRHYD,2023,69.9939
REGION1,DEMPWRHYD,PWRHYD,2024,81.2636
REGION1,DEMPWRHYD,PWRHYD,2025,92.5411
REGION1,DEMPWRHYD,PWRHYD,2026,103.8109
REGION1,DEMPWRHYD,PWRHYD,2027,105.1596
REGION1,DEMPWRHYD,PWRHYD,2028,105.1467
REGION1,DEMPWRHYD,PWRHYD,2029,105.1415
REGION1,DEMPWRHYD,PWRHYD,2030,105.1286
REGION1,DEMPWRSOL,PWRSOL,2021,7.0963
REGION1,DEMPWRSOL,PWRSOL,2022,4.1751
REGION1,DEMPWRSOL,PWRSOL,2023,7.0892
REGION1,DEMPWRSOL,PWRSOL,2024,7.0821
REGION1,DEMPWRSOL,PWRSOL,2025,7.0821
REGION1,DEMPWRSOL,PWRSOL,2026,7.075
REGION1,DEMPWRSOL,PWRSOL,2027,4.467
REGION1,DEMPWRSOL,PWRSOL,2028,7.0678
REGION1,DEMPWRSOL,PWRSOL,2029,7.0678
REGION1,DEMPWRSOL,PWRSOL,2030,7.0607
REGION1,DEMPWRWND,PWRWND,2015,3.1049
REGION1,DEMPWRWND,PWRWND,2016,3.1023
REGION1,DEMPWRWND,PWRWND,2017,3.1012
REGION1,DEMPWRWND,PWRWND,2018,2.5055
REGION1,DEMPWRWND,PWRWND,2019,0.5922
REGION1,DEMPWRWND,PWRWND,2020,3.0948
REGION1,DEMPWRWND,PWRWND,2021,3.0938
REGION1,DEMPWRWND,PWRWND,2022,3.091
REGION1,DEMPWRWND,PWRWND,2023,3.09
REGION1,DEMPWRWND,PWRWND,2024,3.0873
REGION1,DEMPWRWND,PWRWND,2025,3.0863
REGION1,DEMPWRWND,PWRWND,2026,3.0836
REGION1,DEMPWRWND,PWRWND,2027,3.0825
REGION1,DEMPWRWND,PWRWND,2028,2.3181
REGION1,DEMPWRWND,PWRWND,2029,2.317
REGION1,DEMPWRWND,PWRWND,2030,1.5691
REGION1,DEMRESBIO,RESBIO,2015,1569.63
REGION1,DEMRESBIO,RESBIO,2016,1569.6299
REGION1,DEMRESBIO,RESBIO,2017,1630.39
REGION1,DEMRESBIO,RESBIO,2018,1690.58
REGION1,DEMRESBIO,RESBIO,2019,1750.26
REGION1,DEMRESBIO,RESBIO,2020,1809.48
REGION1,DEMRESBIO,RESBIO,2021,1919.68
REGION1,DEMRESBIO,RESBIO,2022,2026.58
REGION1,DEMRESBIO,RESBIO,2023,2130.69
REGION1,DEMRESBIO,RESBIO,2024,2232.4
REGION1,DEMRESBIO,RESBIO,2025,2332.04
REGION1,DEMRESBIO,RESBIO,2026,2429.87
REGION1,DEMRESBIO,RESBIO,2027,2526.1
REGION1,DEMRESBIO,RESBIO,2028,2620.91
REGION1,DEMRESBIO,RESBIO,2029,2714.46
REGION1,DEMRESBIO,RESBIO,2030,2806.87
REGION1,DEMRESELC002,RESELC002,2015,11.35
REGION1,DEMRESELC002,RESELC002,2016,11.98
REGION1,DEMRESELC002,RESELC002,2017,12.8
REGION1,DEMRESELC002,RESELC002,2018,13.62
REGION1,DEMRESELC002,RESELC002,2019,14.45
REGION1,DEMRESELC002,RESELC002,2020,15.28
REGION1,DEMRESELC002,RESELC002,2021,17.23
REGION1,DEMRESELC002,RESELC002,2022,19.22
REGION1,DEMRESELC002,RESELC002,2023,21.24
REGION1,DEMRESELC002,RESELC002,2024,23.28
REGION1,DEMRESELC002,RESELC002,2025,25.35
REGION1,DEMRESELC002,RESELC002,2026,27.43
REGION1,DEMRESELC002,RESELC002,2027,29.54
REGION1,DEMRESELC002,RESELC002,2028,31.67
REGION1,DEMRESELC002,RESELC002,2029,33.82
REGION1,DEMRESELC002,RESELC002,2030,35.9799
REGION1,DEMRESKER,RESKER,2015,11.22
REGION1,DEMRESKER,RESKER,2016,11.22
REGION1,DEMRESKER,RESKER,2017,11.65
REGION1,DEMRESKER,RESKER,2018,12.08
REGION1,DEMRESKER,RESKER,2019,12.51
REGION1,DEMRESKER,RESKER,2020,12.93
REGION1,DEMRESKER,RESKER,2021,13.72
REGION1,DEMRESKER,RESKER,2022,14.49
REGION1,DEMRESKER,RESKER,2023,15.23
REGION1,DEMRESKER,RESKER,2024,15.96
REGION1,DEMRESKER,RESKER,2025,16.67
REGION1,DEMRESKER,RESKER,2026,17.37
REGION1,DEMRESKER,RESKER,2027,18.06
REGION1,DEMRESKER,RESKER,2028,18.73
REGION1,DEMRESKER,RESKER,2029,19.4
REGION1,DEMRESKER,RESKER,2030,20.06
REGION1,DEMRESLPG,RESLPG,2015,0.33
REGION1,DEMRESLPG,RESLPG,2016,0.33
REGION1,DEMRESLPG,RESLPG,2017,0.34
REGION1,DEMRESLPG,RESLPG,2018,0.36
REGION1,DEMRESLPG,RESLPG,2019,0.37
REGION1,DEMRESLPG,RESLPG,2020,0.38
REGION1,DEMRESLPG,RESLPG,2021,0.4
REGION1,DEMRESLPG,RESLPG,2022,0.43
REGION1,DEMRESLPG,RESLPG,2023,0.45
REGION1,DEMRESLPG,RESLPG,2024,0.47
REGION1,DEMRESLPG,RESLPG,2025,0.49
REGION1,DEMRESLPG,RESLPG,2026,0.51
REGION1,DEMRESLPG,RESLPG,2027,0.53
REGION1,DEMRESLPG,RESLPG,2028,0.55
REGION1,DEMRESLPG,RESLPG,2029,0.57
REGION1,DEMRESLPG,RESLPG,2030,0.59
REGION1,DEMTRADSL,TRADSL,2015,52.38
REGION1,DEMTRADSL,TRADSL,2016,52.38
REGION1,DEMTRADSL,TRADSL,2017,54.41
REGION1,DEMTRADSL,TRADSL,2018,56.42
REGION1,DEMTRADSL,TRADSL,2019,58.41
REGION1,DEMTRADSL,TRADSL,2020,60.38
REGION1,DEMTRADSL,TRADSL,2021,64.06
REGION1,DEMTRADSL,TRADSL,2022,67.63
REGION1,DEMTRADSL,TRADSL,2023,71.1
REGION1,DEMTRADSL,TRADSL,2024,74.5
REGION1,DEMTRADSL,TRADSL,2025,77.82
REGION1,DEMTRADSL,TRADSL,2026,81.09
REGION1,DEMTRADSL,TRADSL,2027,84.3
REGION1,DEMTRADSL,TRADSL,2028,87.46
REGION1,DEMTRADSL,TRADSL,2029,90.58
REGION1,DEMTRADSL,TRADSL,2030,93.67
REGION1,DEMTRAGSL,TRAGSL,2015,13.94
REGION1,DEMTRAGSL,TRAGSL,2016,13.94
REGION1,DEMTRAGSL,TRAGSL,2017,14.48
REGION1,DEMTRAGSL,TRAGSL,2018,15.01
REGION1,DEMTRAGSL,TRAGSL,2019,15.54
REGION1,DEMTRAGSL,TRAGSL,2020,16.07
REGION1,DEMTRAGSL,TRAGSL,2021,17.05
REGION1,DEMTRAGSL,TRAGSL,2022,18.0
REGION1,DEMTRAGSL,TRAGSL,2023,18.92
REGION1,DEMTRAGSL,TRAGSL,2024,19.83
REGION1,DEMTRAGSL,TRAGSL,2025,20.71
REGION1,DEMTRAGSL,TRAGSL,2026,21.58
REGION1,DEMTRAGSL,TRAGSL,2027,22.43
REGION1,DEMTRAGSL,TRAGSL,2028,23.28
REGION1,DEMTRAGSL,TRAGSL,2029,24.11
REGION1,DEMTRAGSL,TRAGSL,2030,24.93
REGION1,DEMTRAOHC,TRAOHC,2015,3.31
REGION1,DEMTRAOHC,TRAOHC,2016,3.31
REGION1,DEMTRAOHC,TRAOHC,2017,3.44
REGION1,DEMTRAOHC,TRAOHC,2018,3.57
REGION1,DEMTRAOHC,TRAOHC,2019,3.69
REGION1,DEMTRAOHC,TRAOHC,2020,3.82
REGION1,DEMTRAOHC,TRAOHC,2021,4.05
REGION1,DEMTRAOHC,TRAOHC,2022,4.27
REGION1,DEMTRAOHC,TRAOHC,2023,4.49
REGION1,DEMTRAOHC,TRAOHC,2024,4.71
REGION1,DEMTRAOHC,TRAOHC,2025,4.92
REGION1,DEMTRAOHC,TRAOHC,2026,5.12
REGION1,DEMTRAOHC,TRAOHC,2027,5.33
REGION1,DEMTRAOHC,TRAOHC,2028,5.53
REGION1,DEMTRAOHC,TRAOHC,2029,5.72
REGION1,DEMTRAOHC,TRAOHC,2030,5.92
REGION1,IMPCOA,COA,2015,12.95
REGION1,IMPCOA,COA,2016,12.95
REGION1,IMPCOA,COA,2017,13.45
REGION1,IMPCOA,COA,2018,13.95
REGION1,IMPCOA,COA,2019,14.44
REGION1,IMPCOA,COA,2020,14.93
REGION1,IMPCOA,COA,2021,15.84
REGION1,IMPCOA,COA,2022,16.72
REGION1,IMPCOA,COA,2023,17.58
REGION1,IMPCOA,COA,2024,18.42
REGION1,IMPCOA,COA,2025,19.24
REGION1,IMPCOA,COA,2026,20.05
REGION1,IMPCOA,COA,2027,20.84
REGION1,IMPCOA,COA,2028,21.62
REGION1,IMPCOA,COA,2029,22.4
REGION1,IMPCOA,COA,2030,23.16
REGION1,IMPDSL,DSL,2015,87.3541
REGION1,IMPDSL,DSL,2016,87.4475
REGION1,IMPDSL,DSL,2017,90.9002
REGION1,IMPDSL,DSL,2018,94.3132
REGION1,IMPDSL,DSL,2019,97.7475
REGION1,IMPDSL,DSL,2020,101.1343
REGION1,IMPDSL,DSL,2021,107.3447
REGION1,IMPDSL,DSL,2022,113.4002
REGION1,IMPDSL,DSL,2023,119.3122
REGION1,IMPDSL,DSL,2024,125.1224
REGION1,IMPDSL,DSL,2025,130.8027
REGION1,IMPDSL,DSL,2026,136.4308
REGION1,IMPDSL,DSL,2027,141.9603
REGION1,IMPDSL,DSL,2028,147.3763
REGION1,IMPDSL,DSL,2029,152.7083
REGION1,IMPDSL,DSL,2030,157.9764
REGION1,IMPGSL,GSL,2015,13.94
REGION1,IMPGSL,GSL,2016,13.94
REGION1,IMPGSL,GSL,2017,14.48
REGION1,IMPGSL,GSL,2018,15.01
REGION1,IMPGSL,GSL,2019,15.54
REGION1,IMPGSL,GSL,2020,16.07
REGION1,IMPGSL,GSL,2021,17.05
REGION1,IMPGSL,GSL,2022,18.0
REGION1,IMPGSL,GSL,2023,18.92
REGION1,IMPGSL,GSL,2024,19.83
REGION1,IMPGSL,GSL,2025,20.71
REGION1,IMPGSL,GSL,2026,21.58
REGION1,IMPGSL,GSL,2027,22.43
REGION1,IMPGSL,GSL,2028,23.28
REGION1,IMPGSL,GSL,2029,24.11
REGION1,IMPGSL,GSL,2030,24.93
REGION1,IMPHFO,HFO,2015,3.01
REGION1,IMPHFO,HFO,2016,3.01
REGION1,IMPHFO,HFO,2017,3.13
REGION1,IMPHFO,HFO,2018,3.24
REGION1,IMPHFO,HFO,2019,3.36
REGION1,IMPHFO,HFO,2020,3.47
REGION1,IMPHFO,HFO,2021,3.68
REGION1,IMPHFO,HFO,2022,3.89
REGION1,IMPHFO,HFO,2023,4.09
REGION1,IMPHFO,HFO,2024,4.28
REGION1,IMPHFO,HFO,2025,4.47
REGION1,IMPHFO,HFO,2026,4.66
REGION1,IMPHFO,HFO,2027,4.84
REGION1,IMPHFO,HFO,2028,5.03
REGION1,IMPHFO,HFO,2029,5.21
REGION1,IMPHFO,HFO,2030,5.38
REGION1,IMPKER,KER,2015,11.22
REGION1,IMPKER,KER,2016,11.22
REGION1,IMPKER,KER,2017,11.65
REGION1,IMPKER,KER,2018,12.08
REGION1,IMPKER,KER,2019,12.51
REGION1,IMPKER,KER,2020,12.93
REGION1,IMPKER,KER,2021,13.72
REGION1,IMPKER,KER,2022,14.49
REGION1,IMPKER,KER,2023,15.23
REGION1,IMPKER,KER,2024,15.96
REGION1,IMPKER,KER,2025,16.67
REGION1,IMPKER,KER,2026,17.37
REGION1,IMPKER,KER,2027,18.06
REGION1,IMPKER,KER,2028,18.73
REGION1,IMPKER,KER,2029,19.4
REGION1,IMPKER,KER,2030,20.06
REGION1,IMPLPG,LPG,2015,0.33
REGION1,IMPLPG,LPG,2016,0.33
REGION1,IMPLPG,LPG,2017,0.34
REGION1,IMPLPG,LPG,2018,0.36
REGION1,IMPLPG,LPG,2019,0.37
REGION1,IMPLPG,LPG,2020,0.38
REGION1,IMPLPG,LPG,2021,0.4
REGION1,IMPLPG,LPG,2022,0.43
REGION1,IMPLPG,LPG,2023,0.45
REGION1,IMPLPG,LPG,2024,0.47
REGION1,IMPLPG,LPG,2025,0.49
REGION1,IMPLPG,LPG,2026,0.51
REGION1,IMPLPG,LPG,2027,0.53
REGION1,IMPLPG,LPG,2028,0.55
REGION1,IMPLPG,LPG,2029,0.57
REGION1,IMPLPG,LPG,2030,0.59
REGION1,IMPOHC,OHC,2015,18.55
REGION1,IMPOHC,OHC,2016,18.55
REGION1,IMPOHC,OHC,2017,19.27
REGION1,IMPOHC,OHC,2018,19.99
REGION1,IMPOHC,OHC,2019,20.69
REGION1,IMPOHC,OHC,2020,21.39
REGION1,IMPOHC,OHC,2021,22.69
REGION1,IMPOHC,OHC,2022,23.95
REGION1,IMPOHC,OHC,2023,25.17
REGION1,IMPOHC,OHC,2024,26.38
REGION1,IMPOHC,OHC,2025,27.56
REGION1,IMPOHC,OHC,2026,28.71
REGION1,IMPOHC,OHC,2027,29.86
REGION1,IMPOHC,OHC,2028,30.98
REGION1,IMPOHC,OHC,2029,32.07
REGION1,IMPOHC,OHC,2030,33.18
REGION1,LNDAGRETHC01,CRPCP01,2015,20.3328
REGION1,LNDAGRETHC01,CRPCP01,2016,20.4666
REGION1,LNDAGRETHC01,CRPCP01,2017,21.2598
REGION1,LNDAGRETHC01,CRPCP01,2018,22.0407
REGION1,LNDAGRETHC01,CRPCP01,2019,22.8195
REGION1,LNDAGRETHC01,CRPCP01,2020,23.5895
REGION1,LNDAGRETHC01,CRPCP01,2021,25.0304
REGION1,LNDAGRETHC01,CRPCP01,2022,26.42
REGION1,LNDAGRETHC01,CRPCP01,2023,27.7799
REGION1,LNDAGRETHC01,CRPCP01,2024,28.4145
REGION1,LNDAGRETHC01,CRPCP01,2025,29.9967
REGION1,LNDAGRETHC01,CRPCP01,2026,31.6805
REGION1,LNDAGRETHC01,CRPCP01,2027,32.9398
REGION1,LNDAGRETHC01,CRPCP01,2028,34.17
REGION1,LNDAGRETHC01,CRPCP01,2029,35.3897
REGION1,LNDAGRETHC01,CRPCP01,2030,36.5996
REGION1,LNDAGRETHC01,CRPCP07,2015,41.3411
REGION1,LNDAGRETHC01,CRPCP07,2016,46.5093
REGION1,LNDAGRETHC01,CRPCP07,2017,48.3094
REGION1,LNDAGRETHC01,CRPCP07,2018,50.0904
REGION1,LNDAGRETHC01,CRPCP07,2019,51.8589
REGION1,LNDAGRETHC01,CRPCP07,2020,53.6193
REGION1,LNDAGRETHC01,CRPCP07,2021,55.2182
REGION1,LNDAGRETHC01,CRPCP07,2022,56.4894
REGION1,LNDAGRETHC01,CRPCP07,2023,58.1122
REGION1,LNDAGRETHC01,CRPCP07,2024,60.9752
REGION1,LNDAGRETHC01,CRPCP07,2025,63.0456
REGION1,LNDAGRETHC01,CRPCP07,2026,65.0563
REGION1,LNDAGRETHC01,CRPCP07,2027,67.4835
REGION1,LNDAGRETHC01,CRPCP07,2028,69.7587
REGION1,LNDAGRETHC01,CRPCP07,2029,71.8964
REGION1,LNDAGRETHC01,CRPCP07,2030,73.8984
REGION1,LNDAGRETHC01,WTREVTETH,2015,14.7386
REGION1,LNDAGRETHC01,WTREVTETH,2016,14.4535
REGION1,LNDAGRETHC01,WTREVTETH,2017,14.3976
REGION1,LNDAGRETHC01,WTREVTETH,2018,14.3637
REGION1,LNDAGRETHC01,WTREVTETH,2019,14.351
REGION1,LNDAGRETHC01,WTREVTETH,2020,14.3637
REGION1,LNDAGRETHC01,WTREVTETH,2021,14.3405
REGION1,LNDAGRETHC01,WTREVTETH,2022,14.3782
REGION1,LNDAGRETHC01,WTREVTETH,2023,14.42
REGION1,LNDAGRETHC01,WTREVTETH,2024,14.4702
REGION1,LNDAGRETHC01,WTREVTETH,2025,14.5192
REGION1,LNDAGRETHC01,WTREVTETH,2026,14.5657
REGION1,LNDAGRETHC01,WTREVTETH,2027,14.6083
REGION1,LNDAGRETHC01,WTREVTETH,2028,14.6488
REGION1,LNDAGRETHC01,WTREVTETH,2029,14.6891
REGION1,LNDAGRETHC01,WTREVTETH,2030,14.7291
REGION1,LNDAGRETHC01,WTRGRCETH,2015,0.6903
REGION1,LNDAGRETHC01,WTRGRCETH,2016,0.6799
REGION1,LNDAGRETHC01,WTRGRCETH,2017,0.684
REGION1,LNDAGRETHC01,WTRGRCETH,2018,0.6925
REGION1,LNDAGRETHC01,WTRGRCETH,2019,0.6926
REGION1,LNDAGRETHC01,WTRGRCETH,2020,0.6927
REGION1,LNDAGRETHC01,WTRGRCETH,2021,0.6932
REGION1,LNDAGRETHC01,WTRGRCETH,2022,0.6933
REGION1,LNDAGRETHC01,WTRGRCETH,2023,0.6933
REGION1,LNDAGRETHC01,WTRGRCETH,2024,0.6928
REGION1,LNDAGRETHC01,WTRGRCETH,2025,0.6928
REGION1,LNDAGRETHC01,WTRGRCETH,2026,0.6917
REGION1,LNDAGRETHC01,WTRGRCETH,2027,0.6892
REGION1,LNDAGRETHC01,WTRGRCETH,2028,0.6863
REGION1,LNDAGRETHC01,WTRGRCETH,2029,0.6833
REGION1,LNDAGRETHC01,WTRGRCETH,2030,0.6805
REGION1,LNDAGRETHC01,WTRSURETH,2015,12.1574
REGION1,LNDAGRETHC01,WTRSURETH,2016,12.4619
REGION1,LNDAGRETHC01,WTRSURETH,2017,12.5349
REGION1,LNDAGRETHC01,WTRSURETH,2018,12.5886
REGION1,LNDAGRETHC01,WTRSURETH,2019,12.6225
REGION1,LNDAGRETHC01,WTRSURETH,2020,12.6346
REGION1,LNDAGRETHC01,WTRSURETH,2021,12.6814
REGION1,LNDAGRETHC01,WTRSURETH,2022,12.6707
REGION1,LNDAGRETHC01,WTRSURETH,2023,12.6599
REGION1,LNDAGRETHC01,WTRSURETH,2024,12.649
REGION1,LNDAGRETHC01,WTRSURETH,2025,12.6377
REGION1,LNDAGRETHC01,WTRSURETH,2026,12.6069
REGION1,LNDAGRETHC01,WTRSURETH,2027,12.558
REGION1,LNDAGRETHC01,WTRSURETH,2028,12.4986
REGION1,LNDAGRETHC01,WTRSURETH,2029,12.4405
REGION1,LNDAGRETHC01,WTRSURETH,2030,12.3835
REGION1,LNDAGRETHC02,CRPCP01,2015,0.1339
REGION1,LNDAGRETHC02,CRPCP01,2024,0.6958
REGION1,LNDAGRETHC02,CRPCP01,2025,0.4131
REGION1,LNDAGRETHC02,CRPCP03,2015,26.0939
REGION1,LNDAGRETHC02,CRPCP03,2016,23.9377
REGION1,LNDAGRETHC02,CRPCP03,2017,23.4096
REGION1,LNDAGRETHC02,CRPCP03,2018,22.6307
REGION1,LNDAGRETHC02,CRPCP03,2019,21.5707
REGION1,LNDAGRETHC02,CRPCP03,2020,20.2137
REGION1,LNDAGRETHC02,CRPCP03,2021,20.0812
REGION1,LNDAGRETHC02,CRPCP03,2022,19.5113
REGION1,LNDAGRETHC02,CRPCP03,2023,18.5357
REGION1,LNDAGRETHC02,CRPCP03,2024,17.6089
REGION1,LNDAGRETHC02,CRPCP03,2025,16.7285
REGION1,LNDAGRETHC02,CRPCP03,2026,15.892
REGION1,LNDAGRETHC02,CRPCP03,2027,15.0973
REGION1,LNDAGRETHC02,CRPCP03,2028,14.3426
REGION1,LNDAGRETHC02,CRPCP03,2029,13.6255
REGION1,LNDAGRETHC02,CRPCP03,2030,12.9442
REGION1,LNDAGRETHC02,CRPCP06,2015,9.2543
REGION1,LNDAGRETHC02,CRPCP06,2016,27.5321
REGION1,LNDAGRETHC02,CRPCP06,2017,30.2852
REGION1,LNDAGRETHC02,CRPCP06,2018,33.1622
REGION1,LNDAGRETHC02,CRPCP06,2019,35.9639
REGION1,LNDAGRETHC02,CRPCP06,2020,38.7026
REGION1,LNDAGRETHC02,CRPCP06,2021,42.5729
REGION1,LNDAGRETHC02,CRPCP06,2022,46.7322
REGION1,LNDAGRETHC02,CRPCP06,2023,50.7528
REGION1,LNDAGRETHC02,CRPCP06,2024,54.6465
REGION1,LNDAGRETHC02,CRPCP06,2025,58.4345
REGION1,LNDAGRETHC02,CRPCP06,2026,62.1182
REGION1,LNDAGRETHC02,CRPCP06,2027,65.7086
REGION1,LNDAGRETHC02,CRPCP06,2028,69.2168
REGION1,LNDAGRETHC02,CRPCP06,2029,72.6431
REGION1,LNDAGRETHC02,CRPCP06,2030,75.9884
REGION1,LNDAGRETHC02,CRPCP07,2015,5.1682
REGION1,LNDAGRETHC02,CRPCP07,2021,1.6605
REGION1,LNDAGRETHC02,CRPCP07,2022,3.5596
REGION1,LNDAGRETHC02,CRPCP07,2023,5.0181
REGION1,LNDAGRETHC02,CRPCP07,2024,5.1752
REGION1,LNDAGRETHC02,CRPCP07,2025,6.0546
REGION1,LNDAGRETHC02,CRPCP07,2026,6.9438
REGION1,LNDAGRETHC02,CRPCP07,2027,7.3667
REGION1,LNDAGRETHC02,CRPCP07,2028,7.9003
REGION1,LNDAGRETHC02,CRPCP07,2029,8.5336
REGION1,LNDAGRETHC02,CRPCP07,2030,9.2717
REGION1,LNDAGRETHC02,WTREVTETH,2015,140.6669
REGION1,LNDAGRETHC02,WTREVTETH,2016,138.7464
REGION1,LNDAGRETHC02,WTREVTETH,2017,138.327
REGION1,LNDAGRETHC02,WTREVTETH,2018,137.9083
REGION1,LNDAGRETHC02,WTREVTETH,2019,137.5241
REGION1,LNDAGRETHC02,WTREVTETH,2020,137.174
REGION1,LNDAGRETHC02,WTREVTETH,2021,136.2941
REGION1,LNDAGRETHC02,WTREVTETH,2022,135.3699
REGION1,LNDAGRETHC02,WTREVTETH,2023,134.5654
REGION1,LNDAGRETHC02,WTREVTETH,2024,133.8331
REGION1,LNDAGRETHC02,WTREVTETH,2025,133.1963
REGION1,LNDAGRETHC02,WTREVTETH,2026,132.5925
REGION1,LNDAGRETHC02,WTREVTETH,2027,131.9896
REGION1,LNDAGRETHC02,WTREVTETH,2028,131.3797
REGION1,LNDAGRETHC02,WTREVTETH,2029,130.7639
REGION1,LNDAGRETHC02,WTREVTETH,2030,130.142
REGION1,LNDAGRETHC02,WTRGRCETH,2015,3.8311
REGION1,LNDAGRETHC02,WTRGRCETH,2016,3.6914
REGION1,LNDAGRETHC02,WTRGRCETH,2017,3.7176
REGION1,LNDAGRETHC02,WTRGRCETH,2018,3.7438
REGION1,LNDAGRETHC02,WTRGRCETH,2019,3.9554
REGION1,LNDAGRETHC02,WTRGRCETH,2020,3.9792
REGION1,LNDAGRETHC02,WTRGRCETH,2021,3.8424
REGION1,LNDAGRETHC02,WTRGRCETH,2022,3.896
REGION1,LNDAGRETHC02,WTRGRCETH,2023,3.9434
REGION1,LNDAGRETHC02,WTRGRCETH,2024,3.9873
REGION1,LNDAGRETHC02,WTRGRCETH,2025,4.0261
REGION1,LNDAGRETHC02,WTRGRCETH,2026,4.0636
REGION1,LNDAGRETHC02,WTRGRCETH,2027,4.3631
REGION1,LNDAGRETHC02,WTRGRCETH,2028,4.4094
REGION1,LNDAGRETHC02,WTRGRCETH,2029,4.1769
REGION1,LNDAGRETHC02,WTRGRCETH,2030,4.2155
REGION1,LNDAGRETHC02,WTRSURETH,2015,65.8484
REGION1,LNDAGRETHC02,WTRSURETH,2016,67.9744
REGION1,LNDAGRETHC02,WTRSURETH,2017,68.3752
REGION1,LNDAGRETHC02,WTRSURETH,2018,68.7746
REGION1,LNDAGRETHC02,WTRSURETH,2019,68.9318
REGION1,LNDAGRETHC02,WTRSURETH,2020,69.2619
REGION1,LNDAGRETHC02,WTRSURETH,2021,70.3157
REGION1,LNDAGRETHC02,WTRSURETH,2022,71.2018
REGION1,LNDAGRETHC02,WTRSURETH,2023,71.9713
REGION1,LNDAGRETHC02,WTRSURETH,2024,72.6714
REGION1,LNDAGRETHC02,WTRSURETH,2025,73.2799
REGION1,LNDAGRETHC02,WTRSURETH,2026,73.8565
REGION1,LNDAGRETHC02,WTRSURETH,2027,74.1408
REGION1,LNDAGRETHC02,WTRSURETH,2028,74.7142
REGION1,LNDAGRETHC02,WTRSURETH,2029,75.6029
REGION1,LNDAGRETHC02,WTRSURETH,2030,76.197
REGION1,LNDAGRETHC03,WTREVTETH,2015,59.0384
REGION1,LNDAGRETHC03,WTREVTETH,2016,59.0384
REGION1,LNDAGRETHC03,WTREVTETH,2017,59.037
REGION1,LNDAGRETHC03,WTREVTETH,2018,59.0354
REGION1,LNDAGRETHC03,WTREVTETH,2019,59.034
REGION1,LNDAGRETHC03,WTREVTETH,2020,59.0324
REGION1,LNDAGRETHC03,WTREVTETH,2021,59.0306
REGION1,LNDAGRETHC03,WTREVTETH,2022,59.0288
REGION1,LNDAGRETHC03,WTREVTETH,2023,59.027
REGION1,LNDAGRETHC03,WTREVTETH,2024,59.025
REGION1,LNDAGRETHC03,WTREVTETH,2025,59.0232
REGION1,LNDAGRETHC03,WTREVTETH,2026,59.0212
REGION1,LNDAGRETHC03,WTREVTETH,2027,59.0192
REGION1,LNDAGRETHC03,WTREVTETH,2028,59.017
REGION1,LNDAGRETHC03,WTREVTETH,2029,59.015
REGION1,LNDAGRETHC03,WTREVTETH,2030,59.0128
REGION1,LNDAGRETHC03,WTRGRCETH,2015,1.07
REGION1,LNDAGRETHC03,WTRGRCETH,2016,1.1505
REGION1,LNDAGRETHC03,WTRGRCETH,2017,1.0732
REGION1,LNDAGRETHC03,WTRGRCETH,2018,1.0697
REGION1,LNDAGRETHC03,WTRGRCETH,2019,1.2418
REGION1,LNDAGRETHC03,WTRGRCETH,2020,1.1624
REGION1,LNDAGRETHC03,WTRGRCETH,2021,1.1172
REGION1,LNDAGRETHC03,WTRGRCETH,2022,1.1176
REGION1,LNDAGRETHC03,WTRGRCETH,2023,1.1334
REGION1,LNDAGRETHC03,WTRGRCETH,2024,1.2752
REGION1,LNDAGRETHC03,WTRGRCETH,2025,1.1625
REGION1,LNDAGRETHC03,WTRGRCETH,2026,1.0724
REGION1,LNDAGRETHC03,WTRGRCETH,2027,1.229
REGION1,LNDAGRETHC03,WTRGRCETH,2028,1.2309
REGION1,LNDAGRETHC03,WTRGRCETH,2029,1.1641
REGION1,LNDAGRETHC03,WTRGRCETH,2030,1.0741
REGION1,LNDAGRETHC03,WTRSURETH,2015,23.2637
REGION1,LNDAGRETHC03,WTRSURETH,2016,23.2637
REGION1,LNDAGRETHC03,WTRSURETH,2017,23.2651
REGION1,LNDAGRETHC03,WTRSURETH,2018,23.2667
REGION1,LNDAGRETHC03,WTRSURETH,2019,23.2681
REGION1,LNDAGRETHC03,WTRSURETH,2020,23.2697
REGION1,LNDAGRETHC03,WTRSURETH,2021,23.2715
REGION1,LNDAGRETHC03,WTRSURETH,2022,23.2733
REGION1,LNDAGRETHC03,WTRSURETH,2023,23.2751
REGION1,LNDAGRETHC03,WTRSURETH,2024,23.2771
REGION1,LNDAGRETHC03,WTRSURETH,2025,23.2789
REGION1,LNDAGRETHC03,WTRSURETH,2026,23.2809
REGION1,LNDAGRETHC03,WTRSURETH,2027,23.2829
REGION1,LNDAGRETHC03,WTRSURETH,2028,23.2851
REGION1,LNDAGRETHC03,WTRSURETH,2029,23.2871
REGION1,LNDAGRETHC03,WTRSURETH,2030,23.2893
REGION1,LNDAGRETHC04,WTREVTETH,2015,99.2578
REGION1,LNDAGRETHC04,WTREVTETH,2016,99.2578
REGION1,LNDAGRETHC04,WTREVTETH,2017,99.253
REGION1,LNDAGRETHC04,WTREVTETH,2018,99.2479
REGION1,LNDAGRETHC04,WTREVTETH,2019,99.2428
REGION1,LNDAGRETHC04,WTREVTETH,2020,99.2377
REGION1,LNDAGRETHC04,WTREVTETH,2021,99.2317
REGION1,LNDAGRETHC04,WTREVTETH,2022,99.2254
REGION1,LNDAGRETHC04,WTREVTETH,2023,99.2194
REGION1,LNDAGRETHC04,WTREVTETH,2024,99.2128
REGION1,LNDAGRETHC04,WTREVTETH,2025,99.2068
REGION1,LNDAGRETHC04,WTREVTETH,2026,99.1999
REGION1,LNDAGRETHC04,WTREVTETH,2027,99.193
REGION1,LNDAGRETHC04,WTREVTETH,2028,99.1861
REGION1,LNDAGRETHC04,WTREVTETH,2029,99.1792
REGION1,LNDAGRETHC04,WTREVTETH,2030,99.172
REGION1,LNDAGRETHC04,WTRGRCETH,2015,2.0067
REGION1,LNDAGRETHC04,WTRGRCETH,2016,2.2762
REGION1,LNDAGRETHC04,WTRGRCETH,2017,1.9929
REGION1,LNDAGRETHC04,WTRGRCETH,2018,2.3592
REGION1,LNDAGRETHC04,WTRGRCETH,2019,1.9949
REGION1,LNDAGRETHC04,WTRGRCETH,2020,2.0468
REGION1,LNDAGRETHC04,WTRGRCETH,2021,2.048
REGION1,LNDAGRETHC04,WTRGRCETH,2022,2.0492
REGION1,LNDAGRETHC04,WTRGRCETH,2023,2.0503
REGION1,LNDAGRETHC04,WTRGRCETH,2024,2.0516
REGION1,LNDAGRETHC04,WTRGRCETH,2025,2.0019
REGION1,LNDAGRETHC04,WTRGRCETH,2026,2.2281
REGION1,LNDAGRETHC04,WTRGRCETH,2027,2.0045
REGION1,LNDAGRETHC04,WTRGRCETH,2028,2.0059
REGION1,LNDAGRETHC04,WTRGRCETH,2029,2.0072
REGION1,LNDAGRETHC04,WTRGRCETH,2030,2.1197
REGION1,LNDAGRETHC04,WTRSURETH,2015,40.3074
REGION1,LNDAGRETHC04,WTRSURETH,2016,40.3074
REGION1,LNDAGRETHC04,WTRSURETH,2017,40.3106
REGION1,LNDAGRETHC04,WTRSURETH,2018,40.314
REGION1,LNDAGRETHC04,WTRSURETH,2019,40.3174
REGION1,LNDAGRETHC04,WTRSURETH,2020,40.3208
REGION1,LNDAGRETHC04,WTRSURETH,2021,40.3248
REGION1,LNDAGRETHC04,WTRSURETH,2022,40.329
REGION1,LNDAGRETHC04,WTRSURETH,2023,40.333
REGION1,LNDAGRETHC04,WTRSURETH,2024,40.3374
REGION1,LNDAGRETHC04,WTRSURETH,2025,40.3414
REGION1,LNDAGRETHC04,WTRSURETH,2026,40.346
REGION1,LNDAGRETHC04,WTRSURETH,2027,40.3506
REGION1,LNDAGRETHC04,WTRSURETH,2028,40.3552
REGION1,LNDAGRETHC04,WTRSURETH,2029,40.3598
REGION1,LNDAGRETHC04,WTRSURETH,2030,40.3646
REGION1,LNDAGRETHC05,CRPCP02,2015,14.496
REGION1,LNDAGRETHC05,CRPCP02,2016,15.9456
REGION1,LNDAGRETHC05,CRPCP02,2017,17.5408
REGION1,LNDAGRETHC05,CRPCP02,2018,19.2944
REGION1,LNDAGRETHC05,CRPCP02,2019,21.224
REGION1,LNDAGRETHC05,CRPCP02,2020,23.3456
REGION1,LNDAGRETHC05,CRPCP02,2021,25.68
REGION1,LNDAGRETHC05,CRPCP02,2022,28.248
REGION1,LNDAGRETHC05,CRPCP02,2023,31.0736
REGION1,LNDAGRETHC05,CRPCP02,2024,34.1808
REGION1,LNDAGRETHC05,CRPCP02,2025,37.5984
REGION1,LNDAGRETHC05,CRPCP02,2026,41.3584
REGION1,LNDAGRETHC05,CRPCP02,2027,45.4944
REGION1,LNDAGRETHC05,CRPCP02,2028,50.0448
REGION1,LNDAGRETHC05,CRPCP02,2029,55.048
REGION1,LNDAGRETHC05,CRPCP02,2030,60.5536
REGION1,LNDAGRETHC05,CRPCP03,2015,21.5623
REGION1,LNDAGRETHC05,CRPCP03,2016,23.7185
REGION1,LNDAGRETHC05,CRPCP03,2017,26.0904
REGION1,LNDAGRETHC05,CRPCP03,2018,28.6988
REGION1,LNDAGRETHC05,CRPCP03,2019,31.5691
REGION1,LNDAGRETHC05,CRPCP03,2020,34.7258
REGION1,LNDAGRETHC05,CRPCP03,2021,38.1994
REGION1,LNDAGRETHC05,CRPCP03,2022,42.0187
REGION1,LNDAGRETHC05,CRPCP03,2023,46.1543
REGION1,LNDAGRETHC05,CRPCP03,2024,50.1713
REGION1,LNDAGRETHC05,CRPCP03,2025,54.0722
REGION1,LNDAGRETHC05,CRPCP03,2026,57.8775
REGION1,LNDAGRETHC05,CRPCP03,2027,61.603
REGION1,LNDAGRETHC05,CRPCP03,2028,65.2281
REGION1,LNDAGRETHC05,CRPCP03,2029,68.7839
REGION1,LNDAGRETHC05,CRPCP03,2030,72.276
REGION1,LNDAGRETHC05,CRPCP08,2015,19.7208
REGION1,LNDAGRETHC05,CRPCP08,2016,21.6929
REGION1,LNDAGRETHC05,CRPCP08,2017,23.8622
REGION1,LNDAGRETHC05,CRPCP08,2018,26.2483
REGION1,LNDAGRETHC05,CRPCP08,2019,28.8734
REGION1,LNDAGRETHC05,CRPCP08,2020,31.7606
REGION1,LNDAGRETHC05,CRPCP08,2021,34.9365
REGION1,LNDAGRETHC05,CRPCP08,2022,38.43
REGION1,LNDAGRETHC05,CRPCP08,2023,42.2733
REGION1,LNDAGRETHC05,CRPCP08,2024,46.5005
REGION1,LNDAGRETHC05,CRPCP08,2025,51.1509
REGION1,LNDAGRETHC05,CRPCP08,2026,56.2658
REGION1,LNDAGRETHC05,CRPCP08,2027,61.8926
REGION1,LNDAGRETHC05,CRPCP08,2028,68.0817
REGION1,LNDAGRETHC05,CRPCP08,2029,74.8893
REGION1,LNDAGRETHC05,CRPCP08,2030,82.3788
REGION1,LNDAGRETHC05,WTREVTETH,2015,53.2575
REGION1,LNDAGRETHC05,WTREVTETH,2016,53.4586
REGION1,LNDAGRETHC05,WTREVTETH,2017,53.6767
REGION1,LNDAGRETHC05,WTREVTETH,2018,53.9163
REGION1,LNDAGRETHC05,WTREVTETH,2019,54.1808
REGION1,LNDAGRETHC05,WTREVTETH,2020,54.4715
REGION1,LNDAGRETHC05,WTREVTETH,2021,54.7914
REGION1,LNDAGRETHC05,WTREVTETH,2022,55.1432
REGION1,LNDAGRETHC05,WTREVTETH,2023,55.5322
REGION1,LNDAGRETHC05,WTREVTETH,2024,55.9682
REGION1,LNDAGRETHC05,WTREVTETH,2025,56.4569
REGION1,LNDAGRETHC05,WTREVTETH,2026,57.0013
REGION1,LNDAGRETHC05,WTREVTETH,2027,57.6085
REGION1,LNDAGRETHC05,WTREVTETH,2028,58.2837
REGION1,LNDAGRETHC05,WTREVTETH,2029,59.0333
REGION1,LNDAGRETHC05,WTREVTETH,2030,59.8654
REGION1,LNDAGRETHC05,WTRGRCETH,2015,1.2396
REGION1,LNDAGRETHC05,WTRGRCETH,2016,1.2196
REGION1,LNDAGRETHC05,WTRGRCETH,2017,1.7303
REGION1,LNDAGRETHC05,WTRGRCETH,2018,1.232
REGION1,LNDAGRETHC05,WTRGRCETH,2019,1.239
REGION1,LNDAGRETHC05,WTRGRCETH,2020,1.3369
REGION1,LNDAGRETHC05,WTRGRCETH,2021,1.5604
REGION1,LNDAGRETHC05,WTRGRCETH,2022,1.5692
REGION1,LNDAGRETHC05,WTRGRCETH,2023,1.5788
REGION1,LNDAGRETHC05,WTRGRCETH,2024,1.2852
REGION1,LNDAGRETHC05,WTRGRCETH,2025,1.5994
REGION1,LNDAGRETHC05,WTRGRCETH,2026,1.4833
REGION1,LNDAGRETHC05,WTRGRCETH,2027,1.3203
REGION1,LNDAGRETHC05,WTRGRCETH,2028,1.3335
REGION1,LNDAGRETHC05,WTRGRCETH,2029,1.6486
REGION1,LNDAGRETHC05,WTRGRCETH,2030,1.7293
REGION1,LNDAGRETHC05,WTRSURETH,2015,23.0251
REGION1,LNDAGRETHC05,WTRSURETH,2016,23.1457
REGION1,LNDAGRETHC05,WTRSURETH,2017,22.3939
REGION1,LNDAGRETHC05,WTRSURETH,2018,23.3339
REGION1,LNDAGRETHC05,WTRSURETH,2019,23.4419
REGION1,LNDAGRETHC05,WTRSURETH,2020,23.4102
REGION1,LNDAGRETHC05,WTRSURETH,2021,23.1827
REGION1,LNDAGRETHC05,WTRSURETH,2022,23.3272
REGION1,LNDAGRETHC05,WTRSURETH,2023,23.4848
REGION1,LNDAGRETHC05,WTRSURETH,2024,24.1569
REGION1,LNDAGRETHC05,WTRSURETH,2025,23.8258
REGION1,LNDAGRETHC05,WTRSURETH,2026,24.2243
REGION1,LNDAGRETHC05,WTRSURETH,2027,24.7137
REGION1,LNDAGRETHC05,WTRSURETH,2028,24.9243
REGION1,LNDAGRETHC05,WTRSURETH,2029,24.6477
REGION1,LNDAGRETHC05,WTRSURETH,2030,24.7804
REGION1,LNDAGRETHC06,CRPCP02,2015,64.3284
REGION1,LNDAGRETHC06,CRPCP02,2016,62.8791
REGION1,LNDAGRETHC06,CRPCP02,2017,64.3404
REGION1,LNDAGRETHC06,CRPCP02,2018,65.6054
REGION1,LNDAGRETHC06,CRPCP02,2019,66.6764
REGION1,LNDAGRETHC06,CRPCP02,2020,67.5243
REGION1,LNDAGRETHC06,CRPCP02,2021,70.7198
REGION1,LNDAGRETHC06,CRPCP02,2022,73.5211
REGION1,LNDAGRETHC06,CRPCP02,2023,75.9263
REGION1,LNDAGRETHC06,CRPCP02,2024,77.9292
REGION1,LNDAGRETHC06,CRPCP02,2025,79.5109
REGION1,LNDAGRETHC06,CRPCP02,2026,80.6614
REGION1,LNDAGRETHC06,CRPCP02,2027,81.3655
REGION1,LNDAGRETHC06,CRPCP02,2028,81.5759
REGION1,LNDAGRETHC06,CRPCP02,2029,81.2716
REGION1,LNDAGRETHC06,CRPCP02,2030,80.4064
REGION1,LNDAGRETHC06,CRPCP04,2015,0.4049
REGION1,LNDAGRETHC06,CRPCP04,2016,0.1821
REGION1,LNDAGRETHC06,CRPCP04,2017,0.3653
REGION1,LNDAGRETHC06,CRPCP04,2018,0.3465
REGION1,LNDAGRETHC06,CRPCP04,2019,0.3297
REGION1,LNDAGRETHC06,CRPCP04,2020,0.3128
REGION1,LNDAGRETHC06,CRPCP04,2021,0.297
REGION1,LNDAGRETHC06,CRPCP04,2022,0.2821
REGION1,LNDAGRETHC06,CRPCP04,2023,0.2683
REGION1,LNDAGRETHC06,CRPCP04,2024,0.2554
REGION1,LNDAGRETHC06,CRPCP04,2025,0.2425
REGION1,LNDAGRETHC06,CRPCP04,2026,0.2297
REGION1,LNDAGRETHC06,CRPCP04,2027,0.2188
REGION1,LNDAGRETHC06,CRPCP04,2028,0.2079
REGION1,LNDAGRETHC06,CRPCP04,2029,0.197
REGION1,LNDAGRETHC06,CRPCP04,2030,0.1871
REGION1,LNDAGRETHC06,CRPCP05,2015,13.7851
REGION1,LNDAGRETHC06,CRPCP05,2016,13.6512
REGION1,LNDAGRETHC06,CRPCP05,2017,13.7823
REGION1,LNDAGRETHC06,CRPCP05,2018,13.8222
REGION1,LNDAGRETHC06,CRPCP05,2019,14.2569
REGION1,LNDAGRETHC06,CRPCP05,2020,14.6632
REGION1,LNDAGRETHC06,CRPCP05,2021,15.5376
REGION1,LNDAGRETHC06,CRPCP05,2022,16.359
REGION1,LNDAGRETHC06,CRPCP05,2023,17.1252
REGION1,LNDAGRETHC06,CRPCP05,2024,17.844
REGION1,LNDAGRETHC06,CRPCP05,2025,18.5225
REGION1,LNDAGRETHC06,CRPCP05,2026,19.1386
REGION1,LNDAGRETHC06,CRPCP05,2027,19.7084
REGION1,LNDAGRETHC06,CRPCP05,2028,20.2178
REGION1,LNDAGRETHC06,CRPCP05,2029,20.6754
REGION1,LNDAGRETHC06,CRPCP05,2030,21.0754
REGION1,LNDAGRETHC06,CRPCP06,2015,30.4298
REGION1,LNDAGRETHC06,CRPCP06,2016,19.2624
REGION1,LNDAGRETHC06,CRPCP06,2017,18.4728
REGION1,LNDAGRETHC06,CRPCP06,2018,17.5491
REGION1,LNDAGRETHC06,CRPCP06,2019,16.6717
REGION1,LNDAGRETHC06,CRPCP06,2020,15.8381
REGION1,LNDAGRETHC06,CRPCP06,2021,15.4218
REGION1,LNDAGRETHC06,CRPCP06,2022,14.6507
REGION1,LNDAGRETHC06,CRPCP06,2023,13.9182
REGION1,LNDAGRETHC06,CRPCP06,2024,13.2223
REGION1,LNDAGRETHC06,CRPCP06,2025,12.5611
REGION1,LNDAGRETHC06,CRPCP06,2026,11.9331
REGION1,LNDAGRETHC06,CRPCP06,2027,11.3364
REGION1,LNDAGRETHC06,CRPCP06,2028,10.7697
REGION1,LNDAGRETHC06,CRPCP06,2029,10.2312
REGION1,LNDAGRETHC06,CRPCP06,2030,9.7196
REGION1,LNDAGRETHC06,CRPCP08,2015,148.3558
REGION1,LNDAGRETHC06,CRPCP08,2016,146.3838
REGION1,LNDAGRETHC06,CRPCP08,2017,150.718
REGION1,LNDAGRETHC06,CRPCP08,2018,154.7819
REGION1,LNDAGRETHC06,CRPCP08,2019,158.5469
REGION1,LNDAGRETHC06,CRPCP08,2020,161.9994
REGION1,LNDAGRETHC06,CRPCP08,2021,170.6234
REGION1,LNDAGRETHC06,CRPCP08,2022,178.5795
REGION1,LNDAGRETHC06,CRPCP08,2023,185.8772
REGION1,LNDAGRETHC06,CRPCP08,2024,192.5489
REGION1,LNDAGRETHC06,CRPCP08,2025,198.5695
REGION1,LNDAGRETHC06,CRPCP08,2026,203.9247
REGION1,LNDAGRETHC06,CRPCP08,2027,208.608
REGION1,LNDAGRETHC06,CRPCP08,2028,212.5687
REGION1,LNDAGRETHC06,CRPCP08,2029,215.78
REGION1,LNDAGRETHC06,CRPCP08,2030,218.1815
REGION1,LNDAGRETHC06,WTREVTETH,2015,134.6611
REGION1,LNDAGRETHC06,WTREVTETH,2016,137.0012
REGION1,LNDAGRETHC06,WTREVTETH,2017,137.3268
REGION1,LNDAGRETHC06,WTREVTETH,2018,137.7427
REGION1,LNDAGRETHC06,WTREVTETH,2019,138.1906
REGION1,LNDAGRETHC06,WTREVTETH,2020,138.7305
REGION1,LNDAGRETHC06,WTREVTETH,2021,138.8163
REGION1,LNDAGRETHC06,WTREVTETH,2022,139.0951
REGION1,LNDAGRETHC06,WTREVTETH,2023,139.4123
REGION1,LNDAGRETHC06,WTREVTETH,2024,139.773
REGION1,LNDAGRETHC06,WTREVTETH,2025,140.1814
REGION1,LNDAGRETHC06,WTREVTETH,2026,140.6408
REGION1,LNDAGRETHC06,WTREVTETH,2027,141.1578
REGION1,LNDAGRETHC06,WTREVTETH,2028,141.7377
REGION1,LNDAGRETHC06,WTREVTETH,2029,142.3584
REGION1,LNDAGRETHC06,WTREVTETH,2030,143.0197
REGION1,LNDAGRETHC06,WTRGRCETH,2015,4.5824
REGION1,LNDAGRETHC06,WTRGRCETH,2016,4.1514
REGION1,LNDAGRETHC06,WTRGRCETH,2017,4.1427
REGION1,LNDAGRETHC06,WTRGRCETH,2018,4.1689
REGION1,LNDAGRETHC06,WTRGRCETH,2019,4.1554
REGION1,LNDAGRETHC06,WTRGRCETH,2020,4.1379
REGION1,LNDAGRETHC06,WTRGRCETH,2021,4.1454
REGION1,LNDAGRETHC06,WTRGRCETH,2022,4.1436
REGION1,LNDAGRETHC06,WTRGRCETH,2023,4.1412
REGION1,LNDAGRETHC06,WTRGRCETH,2024,4.1377
REGION1,LNDAGRETHC06,WTRGRCETH,2025,4.1492
REGION1,LNDAGRETHC06,WTRGRCETH,2026,4.1826
REGION1,LNDAGRETHC06,WTRGRCETH,2027,4.0817
REGION1,LNDAGRETHC06,WTRGRCETH,2028,4.1122
REGION1,LNDAGRETHC06,WTRGRCETH,2029,4.065
REGION1,LNDAGRETHC06,WTRGRCETH,2030,4.0567
REGION1,LNDAGRETHC06,WTRSURETH,2015,80.2907
REGION1,LNDAGRETHC06,WTRSURETH,2016,78.4797
REGION1,LNDAGRETHC06,WTRSURETH,2017,78.2919
REGION1,LNDAGRETHC06,WTRSURETH,2018,77.9954
REGION1,LNDAGRETHC06,WTRSURETH,2019,77.7177
REGION1,LNDAGRETHC06,WTRSURETH,2020,77.367
REGION1,LNDAGRETHC06,WTRSURETH,2021,77.4658
REGION1,LNDAGRETHC06,WTRSURETH,2022,77.3998
REGION1,LNDAGRETHC06,WTRSURETH,2023,77.3174
REGION1,LNDAGRETHC06,WTRSURETH,2024,77.2152
REGION1,LNDAGRETHC06,WTRSURETH,2025,77.0773
REGION1,LNDAGRETHC06,WTRSURETH,2026,76.8967
REGION1,LNDAGRETHC06,WTRSURETH,2027,76.8111
REGION1,LNDAGRETHC06,WTRSURETH,2028,76.5769
REGION1,LNDAGRETHC06,WTRSURETH,2029,76.4106
REGION1,LNDAGRETHC06,WTRSURETH,2030,76.2097
REGION1,LNDAGRETHC07,CRPCP06,2015,9.6044
REGION1,LNDAGRETHC07,CRPCP06,2016,2.494
REGION1,LNDAGRETHC07,CRPCP06,2017,2.442
REGION1,LNDAGRETHC07,CRPCP06,2018,2.3789
REGION1,LNDAGRETHC07,CRPCP06,2019,2.3242
REGION1,LNDAGRETHC07,CRPCP06,2020,2.2792
REGION1,LNDAGRETHC07,CRPCP06,2021,2.2854
REGION1,LNDAGRETHC07,CRPCP06,2022,2.257
REGION1,LNDAGRETHC07,CRPCP06,2023,2.2389
REGION1,LNDAGRETHC07,CRPCP06,2024,2.2314
REGION1,LNDAGRETHC07,CRPCP06,2025,2.2341
REGION1,LNDAGRETHC07,CRPCP06,2026,2.2487
REGION1,LNDAGRETHC07,CRPCP06,2027,2.2748
REGION1,LNDAGRETHC07,CRPCP06,2028,2.3135
REGION1,LNDAGRETHC07,CRPCP06,2029,2.3655
REGION1,LNDAGRETHC07,CRPCP06,2030,2.4318
REGION1,LNDAGRETHC07,WTREVTETH,2015,45.6493
REGION1,LNDAGRETHC07,WTREVTETH,2016,47.0779
REGION1,LNDAGRETHC07,WTREVTETH,2017,47.0884
REGION1,LNDAGRETHC07,WTREVTETH,2018,47.1019
REGION1,LNDAGRETHC07,WTREVTETH,2019,47.1144
REGION1,LNDAGRETHC07,WTREVTETH,2020,47.1252
REGION1,LNDAGRETHC07,WTREVTETH,2021,47.1267
REGION1,LNDAGRETHC07,WTREVTETH,2022,47.1347
REGION1,LNDAGRETHC07,WTREVTETH,2023,47.1426
REGION1,LNDAGRETHC07,WTREVTETH,2024,47.149
REGION1,LNDAGRETHC07,WTREVTETH,2025,47.1552
REGION1,LNDAGRETHC07,WTREVTETH,2026,47.1594
REGION1,LNDAGRETHC07,WTREVTETH,2027,47.1628
REGION1,LNDAGRETHC07,WTREVTETH,2028,47.1656
REGION1,LNDAGRETHC07,WTREVTETH,2029,47.1677
REGION1,LNDAGRETHC07,WTREVTETH,2030,47.1693
REGION1,LNDAGRETHC07,WTRGRCETH,2015,1.2589
REGION1,LNDAGRETHC07,WTRGRCETH,2016,1.1329
REGION1,LNDAGRETHC07,WTRGRCETH,2017,1.1335
REGION1,LNDAGRETHC07,WTRGRCETH,2018,1.1791
REGION1,LNDAGRETHC07,WTRGRCETH,2019,1.1797
REGION1,LNDAGRETHC07,WTRGRCETH,2020,1.1804
REGION1,LNDAGRETHC07,WTRGRCETH,2021,1.1817
REGION1,LNDAGRETHC07,WTRGRCETH,2022,1.1829
REGION1,LNDAGRETHC07,WTRGRCETH,2023,1.1389
REGION1,LNDAGRETHC07,WTRGRCETH,2024,1.1853
REGION1,LNDAGRETHC07,WTRGRCETH,2025,1.1415
REGION1,LNDAGRETHC07,WTRGRCETH,2026,1.1431
REGION1,LNDAGRETHC07,WTRGRCETH,2027,1.1899
REGION1,LNDAGRETHC07,WTRGRCETH,2028,1.1466
REGION1,LNDAGRETHC07,WTRGRCETH,2029,1.1935
REGION1,LNDAGRETHC07,WTRGRCETH,2030,1.1504
REGION1,LNDAGRETHC07,WTRSURETH,2015,22.0235
REGION1,LNDAGRETHC07,WTRSURETH,2016,20.7485
REGION1,LNDAGRETHC07,WTRSURETH,2017,20.742
REGION1,LNDAGRETHC07,WTRSURETH,2018,20.683
REGION1,LNDAGRETHC07,WTRSURETH,2019,20.6754
REGION1,LNDAGRETHC07,WTRSURETH,2020,20.6699
REGION1,LNDAGRETHC07,WTRSURETH,2021,20.6736
REGION1,LNDAGRETHC07,WTRSURETH,2022,20.6715
REGION1,LNDAGRETHC07,WTRSURETH,2023,20.7205
REGION1,LNDAGRETHC07,WTRSURETH,2024,20.6714
REGION1,LNDAGRETHC07,WTRSURETH,2025,20.7231
REGION1,LNDAGRETHC07,WTRSURETH,2026,20.7277
REGION1,LNDAGRETHC07,WTRSURETH,2027,20.6837
REGION1,LNDAGRETHC07,WTRSURETH,2028,20.7415
REGION1,LNDAGRETHC07,WTRSURETH,2029,20.7008
REGION1,LNDAGRETHC07,WTRSURETH,2030,20.7621
REGION1,LNDAGRETHC08,CRPCP04,2015,14.774
REGION1,LNDAGRETHC08,CRPCP04,2016,14.9965
REGION1,LNDAGRETHC08,CRPCP04,2017,15.406
REGION1,LNDAGRETHC08,CRPCP04,2018,16.005
REGION1,LNDAGRETHC08,CRPCP04,2019,16.6008
REGION1,LNDAGRETHC08,CRPCP04,2020,17.1843
REGION1,LNDAGRETHC08,CRPCP04,2021,18.2634
REGION1,LNDAGRETHC08,CRPCP04,2022,19.3139
REGION1,LNDAGRETHC08,CRPCP04,2023,20.3317
REGION1,LNDAGRETHC08,CRPCP04,2024,21.3347
REGION1,LNDAGRETHC08,CRPCP04,2025,22.3086
REGION1,LNDAGRETHC08,CRPCP04,2026,23.2725
REGION1,LNDAGRETHC08,CRPCP04,2027,24.2145
REGION1,LNDAGRETHC08,CRPCP04,2028,25.1346
REGION1,LNDAGRETHC08,CRPCP04,2029,26.0544
REGION1,LNDAGRETHC08,CRPCP04,2030,26.9548
REGION1,LNDAGRETHC08,CRPCP05,2015,1.342
REGION1,LNDAGRETHC08,CRPCP05,2016,1.4762
REGION1,LNDAGRETHC08,CRPCP05,2017,1.9277
REGION1,LNDAGRETHC08,CRPCP05,2018,2.4683
REGION1,LNDAGRETHC08,CRPCP05,2019,2.6129
REGION1,LNDAGRETHC08,CRPCP05,2020,2.7771
REGION1,LNDAGRETHC08,CRPCP05,2021,2.9623
REGION1,LNDAGRETHC08,CRPCP05,2022,3.1703
REGION1,LNDAGRETHC08,CRPCP05,2023,3.4039
REGION1,LNDAGRETHC08,CRPCP05,2024,3.6663
REGION1,LNDAGRETHC08,CRPCP05,2025,3.9569
REGION1,LNDAGRETHC08,CRPCP05,2026,4.2813
REGION1,LNDAGRETHC08,CRPCP05,2027,4.6421
REGION1,LNDAGRETHC08,CRPCP05,2028,5.0413
REGION1,LNDAGRETHC08,CRPCP05,2029,5.4847
REGION1,LNDAGRETHC08,CRPCP05,2030,5.9742
REGION1,LNDAGRETHC08,WTREVTETH,2015,104.7971
REGION1,LNDAGRETHC08,WTREVTETH,2016,104.7959
REGION1,LNDAGRETHC08,WTREVTETH,2017,104.7801
REGION1,LNDAGRETHC08,WTREVTETH,2018,104.7645
REGION1,LNDAGRETHC08,WTREVTETH,2019,104.7549
REGION1,LNDAGRETHC08,WTREVTETH,2020,104.7439
REGION1,LNDAGRETHC08,WTREVTETH,2021,104.7375
REGION1,LNDAGRETHC08,WTREVTETH,2022,104.73
REGION1,LNDAGRETHC08,WTREVTETH,2023,104.7206
REGION1,LNDAGRETHC08,WTREVTETH,2024,104.7097
REGION1,LNDAGRETHC08,WTREVTETH,2025,104.6989
REGION1,LNDAGRETHC08,WTREVTETH,2026,104.6866
REGION1,LNDAGRETHC08,WTREVTETH,2027,104.6737
REGION1,LNDAGRETHC08,WTREVTETH,2028,104.6603
REGION1,LNDAGRETHC08,WTREVTETH,2029,104.646
REGION1,LNDAGRETHC08,WTREVTETH,2030,104.6302
REGION1,LNDAGRETHC08,WTRGRCETH,2015,2.478
REGION1,LNDAGRETHC08,WTRGRCETH,2016,2.3638
REGION1,LNDAGRETHC08,WTRGRCETH,2017,2.3672
REGION1,LNDAGRETHC08,WTRGRCETH,2018,2.3711
REGION1,LNDAGRETHC08,WTRGRCETH,2019,2.3737
REGION1,LNDAGRETHC08,WTRGRCETH,2020,2.3765
REGION1,LNDAGRETHC08,WTRGRCETH,2021,2.3795
REGION1,LNDAGRETHC08,WTRGRCETH,2022,2.3826
REGION1,LNDAGRETHC08,WTRGRCETH,2023,2.3859
REGION1,LNDAGRETHC08,WTRGRCETH,2024,2.3894
REGION1,LNDAGRETHC08,WTRGRCETH,2025,2.3929
REGION1,LNDAGRETHC08,WTRGRCETH,2026,2.3966
REGION1,LNDAGRETHC08,WTRGRCETH,2027,2.4005
REGION1,LNDAGRETHC08,WTRGRCETH,2028,2.4044
REGION1,LNDAGRETHC08,WTRGRCETH,2029,2.4085
REGION1,LNDAGRETHC08,WTRGRCETH,2030,2.4129
REGION1,LNDAGRETHC08,WTRSURETH,2015,45.0348
REGION1,LNDAGRETHC08,WTRSURETH,2016,45.1674
REGION1,LNDAGRETHC08,WTRSURETH,2017,45.201
REGION1,LNDAGRETHC08,WTRSURETH,2018,45.2398
REGION1,LNDAGRETHC08,WTRSURETH,2019,45.2555
REGION1,LNDAGRETHC08,WTRSURETH,2020,45.2726
REGION1,LNDAGRETHC08,WTRSURETH,2021,45.2913
REGION1,LNDAGRETHC08,WTRSURETH,2022,45.3109
REGION1,LNDAGRETHC08,WTRSURETH,2023,45.3323
REGION1,LNDAGRETHC08,WTRSURETH,2024,45.3556
REGION1,LNDAGRETHC08,WTRSURETH,2025,45.3794
REGION1,LNDAGRETHC08,WTRSURETH,2026,45.4057
REGION1,LNDAGRETHC08,WTRSURETH,2027,45.4335
REGION1,LNDAGRETHC08,WTRSURETH,2028,45.4627
REGION1,LNDAGRETHC08,WTRSURETH,2029,45.4944
REGION1,LNDAGRETHC08,WTRSURETH,2030,45.5284
REGION1,LNDBARETH,LBARETH,2015,87.58
REGION1,LNDBARETH,LBARETH,2016,87.58
REGION1,LNDBARETH,LBARETH,2017,87.58
REGION1,LNDBARETH,LBARETH,2018,87.58
REGION1,LNDBARETH,LBARETH,2019,87.58
REGION1,LNDBARETH,LBARETH,2020,87.58
REGION1,LNDBARETH,LBARETH,2021,87.58
REGION1,LNDBARETH,LBARETH,2022,87.58
REGION1,LNDBARETH,LBARETH,2023,87.58
REGION1,LNDBARETH,LBARETH,2024,87.58
REGION1,LNDBARETH,LBARETH,2025,87.58
REGION1,LNDBARETH,LBARETH,2026,87.58
REGION1,LNDBARETH,LBARETH,2027,87.58
REGION1,LNDBARETH,LBARETH,2028,87.58
REGION1,LNDBARETH,LBARETH,2029,87.58
REGION1,LNDBARETH,LBARETH,2030,87.58
REGION1,LNDBLTETH,LBLTETH,2015,21.19
REGION1,LNDBLTETH,LBLTETH,2016,21.19
REGION1,LNDBLTETH,LBLTETH,2017,22.34
REGION1,LNDBLTETH,LBLTETH,2018,23.55
REGION1,LNDBLTETH,LBLTETH,2019,24.76
REGION1,LNDBLTETH,LBLTETH,2020,26.02
REGION1,LNDBLTETH,LBLTETH,2021,27.44
REGION1,LNDBLTETH,LBLTETH,2022,28.9
REGION1,LNDBLTETH,LBLTETH,2023,30.37
REGION1,LNDBLTETH,LBLTETH,2024,31.91
REGION1,LNDBLTETH,LBLTETH,2025,33.38
REGION1,LNDBLTETH,LBLTETH,2026,35.03
REGION1,LNDBLTETH,LBLTETH,2027,36.64
REGION1,LNDBLTETH,LBLTETH,2028,38.3
REGION1,LNDBLTETH,LBLTETH,2029,39.97
REGION1,LNDBLTETH,LBLTETH,2030,41.68
REGION1,LNDCP01HIETH,LCP01HIETH,2015,0.06
REGION1,LNDCP01HIETH,LCP01HIETH,2016,0.066
REGION1,LNDCP01HIETH,LCP01HIETH,2017,0.0726
REGION1,LNDCP01HIETH,LCP01HIETH,2018,0.0799
REGION1,LNDCP01HIETH,LCP01HIETH,2019,0.0878
REGION1,LNDCP01HIETH,LCP01HIETH,2020,0.0966
REGION1,LNDCP01HIETH,LCP01HIETH,2021,0.1063
REGION1,LNDCP01HIETH,LCP01HIETH,2022,0.1169
REGION1,LNDCP01HIETH,LCP01HIETH,2023,0.1286
REGION1,LNDCP01HIETH,LCP01HIETH,2024,0.1415
REGION1,LNDCP01HIETH,LCP01HIETH,2025,0.1556
REGION1,LNDCP01HIETH,LCP01HIETH,2026,0.1712
REGION1,LNDCP01HIETH,LCP01HIETH,2027,0.1883
REGION1,LNDCP01HIETH,LCP01HIETH,2028,0.1789
REGION1,LNDCP01HIETH,LCP01HIETH,2029,0.1699
REGION1,LNDCP01HIETH,LCP01HIETH,2030,0.1614
REGION1,LNDCP01HRETH,LCP01HRETH,2015,0.412
REGION1,LNDCP01HRETH,LCP01HRETH,2016,0.4532
REGION1,LNDCP01HRETH,LCP01HRETH,2017,0.4985
REGION1,LNDCP01HRETH,LCP01HRETH,2018,0.5484
REGION1,LNDCP01HRETH,LCP01HRETH,2019,0.6032
REGION1,LNDCP01HRETH,LCP01HRETH,2020,0.6635
REGION1,LNDCP01HRETH,LCP01HRETH,2021,0.7299
REGION1,LNDCP01HRETH,LCP01HRETH,2022,0.8029
REGION1,LNDCP01HRETH,LCP01HRETH,2023,0.8832
REGION1,LNDCP01HRETH,LCP01HRETH,2024,0.9715
REGION1,LNDCP01HRETH,LCP01HRETH,2025,1.0686
REGION1,LNDCP01HRETH,LCP01HRETH,2026,1.1755
REGION1,LNDCP01HRETH,LCP01HRETH,2027,1.293
REGION1,LNDCP01HRETH,LCP01HRETH,2028,1.4149
REGION1,LNDCP01HRETH,LCP01HRETH,2029,1.513
REGION1,LNDCP01HRETH,LCP01HRETH,2030,1.5858
REGION1,LNDCP01IIETH,LCP01IIETH,2015,0.06
REGION1,LNDCP01IIETH,LCP01IIETH,2016,0.066
REGION1,LNDCP01IIETH,LCP01IIETH,2017,0.0726
REGION1,LNDCP01IIETH,LCP01IIETH,2018,0.0799
REGION1,LNDCP01IIETH,LCP01IIETH,2019,0.0878
REGION1,LNDCP01IIETH,LCP01IIETH,2020,0.0966
REGION1,LNDCP01IIETH,LCP01IIETH,2021,0.1063
REGION1,LNDCP01IIETH,LCP01IIETH,2022,0.1169
REGION1,LNDCP01IIETH,LCP01IIETH,2023,0.1286
REGION1,LNDCP01IIETH,LCP01IIETH,2024,0.1415
REGION1,LNDCP01IIETH,LCP01IIETH,2025,0.1556
REGION1,LNDCP01IIETH,LCP01IIETH,2026,0.1712
REGION1,LNDCP01IIETH,LCP01IIETH,2027,0.1657
REGION1,LNDCP01IIETH,LCP01IIETH,2028,0.1574
REGION1,LNDCP01IIETH,LCP01IIETH,2029,0.1495
REGION1,LNDCP01IIETH,LCP01IIETH,2030,0.1421
REGION1,LNDCP01IRETH,LCP01IRETH,2015,0.884
REGION1,LNDCP01IRETH,LCP01IRETH,2016,0.9724
REGION1,LNDCP01IRETH,LCP01IRETH,2017,1.0696
REGION1,LNDCP01IRETH,LCP01IRETH,2018,1.1766
REGION1,LNDCP01IRETH,LCP01IRETH,2019,1.2943
REGION1,LNDCP01IRETH,LCP01IRETH,2020,1.4237
REGION1,LNDCP01IRETH,LCP01IRETH,2021,1.5661
REGION1,LNDCP01IRETH,LCP01IRETH,2022,1.7227
REGION1,LNDCP01IRETH,LCP01IRETH,2023,1.8949
REGION1,LNDCP01IRETH,LCP01IRETH,2024,2.0844
REGION1,LNDCP01IRETH,LCP01IRETH,2025,2.2929
REGION1,LNDCP01IRETH,LCP01IRETH,2026,2.5222
REGION1,LNDCP01IRETH,LCP01IRETH,2027,2.7744
REGION1,LNDCP01IRETH,LCP01IRETH,2028,3.0518
REGION1,LNDCP01IRETH,LCP01IRETH,2029,3.357
REGION1,LNDCP01IRETH,LCP01IRETH,2030,3.6927
REGION1,LNDCP01LRETH,LCP01LRETH,2015,8.027
REGION1,LNDCP01LRETH,LCP01LRETH,2016,7.6256
REGION1,LNDCP01LRETH,LCP01LRETH,2017,7.6218
REGION1,LNDCP01LRETH,LCP01LRETH,2018,7.5922
REGION1,LNDCP01LRETH,LCP01LRETH,2019,7.5137
REGION1,LNDCP01LRETH,LCP01LRETH,2020,7.3757
REGION1,LNDCP01LRETH,LCP01LRETH,2021,7.5727
REGION1,LNDCP01LRETH,LCP01LRETH,2022,7.6752
REGION1,LNDCP01LRETH,LCP01LRETH,2023,7.6886
REGION1,LNDCP01LRETH,LCP01LRETH,2024,7.7317
REGION1,LNDCP01LRETH,LCP01LRETH,2025,7.4935
REGION1,LNDCP01LRETH,LCP01LRETH,2026,7.1188
REGION1,LNDCP01LRETH,LCP01LRETH,2027,6.7628
REGION1,LNDCP01LRETH,LCP01LRETH,2028,6.4247
REGION1,LNDCP01LRETH,LCP01LRETH,2029,6.1035
REGION1,LNDCP01LRETH,LCP01LRETH,2030,5.7983
REGION1,LNDCP02HIETH,LCP02HIETH,2015,0.906
REGION1,LNDCP02HIETH,LCP02HIETH,2016,0.9966
REGION1,LNDCP02HIETH,LCP02HIETH,2017,1.0963
REGION1,LNDCP02HIETH,LCP02HIETH,2018,1.2059
REGION1,LNDCP02HIETH,LCP02HIETH,2019,1.3265
REGION1,LNDCP02HIETH,LCP02HIETH,2020,1.4591
REGION1,LNDCP02HIETH,LCP02HIETH,2021,1.605
REGION1,LNDCP02HIETH,LCP02HIETH,2022,1.7655
REGION1,LNDCP02HIETH,LCP02HIETH,2023,1.9421
REGION1,LNDCP02HIETH,LCP02HIETH,2024,2.1363
REGION1,LNDCP02HIETH,LCP02HIETH,2025,2.3499
REGION1,LNDCP02HIETH,LCP02HIETH,2026,2.5849
REGION1,LNDCP02HIETH,LCP02HIETH,2027,2.8434
REGION1,LNDCP02HIETH,LCP02HIETH,2028,3.1278
REGION1,LNDCP02HIETH,LCP02HIETH,2029,3.4405
REGION1,LNDCP02HIETH,LCP02HIETH,2030,3.7846
REGION1,LNDCP02HRETH,LCP02HRETH,2015,1.056
REGION1,LNDCP02HRETH,LCP02HRETH,2016,1.1616
REGION1,LNDCP02HRETH,LCP02HRETH,2017,1.2778
REGION1,LNDCP02HRETH,LCP02HRETH,2018,1.4055
REGION1,LNDCP02HRETH,LCP02HRETH,2019,1.5461
REGION1,LNDCP02HRETH,LCP02HRETH,2020,1.7007
REGION1,LNDCP02HRETH,LCP02HRETH,2021,1.8708
REGION1,LNDCP02HRETH,LCP02HRETH,2022,2.0578
REGION1,LNDCP02HRETH,LCP02HRETH,2023,2.2636
REGION1,LNDCP02HRETH,LCP02HRETH,2024,2.49
REGION1,LNDCP02HRETH,LCP02HRETH,2025,2.739
REGION1,LNDCP02HRETH,LCP02HRETH,2026,3.0129
REGION1,LNDCP02HRETH,LCP02HRETH,2027,3.3142
REGION1,LNDCP02HRETH,LCP02HRETH,2028,3.6456
REGION1,LNDCP02HRETH,LCP02HRETH,2029,3.9236
REGION1,LNDCP02HRETH,LCP02HRETH,2030,4.1175
REGION1,LNDCP02IIETH,LCP02IIETH,2015,0.906
REGION1,LNDCP02IIETH,LCP02IIETH,2016,0.9966
REGION1,LNDCP02IIETH,LCP02IIETH,2017,1.0963
REGION1,LNDCP02IIETH,LCP02IIETH,2018,1.2059
REGION1,LNDCP02IIETH,LCP02IIETH,2019,1.3265
REGION1,LNDCP02IIETH,LCP02IIETH,2020,1.4591
REGION1,LNDCP02IIETH,LCP02IIETH,2021,1.605
REGION1,LNDCP02IIETH,LCP02IIETH,2022,1.7655
REGION1,LNDCP02IIETH,LCP02IIETH,2023,1.9421
REGION1,LNDCP02IIETH,LCP02IIETH,2024,2.1363
REGION1,LNDCP02IIETH,LCP02IIETH,2025,2.3499
REGION1,LNDCP02IIETH,LCP02IIETH,2026,2.5849
REGION1,LNDCP02IIETH,LCP02IIETH,2027,2.8434
REGION1,LNDCP02IIETH,LCP02IIETH,2028,3.1278
REGION1,LNDCP02IIETH,LCP02IIETH,2029,3.4405
REGION1,LNDCP02IIETH,LCP02IIETH,2030,3.7846
REGION1,LNDCP02IRETH,LCP02IRETH,2015,3.167
REGION1,LNDCP02IRETH,LCP02IRETH,2016,3.2161
REGION1,LNDCP02IRETH,LCP02IRETH,2017,3.5377
REGION1,LNDCP02IRETH,LCP02IRETH,2018,3.8914
REGION1,LNDCP02IRETH,LCP02IRETH,2019,4.1824
REGION1,LNDCP02IRETH,LCP02IRETH,2020,4.5503
REGION1,LNDCP02IRETH,LCP02IRETH,2021,5.0053
REGION1,LNDCP02IRETH,LCP02IRETH,2022,5.5026
REGION1,LNDCP02IRETH,LCP02IRETH,2023,5.8849
REGION1,LNDCP02IRETH,LCP02IRETH,2024,6.1489
REGION1,LNDCP02IRETH,LCP02IRETH,2025,6.2888
REGION1,LNDCP02IRETH,LCP02IRETH,2026,6.2997
REGION1,LNDCP02IRETH,LCP02IRETH,2027,6.1757
REGION1,LNDCP02IRETH,LCP02IRETH,2028,5.9044
REGION1,LNDCP02IRETH,LCP02IRETH,2029,5.6092
REGION1,LNDCP02IRETH,LCP02IRETH,2030,5.3287
REGION1,LNDCP02LRETH,LCP02LRETH,2015,14.8336
REGION1,LNDCP02LRETH,LCP02LRETH,2016,14.0919
REGION1,LNDCP02LRETH,LCP02LRETH,2017,13.3873
REGION1,LNDCP02LRETH,LCP02LRETH,2018,12.718
REGION1,LNDCP02LRETH,LCP02LRETH,2019,12.0821
REGION1,LNDCP02LRETH,LCP02LRETH,2020,11.478
REGION1,LNDCP02LRETH,LCP02LRETH,2021,10.9041
REGION1,LNDCP02LRETH,LCP02LRETH,2022,10.3589
REGION1,LNDCP02LRETH,LCP02LRETH,2023,9.8409
REGION1,LNDCP02LRETH,LCP02LRETH,2024,9.3489
REGION1,LNDCP02LRETH,LCP02LRETH,2025,8.8814
REGION1,LNDCP02LRETH,LCP02LRETH,2026,8.4374
REGION1,LNDCP02LRETH,LCP02LRETH,2027,8.0155
REGION1,LNDCP02LRETH,LCP02LRETH,2028,7.6147
REGION1,LNDCP02LRETH,LCP02LRETH,2029,7.234
REGION1,LNDCP02LRETH,LCP02LRETH,2030,6.8723
REGION1,LNDCP03HIETH,LCP03HIETH,2015,0.181
REGION1,LNDCP03HIETH,LCP03HIETH,2016,0.1991
REGION1,LNDCP03HIETH,LCP03HIETH,2017,0.219
REGION1,LNDCP03HIETH,LCP03HIETH,2018,0.2409
REGION1,LNDCP03HIETH,LCP03HIETH,2019,0.265
REGION1,LNDCP03HIETH,LCP03HIETH,2020,0.2915
REGION1,LNDCP03HIETH,LCP03HIETH,2021,0.3207
REGION1,LNDCP03HIETH,LCP03HIETH,2022,0.3527
REGION1,LNDCP03HIETH,LCP03HIETH,2023,0.388
REGION1,LNDCP03HIETH,LCP03HIETH,2024,0.4268
REGION1,LNDCP03HIETH,LCP03HIETH,2025,0.4695
REGION1,LNDCP03HIETH,LCP03HIETH,2026,0.5164
REGION1,LNDCP03HIETH,LCP03HIETH,2027,0.5681
REGION1,LNDCP03HIETH,LCP03HIETH,2028,0.6249
REGION1,LNDCP03HIETH,LCP03HIETH,2029,0.6873
REGION1,LNDCP03HIETH,LCP03HIETH,2030,0.7561
REGION1,LNDCP03HRETH,LCP03HRETH,2015,0.927
REGION1,LNDCP03HRETH,LCP03HRETH,2016,1.0197
REGION1,LNDCP03HRETH,LCP03HRETH,2017,1.1217
REGION1,LNDCP03HRETH,LCP03HRETH,2018,1.2338
REGION1,LNDCP03HRETH,LCP03HRETH,2019,1.3572
REGION1,LNDCP03HRETH,LCP03HRETH,2020,1.4929
REGION1,LNDCP03HRETH,LCP03HRETH,2021,1.6422
REGION1,LNDCP03HRETH,LCP03HRETH,2022,1.8065
REGION1,LNDCP03HRETH,LCP03HRETH,2023,1.9871
REGION1,LNDCP03HRETH,LCP03HRETH,2024,2.1858
REGION1,LNDCP03HRETH,LCP03HRETH,2025,2.4044
REGION1,LNDCP03HRETH,LCP03HRETH,2026,2.6448
REGION1,LNDCP03HRETH,LCP03HRETH,2027,2.9093
REGION1,LNDCP03HRETH,LCP03HRETH,2028,3.2003
REGION1,LNDCP03HRETH,LCP03HRETH,2029,3.5203
REGION1,LNDCP03HRETH,LCP03HRETH,2030,3.8723
REGION1,LNDCP03IIETH,LCP03IIETH,2015,0.181
REGION1,LNDCP03IIETH,LCP03IIETH,2016,0.1991
REGION1,LNDCP03IIETH,LCP03IIETH,2017,0.219
REGION1,LNDCP03IIETH,LCP03IIETH,2018,0.2409
REGION1,LNDCP03IIETH,LCP03IIETH,2019,0.265
REGION1,LNDCP03IIETH,LCP03IIETH,2020,0.2915
REGION1,LNDCP03IIETH,LCP03IIETH,2021,0.3207
REGION1,LNDCP03IIETH,LCP03IIETH,2022,0.3527
REGION1,LNDCP03IIETH,LCP03IIETH,2023,0.388
REGION1,LNDCP03IIETH,LCP03IIETH,2024,0.4268
REGION1,LNDCP03IIETH,LCP03IIETH,2025,0.4695
REGION1,LNDCP03IIETH,LCP03IIETH,2026,0.5164
REGION1,LNDCP03IIETH,LCP03IIETH,2027,0.5681
REGION1,LNDCP03IIETH,LCP03IIETH,2028,0.6249
REGION1,LNDCP03IIETH,LCP03IIETH,2029,0.6873
REGION1,LNDCP03IIETH,LCP03IIETH,2030,0.7561
REGION1,LNDCP03IRETH,LCP03IRETH,2015,2.782
REGION1,LNDCP03IRETH,LCP03IRETH,2016,3.0602
REGION1,LNDCP03IRETH,LCP03IRETH,2017,3.3662
REGION1,LNDCP03IRETH,LCP03IRETH,2018,3.7028
REGION1,LNDCP03IRETH,LCP03IRETH,2019,4.0731
REGION1,LNDCP03IRETH,LCP03IRETH,2020,4.4804
REGION1,LNDCP03IRETH,LCP03IRETH,2021,4.9285
REGION1,LNDCP03IRETH,LCP03IRETH,2022,5.4213
REGION1,LNDCP03IRETH,LCP03IRETH,2023,5.9487
REGION1,LNDCP03IRETH,LCP03IRETH,2024,6.4106
REGION1,LNDCP03IRETH,LCP03IRETH,2025,6.8035
REGION1,LNDCP03IRETH,LCP03IRETH,2026,7.1281
REGION1,LNDCP03IRETH,LCP03IRETH,2027,7.3824
REGION1,LNDCP03IRETH,LCP03IRETH,2028,7.5572
REGION1,LNDCP03IRETH,LCP03IRETH,2029,7.6539
REGION1,LNDCP03IRETH,LCP03IRETH,2030,7.6666
REGION1,LNDCP03LRETH,LCP03LRETH,2015,14.4966
REGION1,LNDCP03LRETH,LCP03LRETH,2016,13.7718
REGION1,LNDCP03LRETH,LCP03LRETH,2017,13.0832
REGION1,LNDCP03LRETH,LCP03LRETH,2018,12.5726
REGION1,LNDCP03LRETH,LCP03LRETH,2019,11.9837
REGION1,LNDCP03LRETH,LCP03LRETH,2020,11.3845
REGION1,LNDCP03LRETH,LCP03LRETH,2021,11.1562
REGION1,LNDCP03LRETH,LCP03LRETH,2022,10.8396
REGION1,LNDCP03LRETH,LCP03LRETH,2023,10.2976
REGION1,LNDCP03LRETH,LCP03LRETH,2024,9.7827
REGION1,LNDCP03LRETH,LCP03LRETH,2025,9.2936
REGION1,LNDCP03LRETH,LCP03LRETH,2026,8.8289
REGION1,LNDCP03LRETH,LCP03LRETH,2027,8.3874
REGION1,LNDCP03LRETH,LCP03LRETH,2028,7.9681
REGION1,LNDCP03LRETH,LCP03LRETH,2029,7.5697
REGION1,LNDCP03LRETH,LCP03LRETH,2030,7.1912
REGION1,LNDCP04HIETH,LCP04HIETH,2015,0.089
REGION1,LNDCP04HIETH,LCP04HIETH,2016,0.0979
REGION1,LNDCP04HIETH,LCP04HIETH,2017,0.1077
REGION1,LNDCP04HIETH,LCP04HIETH,2018,0.1185
REGION1,LNDCP04HIETH,LCP04HIETH,2019,0.1303
REGION1,LNDCP04HIETH,LCP04HIETH,2020,0.1433
REGION1,LNDCP04HIETH,LCP04HIETH,2021,0.1577
REGION1,LNDCP04HIETH,LCP04HIETH,2022,0.1734
REGION1,LNDCP04HIETH,LCP04HIETH,2023,0.1908
REGION1,LNDCP04HIETH,LCP04HIETH,2024,0.2093
REGION1,LNDCP04HIETH,LCP04HIETH,2025,0.2272
REGION1,LNDCP04HIETH,LCP04HIETH,2026,0.2447
REGION1,LNDCP04HIETH,LCP04HIETH,2027,0.2617
REGION1,LNDCP04HIETH,LCP04HIETH,2028,0.2782
REGION1,LNDCP04HIETH,LCP04HIETH,2029,0.2945
REGION1,LNDCP04HIETH,LCP04HIETH,2030,0.3104
REGION1,LNDCP04IIETH,LCP04IIETH,2015,0.178
REGION1,LNDCP04IIETH,LCP04IIETH,2016,0.1691
REGION1,LNDCP04IIETH,LCP04IIETH,2017,0.1628
REGION1,LNDCP04IIETH,LCP04IIETH,2018,0.159
REGION1,LNDCP04IIETH,LCP04IIETH,2019,0.1536
REGION1,LNDCP04IIETH,LCP04IIETH,2020,0.1461
REGION1,LNDCP04IIETH,LCP04IIETH,2021,0.147
REGION1,LNDCP04IIETH,LCP04IIETH,2022,0.1453
REGION1,LNDCP04IIETH,LCP04IIETH,2023,0.1403
REGION1,LNDCP04IIETH,LCP04IIETH,2024,0.1333
REGION1,LNDCP04IIETH,LCP04IIETH,2025,0.1266
REGION1,LNDCP04IIETH,LCP04IIETH,2026,0.1203
REGION1,LNDCP04IIETH,LCP04IIETH,2027,0.1143
REGION1,LNDCP04IIETH,LCP04IIETH,2028,0.1086
REGION1,LNDCP04IIETH,LCP04IIETH,2029,0.1032
REGION1,LNDCP04IIETH,LCP04IIETH,2030,0.098
REGION1,LNDCP04LRETH,LCP04LRETH,2015,0.0409
REGION1,LNDCP04LRETH,LCP04LRETH,2016,0.0388
REGION1,LNDCP04LRETH,LCP04LRETH,2017,0.0369
REGION1,LNDCP04LRETH,LCP04LRETH,2018,0.035
REGION1,LNDCP04LRETH,LCP04LRETH,2019,0.0333
REGION1,LNDCP04LRETH,LCP04LRETH,2020,0.0316
REGION1,LNDCP04LRETH,LCP04LRETH,2021,0.03
REGION1,LNDCP04LRETH,LCP04LRETH,2022,0.0285
REGION1,LNDCP04LRETH,LCP04LRETH,2023,0.0271
REGION1,LNDCP04LRETH,LCP04LRETH,2024,0.0258
REGION1,LNDCP04LRETH,LCP04LRETH,2025,0.0245
REGION1,LNDCP04LRETH,LCP04LRETH,2026,0.0232
REGION1,LNDCP04LRETH,LCP04LRETH,2027,0.0221
REGION1,LNDCP04LRETH,LCP04LRETH,2028,0.021
REGION1,LNDCP04LRETH,LCP04LRETH,2029,0.0199
REGION1,LNDCP04LRETH,LCP04LRETH,2030,0.0189
REGION1,LNDCP05HIETH,LCP05HIETH,2015,0.122
REGION1,LNDCP05HIETH,LCP05HIETH,2016,0.1342
REGION1,LNDCP05HIETH,LCP05HIETH,2017,0.1476
REGION1,LNDCP05HIETH,LCP05HIETH,2018,0.1624
REGION1,LNDCP05HIETH,LCP05HIETH,2019,0.1786
REGION1,LNDCP05HIETH,LCP05HIETH,2020,0.1965
REGION1,LNDCP05HIETH,LCP05HIETH,2021,0.2161
REGION1,LNDCP05HIETH,LCP05HIETH,2022,0.2377
REGION1,LNDCP05HIETH,LCP05HIETH,2023,0.2615
REGION1,LNDCP05HIETH,LCP05HIETH,2024,0.2877
REGION1,LNDCP05HIETH,LCP05HIETH,2025,0.3164
REGION1,LNDCP05HIETH,LCP05HIETH,2026,0.3481
REGION1,LNDCP05HIETH,LCP05HIETH,2027,0.3829
REGION1,LNDCP05HIETH,LCP05HIETH,2028,0.4212
REGION1,LNDCP05HIETH,LCP05HIETH,2029,0.4633
REGION1,LNDCP05HIETH,LCP05HIETH,2030,0.5096
REGION1,LNDCP05HRETH,LCP05HRETH,2015,1.0571
REGION1,LNDCP05HRETH,LCP05HRETH,2016,1.0042
REGION1,LNDCP05HRETH,LCP05HRETH,2017,0.954
REGION1,LNDCP05HRETH,LCP05HRETH,2018,0.931
REGION1,LNDCP05HRETH,LCP05HRETH,2019,0.9868
REGION1,LNDCP05HRETH,LCP05HRETH,2020,1.0392
REGION1,LNDCP05HRETH,LCP05HRETH,2021,1.1334
REGION1,LNDCP05HRETH,LCP05HRETH,2022,1.222
REGION1,LNDCP05HRETH,LCP05HRETH,2023,1.3049
REGION1,LNDCP05HRETH,LCP05HRETH,2024,1.3829
REGION1,LNDCP05HRETH,LCP05HRETH,2025,1.4565
REGION1,LNDCP05HRETH,LCP05HRETH,2026,1.5239
REGION1,LNDCP05HRETH,LCP05HRETH,2027,1.5865
REGION1,LNDCP05HRETH,LCP05HRETH,2028,1.6431
REGION1,LNDCP05HRETH,LCP05HRETH,2029,1.6944
REGION1,LNDCP05HRETH,LCP05HRETH,2030,1.74
REGION1,LNDCP05IIETH,LCP05IIETH,2015,0.0674
REGION1,LNDCP05IIETH,LCP05IIETH,2016,0.0742
REGION1,LNDCP05IIETH,LCP05IIETH,2017,0.0816
REGION1,LNDCP05IIETH,LCP05IIETH,2018,0.0897
REGION1,LNDCP05IIETH,LCP05IIETH,2019,0.0853
REGION1,LNDCP05IIETH,LCP05IIETH,2020,0.081
REGION1,LNDCP05IIETH,LCP05IIETH,2021,0.077
REGION1,LNDCP05IIETH,LCP05IIETH,2022,0.0731
REGION1,LNDCP05IIETH,LCP05IIETH,2023,0.0694
REGION1,LNDCP05IIETH,LCP05IIETH,2024,0.066
REGION1,LNDCP05IIETH,LCP05IIETH,2025,0.0627
REGION1,LNDCP05IIETH,LCP05IIETH,2026,0.0595
REGION1,LNDCP05IIETH,LCP05IIETH,2027,0.0566
REGION1,LNDCP05IIETH,LCP05IIETH,2028,0.0537
REGION1,LNDCP05IIETH,LCP05IIETH,2029,0.0511
REGION1,LNDCP05IIETH,LCP05IIETH,2030,0.0485
REGION1,LNDCP05IRETH,LCP05IRETH,2015,0.3828
REGION1,LNDCP05IRETH,LCP05IRETH,2016,0.421
REGION1,LNDCP05IRETH,LCP05IRETH,2017,0.4631
REGION1,LNDCP05IRETH,LCP05IRETH,2018,0.44
REGION1,LNDCP05IRETH,LCP05IRETH,2019,0.418
REGION1,LNDCP05IRETH,LCP05IRETH,2020,0.3971
REGION1,LNDCP05IRETH,LCP05IRETH,2021,0.3772
REGION1,LNDCP05IRETH,LCP05IRETH,2022,0.3584
REGION1,LNDCP05IRETH,LCP05IRETH,2023,0.3405
REGION1,LNDCP05IRETH,LCP05IRETH,2024,0.3234
REGION1,LNDCP05IRETH,LCP05IRETH,2025,0.3073
REGION1,LNDCP05IRETH,LCP05IRETH,2026,0.2919
REGION1,LNDCP05IRETH,LCP05IRETH,2027,0.2773
REGION1,LNDCP05IRETH,LCP05IRETH,2028,0.2634
REGION1,LNDCP05IRETH,LCP05IRETH,2029,0.2503
REGION1,LNDCP05IRETH,LCP05IRETH,2030,0.2378
REGION1,LNDCP05LRETH,LCP05LRETH,2015,0.0904
REGION1,LNDCP05LRETH,LCP05LRETH,2016,0.0995
REGION1,LNDCP05LRETH,LCP05LRETH,2017,0.1094
REGION1,LNDCP05LRETH,LCP05LRETH,2018,0.1203
REGION1,LNDCP05LRETH,LCP05LRETH,2019,0.1143
REGION1,LNDCP05LRETH,LCP05LRETH,2020,0.1086
REGION1,LNDCP05LRETH,LCP05LRETH,2021,0.1032
REGION1,LNDCP05LRETH,LCP05LRETH,2022,0.098
REGION1,LNDCP05LRETH,LCP05LRETH,2023,0.0931
REGION1,LNDCP05LRETH,LCP05LRETH,2024,0.0884
REGION1,LNDCP05LRETH,LCP05LRETH,2025,0.084
REGION1,LNDCP05LRETH,LCP05LRETH,2026,0.0798
REGION1,LNDCP05LRETH,LCP05LRETH,2027,0.0758
REGION1,LNDCP05LRETH,LCP05LRETH,2028,0.072
REGION1,LNDCP05LRETH,LCP05LRETH,2029,0.0684
REGION1,LNDCP05LRETH,LCP05LRETH,2030,0.065
REGION1,LNDCP06HIETH,LCP06HIETH,2015,0.06
REGION1,LNDCP06HIETH,LCP06HIETH,2016,0.066
REGION1,LNDCP06HIETH,LCP06HIETH,2017,0.0726
REGION1,LNDCP06HIETH,LCP06HIETH,2018,0.0799
REGION1,LNDCP06HIETH,LCP06HIETH,2019,0.0878
REGION1,LNDCP06HIETH,LCP06HIETH,2020,0.0966
REGION1,LNDCP06HIETH,LCP06HIETH,2021,0.1063
REGION1,LNDCP06HIETH,LCP06HIETH,2022,0.1169
REGION1,LNDCP06HIETH,LCP06HIETH,2023,0.1286
REGION1,LNDCP06HIETH,LCP06HIETH,2024,0.1415
REGION1,LNDCP06HIETH,LCP06HIETH,2025,0.1556
REGION1,LNDCP06HIETH,LCP06HIETH,2026,0.1712
REGION1,LNDCP06HIETH,LCP06HIETH,2027,0.1883
REGION1,LNDCP06HIETH,LCP06HIETH,2028,0.2071
REGION1,LNDCP06HIETH,LCP06HIETH,2029,0.2278
REGION1,LNDCP06HIETH,LCP06HIETH,2030,0.2506
REGION1,LNDCP06HRETH,LCP06HRETH,2015,14.27
REGION1,LNDCP06HRETH,LCP06HRETH,2016,14.4906
REGION1,LNDCP06HRETH,LCP06HRETH,2017,15.9396
REGION1,LNDCP06HRETH,LCP06HRETH,2018,17.4538
REGION1,LNDCP06HRETH,LCP06HRETH,2019,18.9284
REGION1,LNDCP06HRETH,LCP06HRETH,2020,20.3698
REGION1,LNDCP06HRETH,LCP06HRETH,2021,22.4068
REGION1,LNDCP06HRETH,LCP06HRETH,2022,24.5959
REGION1,LNDCP06HRETH,LCP06HRETH,2023,26.712
REGION1,LNDCP06HRETH,LCP06HRETH,2024,28.7613
REGION1,LNDCP06HRETH,LCP06HRETH,2025,30.755
REGION1,LNDCP06HRETH,LCP06HRETH,2026,32.6938
REGION1,LNDCP06HRETH,LCP06HRETH,2027,34.5835
REGION1,LNDCP06HRETH,LCP06HRETH,2028,36.4299
REGION1,LNDCP06HRETH,LCP06HRETH,2029,38.2332
REGION1,LNDCP06HRETH,LCP06HRETH,2030,39.9939
REGION1,LNDCP06LRETH,LCP06LRETH,2015,13.6572
REGION1,LNDCP06LRETH,LCP06LRETH,2016,13.375
REGION1,LNDCP06LRETH,LCP06LRETH,2017,12.8267
REGION1,LNDCP06LRETH,LCP06LRETH,2018,12.1853
REGION1,LNDCP06LRETH,LCP06LRETH,2019,11.5761
REGION1,LNDCP06LRETH,LCP06LRETH,2020,10.9973
REGION1,LNDCP06LRETH,LCP06LRETH,2021,10.7082
REGION1,LNDCP06LRETH,LCP06LRETH,2022,10.1728
REGION1,LNDCP06LRETH,LCP06LRETH,2023,9.6642
REGION1,LNDCP06LRETH,LCP06LRETH,2024,9.181
REGION1,LNDCP06LRETH,LCP06LRETH,2025,8.7219
REGION1,LNDCP06LRETH,LCP06LRETH,2026,8.2858
REGION1,LNDCP06LRETH,LCP06LRETH,2027,7.8715
REGION1,LNDCP06LRETH,LCP06LRETH,2028,7.478
REGION1,LNDCP06LRETH,LCP06LRETH,2029,7.1041
REGION1,LNDCP06LRETH,LCP06LRETH,2030,6.7489
REGION1,LNDCP07HIETH,LCP07HIETH,2015,0.241
REGION1,LNDCP07HIETH,LCP07HIETH,2016,0.2651
REGION1,LNDCP07HIETH,LCP07HIETH,2017,0.2916
REGION1,LNDCP07HIETH,LCP07HIETH,2018,0.3208
REGION1,LNDCP07HIETH,LCP07HIETH,2019,0.3528
REGION1,LNDCP07HIETH,LCP07HIETH,2020,0.3881
REGION1,LNDCP07HIETH,LCP07HIETH,2021,0.4269
REGION1,LNDCP07HIETH,LCP07HIETH,2022,0.4696
REGION1,LNDCP07HIETH,LCP07HIETH,2023,0.5166
REGION1,LNDCP07HIETH,LCP07HIETH,2024,0.5683
REGION1,LNDCP07HIETH,LCP07HIETH,2025,0.6251
REGION1,LNDCP07HIETH,LCP07HIETH,2026,0.6812
REGION1,LNDCP07HIETH,LCP07HIETH,2027,0.6646
REGION1,LNDCP07HIETH,LCP07HIETH,2028,0.6313
REGION1,LNDCP07HIETH,LCP07HIETH,2029,0.5998
REGION1,LNDCP07HIETH,LCP07HIETH,2030,0.5698
REGION1,LNDCP07HRETH,LCP07HRETH,2015,0.832
REGION1,LNDCP07HRETH,LCP07HRETH,2016,0.9152
REGION1,LNDCP07HRETH,LCP07HRETH,2017,1.0067
REGION1,LNDCP07HRETH,LCP07HRETH,2018,1.1074
REGION1,LNDCP07HRETH,LCP07HRETH,2019,1.2181
REGION1,LNDCP07HRETH,LCP07HRETH,2020,1.3399
REGION1,LNDCP07HRETH,LCP07HRETH,2021,1.4739
REGION1,LNDCP07HRETH,LCP07HRETH,2022,1.6213
REGION1,LNDCP07HRETH,LCP07HRETH,2023,1.7835
REGION1,LNDCP07HRETH,LCP07HRETH,2024,1.9618
REGION1,LNDCP07HRETH,LCP07HRETH,2025,2.158
REGION1,LNDCP07HRETH,LCP07HRETH,2026,2.3738
REGION1,LNDCP07HRETH,LCP07HRETH,2027,2.6112
REGION1,LNDCP07HRETH,LCP07HRETH,2028,2.8276
REGION1,LNDCP07HRETH,LCP07HRETH,2029,3.0014
REGION1,LNDCP07HRETH,LCP07HRETH,2030,3.131
REGION1,LNDCP07IIETH,LCP07IIETH,2015,0.241
REGION1,LNDCP07IIETH,LCP07IIETH,2016,0.2651
REGION1,LNDCP07IIETH,LCP07IIETH,2017,0.2916
REGION1,LNDCP07IIETH,LCP07IIETH,2018,0.3208
REGION1,LNDCP07IIETH,LCP07IIETH,2019,0.3528
REGION1,LNDCP07IIETH,LCP07IIETH,2020,0.3881
REGION1,LNDCP07IIETH,LCP07IIETH,2021,0.4269
REGION1,LNDCP07IIETH,LCP07IIETH,2022,0.4696
REGION1,LNDCP07IIETH,LCP07IIETH,2023,0.5166
REGION1,LNDCP07IIETH,LCP07IIETH,2024,0.5683
REGION1,LNDCP07IIETH,LCP07IIETH,2025,0.6251
REGION1,LNDCP07IIETH,LCP07IIETH,2026,0.5938
REGION1,LNDCP07IIETH,LCP07IIETH,2027,0.5641
REGION1,LNDCP07IIETH,LCP07IIETH,2028,0.5359
REGION1,LNDCP07IIETH,LCP07IIETH,2029,0.5091
REGION1,LNDCP07IIETH,LCP07IIETH,2030,0.4837
REGION1,LNDCP07IRETH,LCP07IRETH,2015,1.665
REGION1,LNDCP07IRETH,LCP07IRETH,2016,1.8315
REGION1,LNDCP07IRETH,LCP07IRETH,2017,2.0146
REGION1,LNDCP07IRETH,LCP07IRETH,2018,2.2161
REGION1,LNDCP07IRETH,LCP07IRETH,2019,2.4377
REGION1,LNDCP07IRETH,LCP07IRETH,2020,2.6815
REGION1,LNDCP07IRETH,LCP07IRETH,2021,2.9496
REGION1,LNDCP07IRETH,LCP07IRETH,2022,3.2446
REGION1,LNDCP07IRETH,LCP07IRETH,2023,3.5691
REGION1,LNDCP07IRETH,LCP07IRETH,2024,3.926
REGION1,LNDCP07IRETH,LCP07IRETH,2025,4.3186
REGION1,LNDCP07IRETH,LCP07IRETH,2026,4.7504
REGION1,LNDCP07IRETH,LCP07IRETH,2027,5.2255
REGION1,LNDCP07IRETH,LCP07IRETH,2028,5.748
REGION1,LNDCP07IRETH,LCP07IRETH,2029,6.3228
REGION1,LNDCP07IRETH,LCP07IRETH,2030,6.9551
REGION1,LNDCP07LRETH,LCP07LRETH,2015,13.9411
REGION1,LNDCP07LRETH,LCP07LRETH,2016,13.244
REGION1,LNDCP07LRETH,LCP07LRETH,2017,12.5818
REGION1,LNDCP07LRETH,LCP07LRETH,2018,12.1592
REGION1,LNDCP07LRETH,LCP07LRETH,2019,11.8327
REGION1,LNDCP07LRETH,LCP07LRETH,2020,11.3846
REGION1,LNDCP07LRETH,LCP07LRETH,2021,11.7081
REGION1,LNDCP07LRETH,LCP07LRETH,2022,11.874
REGION1,LNDCP07LRETH,LCP07LRETH,2023,11.7921
REGION1,LNDCP07LRETH,LCP07LRETH,2024,11.3646
REGION1,LNDCP07LRETH,LCP07LRETH,2025,10.7964
REGION1,LNDCP07LRETH,LCP07LRETH,2026,10.2566
REGION1,LNDCP07LRETH,LCP07LRETH,2027,9.7437
REGION1,LNDCP07LRETH,LCP07LRETH,2028,9.2566
REGION1,LNDCP07LRETH,LCP07LRETH,2029,8.7937
REGION1,LNDCP07LRETH,LCP07LRETH,2030,8.354
REGION1,LNDCP08HIETH,LCP08HIETH,2015,2.739
REGION1,LNDCP08HIETH,LCP08HIETH,2016,3.0129
REGION1,LNDCP08HIETH,LCP08HIETH,2017,3.3142
REGION1,LNDCP08HIETH,LCP08HIETH,2018,3.6456
REGION1,LNDCP08HIETH,LCP08HIETH,2019,4.0102
REGION1,LNDCP08HIETH,LCP08HIETH,2020,4.4112
REGION1,LNDCP08HIETH,LCP08HIETH,2021,4.8523
REGION1,LNDCP08HIETH,LCP08HIETH,2022,5.3375
REGION1,LNDCP08HIETH,LCP08HIETH,2023,5.8713
REGION1,LNDCP08HIETH,LCP08HIETH,2024,6.4584
REGION1,LNDCP08HIETH,LCP08HIETH,2025,7.1043
REGION1,LNDCP08HIETH,LCP08HIETH,2026,7.8147
REGION1,LNDCP08HIETH,LCP08HIETH,2027,8.5962
REGION1,LNDCP08HIETH,LCP08HIETH,2028,9.4558
REGION1,LNDCP08HIETH,LCP08HIETH,2029,10.4013
REGION1,LNDCP08HIETH,LCP08HIETH,2030,11.4415
REGION1,LNDCP08HRETH,LCP08HRETH,2015,3.119
REGION1,LNDCP08HRETH,LCP08HRETH,2016,3.4309
REGION1,LNDCP08HRETH,LCP08HRETH,2017,3.774
REGION1,LNDCP08HRETH,LCP08HRETH,2018,4.1514
REGION1,LNDCP08HRETH,LCP08HRETH,2019,4.5665
REGION1,LNDCP08HRETH,LCP08HRETH,2020,5.0232
REGION1,LNDCP08HRETH,LCP08HRETH,2021,5.5255
REGION1,LNDCP08HRETH,LCP08HRETH,2022,6.078
REGION1,LNDCP08HRETH,LCP08HRETH,2023,6.6859
REGION1,LNDCP08HRETH,LCP08HRETH,2024,7.3544
REGION1,LNDCP08HRETH,LCP08HRETH,2025,8.0899
REGION1,LNDCP08HRETH,LCP08HRETH,2026,8.8989
REGION1,LNDCP08HRETH,LCP08HRETH,2027,9.7888
REGION1,LNDCP08HRETH,LCP08HRETH,2028,10.7285
REGION1,LNDCP08HRETH,LCP08HRETH,2029,11.4378
REGION1,LNDCP08HRETH,LCP08HRETH,2030,11.9029
REGION1,LNDCP08IIETH,LCP08IIETH,2015,2.739
REGION1,LNDCP08IIETH,LCP08IIETH,2016,3.0129
REGION1,LNDCP08IIETH,LCP08IIETH,2017,3.3142
REGION1,LNDCP08IIETH,LCP08IIETH,2018,3.6456
REGION1,LNDCP08IIETH,LCP08IIETH,2019,4.0102
REGION1,LNDCP08IIETH,LCP08IIETH,2020,4.4112
REGION1,LNDCP08IIETH,LCP08IIETH,2021,4.8523
REGION1,LNDCP08IIETH,LCP08IIETH,2022,5.3375
REGION1,LNDCP08IIETH,LCP08IIETH,2023,5.8713
REGION1,LNDCP08IIETH,LCP08IIETH,2024,6.4584
REGION1,LNDCP08IIETH,LCP08IIETH,2025,7.1043
REGION1,LNDCP08IIETH,LCP08IIETH,2026,7.8147
REGION1,LNDCP08IIETH,LCP08IIETH,2027,8.5962
REGION1,LNDCP08IIETH,LCP08IIETH,2028,9.4558
REGION1,LNDCP08IIETH,LCP08IIETH,2029,10.4013
REGION1,LNDCP08IIETH,LCP08IIETH,2030,11.4415
REGION1,LNDCP08IRETH,LCP08IRETH,2015,14.837
REGION1,LNDCP08IRETH,LCP08IRETH,2016,14.3015
REGION1,LNDCP08IRETH,LCP08IRETH,2017,15.3037
REGION1,LNDCP08IRETH,LCP08IRETH,2018,16.1067
REGION1,LNDCP08IRETH,LCP08IRETH,2019,16.696
REGION1,LNDCP08IRETH,LCP08IRETH,2020,17.0598
REGION1,LNDCP08IRETH,LCP08IRETH,2021,18.6322
REGION1,LNDCP08IRETH,LCP08IRETH,2022,19.8662
REGION1,LNDCP08IRETH,LCP08IRETH,2023,20.7523
REGION1,LNDCP08IRETH,LCP08IRETH,2024,21.2867
REGION1,LNDCP08IRETH,LCP08IRETH,2025,21.4475
REGION1,LNDCP08IRETH,LCP08IRETH,2026,21.2153
REGION1,LNDCP08IRETH,LCP08IRETH,2027,20.5701
REGION1,LNDCP08IRETH,LCP08IRETH,2028,19.5416
REGION1,LNDCP08IRETH,LCP08IRETH,2029,18.5646
REGION1,LNDCP08IRETH,LCP08IRETH,2030,17.6363
REGION1,LNDCP08LRETH,LCP08LRETH,2015,35.8222
REGION1,LNDCP08LRETH,LCP08LRETH,2016,34.0311
REGION1,LNDCP08LRETH,LCP08LRETH,2017,32.3295
REGION1,LNDCP08LRETH,LCP08LRETH,2018,30.7131
REGION1,LNDCP08LRETH,LCP08LRETH,2019,29.1774
REGION1,LNDCP08LRETH,LCP08LRETH,2020,27.7185
REGION1,LNDCP08LRETH,LCP08LRETH,2021,26.3326
REGION1,LNDCP08LRETH,LCP08LRETH,2022,25.016
REGION1,LNDCP08LRETH,LCP08LRETH,2023,23.7652
REGION1,LNDCP08LRETH,LCP08LRETH,2024,22.5769
REGION1,LNDCP08LRETH,LCP08LRETH,2025,21.4481
REGION1,LNDCP08LRETH,LCP08LRETH,2026,20.3757
REGION1,LNDCP08LRETH,LCP08LRETH,2027,19.3569
REGION1,LNDCP08LRETH,LCP08LRETH,2028,18.389
REGION1,LNDCP08LRETH,LCP08LRETH,2029,17.4696
REGION1,LNDCP08LRETH,LCP08LRETH,2030,16.5961
REGION1,LNDFORETH,LFORETH,2015,85.47
REGION1,LNDFORETH,LFORETH,2016,85.47
REGION1,LNDFORETH,LFORETH,2017,85.3845
REGION1,LNDFORETH,LFORETH,2018,85.2991
REGION1,LNDFORETH,LFORETH,2019,85.2138
REGION1,LNDFORETH,LFORETH,2020,85.1286
REGION1,LNDFORETH,LFORETH,2021,85.0435
REGION1,LNDFORETH,LFORETH,2022,84.9584
REGION1,LNDFORETH,LFORETH,2023,84.8735
REGION1,LNDFORETH,LFORETH,2024,84.7886
REGION1,LNDFORETH,LFORETH,2025,84.7038
REGION1,LNDFORETH,LFORETH,2026,84.6191
REGION1,LNDFORETH,LFORETH,2027,84.5345
REGION1,LNDFORETH,LFORETH,2028,84.45
REGION1,LNDFORETH,LFORETH,2029,84.3655
REGION1,LNDFORETH,LFORETH,2030,84.2812
REGION1,LNDGRSETH,LGRSETH,2015,788.1765
REGION1,LNDGRSETH,LGRSETH,2016,792.5926
REGION1,LNDGRSETH,LGRSETH,2017,791.8
REGION1,LNDGRSETH,LGRSETH,2018,791.0082
REGION1,LNDGRSETH,LGRSETH,2019,790.2172
REGION1,LNDGRSETH,LGRSETH,2020,789.427
REGION1,LNDGRSETH,LGRSETH,2021,788.6376
REGION1,LNDGRSETH,LGRSETH,2022,787.8489
REGION1,LNDGRSETH,LGRSETH,2023,787.0611
REGION1,LNDGRSETH,LGRSETH,2024,786.274
REGION1,LNDGRSETH,LGRSETH,2025,785.4877
REGION1,LNDGRSETH,LGRSETH,2026,784.7023
REGION1,LNDGRSETH,LGRSETH,2027,783.9176
REGION1,LNDGRSETH,LGRSETH,2028,783.1336
REGION1,LNDGRSETH,LGRSETH,2029,782.3505
REGION1,LNDGRSETH,LGRSETH,2030,781.5681
REGION1,LNDWATETH,LWATETH,2015,7.87
REGION1,LNDWATETH,LWATETH,2016,7.87
REGION1,LNDWATETH,LWATETH,2017,7.87
REGION1,LNDWATETH,LWATETH,2018,7.87
REGION1,LNDWATETH,LWATETH,2019,7.87
REGION1,LNDWATETH,LWATETH,2020,7.87
REGION1,LNDWATETH,LWATETH,2021,7.87
REGION1,LNDWATETH,LWATETH,2022,7.87
REGION1,LNDWATETH,LWATETH,2023,7.87
REGION1,LNDWATETH,LWATETH,2024,7.87
REGION1,LNDWATETH,LWATETH,2025,7.87
REGION1,LNDWATETH,LWATETH,2026,7.87
REGION1,LNDWATETH,LWATETH,2027,7.87
REGION1,LNDWATETH,LWATETH,2028,7.87
REGION1,LNDWATETH,LWATETH,2029,7.87
REGION1,LNDWATETH,LWATETH,2030,7.87
REGION1,MINGWTETH,WTRGWTETH,2015,4.4976
REGION1,MINGWTETH,WTRGWTETH,2016,4.9321
REGION1,MINGWTETH,WTRGWTETH,2017,5.4257
REGION1,MINGWTETH,WTRGWTETH,2018,5.9724
REGION1,MINGWTETH,WTRGWTETH,2019,6.5529
REGION1,MINGWTETH,WTRGWTETH,2020,7.1908
REGION1,MINGWTETH,WTRGWTETH,2021,7.898
REGION1,MINGWTETH,WTRGWTETH,2022,8.6745
REGION1,MINGWTETH,WTRGWTETH,2023,9.5271
REGION1,MINGWTETH,WTRGWTETH,2024,10.464
REGION1,MINGWTETH,WTRGWTETH,2025,11.4937
REGION1,MINGWTETH,WTRGWTETH,2026,12.5978
REGION1,MINGWTETH,WTRGWTETH,2027,13.7833
REGION1,MINGWTETH,WTRGWTETH,2028,15.0747
REGION1,MINGWTETH,WTRGWTETH,2029,16.4982
REGION1,MINGWTETH,WTRGWTETH,2030,18.0666
REGION1,MINLNDETH,LETH,2015,1145.3567
REGION1,MINLNDETH,LETH,2016,1146.8792
REGION1,MINLNDETH,LETH,2017,1147.838
REGION1,MINLNDETH,LETH,2018,1149.3634
REGION1,MINLNDETH,LETH,2019,1150.9825
REGION1,MINLNDETH,LETH,2020,1152.6831
REGION1,MINLNDETH,LETH,2021,1158.654
REGION1,MINLNDETH,LETH,2022,1164.3518
REGION1,MINLNDETH,LETH,2023,1169.4177
REGION1,MINLNDETH,LETH,2024,1174.1106
REGION1,MINLNDETH,LETH,2025,1178.1922
REGION1,MINLNDETH,LETH,2026,1182.1318
REGION1,MINLNDETH,LETH,2027,1185.8715
REGION1,MINLNDETH,LETH,2028,1189.5032
REGION1,MINLNDETH,LETH,2029,1193.2071
REGION1,MINLNDETH,LETH,2030,1197.0231
REGION1,MINPRCETH,WTRPRCETH,2015,978.0391
REGION1,MINPRCETH,WTRPRCETH,2016,978.0391
REGION1,MINPRCETH,WTRPRCETH,2017,978.0391
REGION1,MINPRCETH,WTRPRCETH,2018,978.0391
REGION1,MINPRCETH,WTRPRCETH,2019,978.0391
REGION1,MINPRCETH,WTRPRCETH,2020,978.0391
REGION1,MINPRCETH,WTRPRCETH,2021,978.0391
REGION1,MINPRCETH,WTRPRCETH,2022,978.0391
REGION1,MINPRCETH,WTRPRCETH,2023,978.0391
REGION1,MINPRCETH,WTRPRCETH,2024,978.0391
REGION1,MINPRCETH,WTRPRCETH,2025,978.0391
REGION1,MINPRCETH,WTRPRCETH,2026,978.0391
REGION1,MINPRCETH,WTRPRCETH,2027,978.0391
REGION1,MINPRCETH,WTRPRCETH,2028,978.0391
REGION1,MINPRCETH,WTRPRCETH,2029,978.0391
REGION1,MINPRCETH,WTRPRCETH,2030,978.0391
REGION1,PWRBIO001,ELC001,2030,0.7943
REGION1,PWRBIO002,ELC001,2029,0.0119
REGION1,PWRBIO002,ELC001,2030,1.2952
REGION1,PWRGEO001,ELC001,2021,0.1789
REGION1,PWRGEO001,ELC001,2022,0.1789
REGION1,PWRGEO001,ELC001,2023,0.1761
REGION1,PWRGEO001,ELC001,2024,0.1761
REGION1,PWRGEO001,ELC001,2025,0.1733
REGION1,PWRGEO001,ELC001,2026,0.1733
REGION1,PWRGEO001,ELC001,2027,0.1705
REGION1,PWRGEO001,ELC001,2028,0.1704
REGION1,PWRGEO001,ELC001,2029,0.1676
REGION1,PWRGEO001,ELC001,2030,0.1676
REGION1,PWRGEO002,ELC001,2020,0.5886
REGION1,PWRGEO002,ELC001,2021,2.8347
REGION1,PWRGEO002,ELC001,2022,2.8347
REGION1,PWRGEO002,ELC001,2023,2.8319
REGION1,PWRGEO002,ELC001,2024,2.8319
REGION1,PWRGEO002,ELC001,2025,2.829
REGION1,PWRGEO002,ELC001,2026,2.8291
REGION1,PWRGEO002,ELC001,2027,2.8262
REGION1,PWRGEO002,ELC001,2028,2.8262
REGION1,PWRGEO002,ELC001,2029,2.8234
REGION1,PWRGEO002,ELC001,2030,2.8234
REGION1,PWRGEO003,ELC001,2020,2.8347
REGION1,PWRGEO003,ELC001,2021,2.8347
REGION1,PWRGEO003,ELC001,2022,2.8319
REGION1,PWRGEO003,ELC001,2023,2.8319
REGION1,PWRGEO003,ELC001,2024,2.829
REGION1,PWRGEO003,ELC001,2025,2.829
REGION1,PWRGEO003,ELC001,2026,2.8262
REGION1,PWRGEO003,ELC001,2027,2.8262
REGION1,PWRGEO003,ELC001,2028,2.8234
REGION1,PWRGEO003,ELC001,2029,2.8234
REGION1,PWRGEO003,ELC001,2030,2.8205
REGION1,PWRHYD001,ELC001,2015,0.1437
REGION1,PWRHYD001,ELC001,2016,0.141
REGION1,PWRHYD001,ELC001,2017,0.141
REGION1,PWRHYD001,ELC001,2018,0.0549
REGION1,PWRHYD001,ELC001,2019,0.0092
REGION1,PWRHYD001,ELC001,2020,0.136
REGION1,PWRHYD001,ELC001,2021,0.1361
REGION1,PWRHYD001,ELC001,2022,0.1333
REGION1,PWRHYD001,ELC001,2023,0.1333
REGION1,PWRHYD001,ELC001,2024,0.1305
REGION1,PWRHYD001,ELC001,2025,0.1305
REGION1,PWRHYD001,ELC001,2026,0.1278
REGION1,PWRHYD001,ELC001,2027,0.1278
REGION1,PWRHYD001,ELC001,2028,0.125
REGION1,PWRHYD001,ELC001,2029,0.125
REGION1,PWRHYD001,ELC001,2030,0.1222
REGION1,PWRHYD002,ELC001,2015,0.004
REGION1,PWRHYD002,ELC001,2016,0.004
REGION1,PWRHYD002,ELC001,2017,0.004
REGION1,PWRHYD002,ELC001,2018,0.0039
REGION1,PWRHYD002,ELC001,2019,0.0039
REGION1,PWRHYD002,ELC001,2020,0.0039
REGION1,PWRHYD002,ELC001,2021,0.0038
REGION1,PWRHYD002,ELC001,2022,0.0038
REGION1,PWRHYD002,ELC001,2023,0.0038
REGION1,PWRHYD002,ELC001,2024,0.0038
REGION1,PWRHYD002,ELC001,2025,0.0037
REGION1,PWRHYD002,ELC001,2026,0.0037
REGION1,PWRHYD002,ELC001,2027,0.0037
REGION1,PWRHYD002,ELC001,2028,0.0037
REGION1,PWRHYD002,ELC001,2029,0.0036
REGION1,PWRHYD002,ELC001,2030,0.0036
REGION1,PWRHYD003,ELC001,2015,0.3598
REGION1,PWRHYD003,ELC001,2016,0.3588
REGION1,PWRHYD003,ELC001,2017,0.3588
REGION1,PWRHYD003,ELC001,2018,0.3579
REGION1,PWRHYD003,ELC001,2019,0.3579
REGION1,PWRHYD003,ELC001,2020,0.3569
REGION1,PWRHYD003,ELC001,2021,0.3569
REGION1,PWRHYD003,ELC001,2022,0.356
REGION1,PWRHYD003,ELC001,2023,0.356
REGION1,PWRHYD003,ELC001,2024,0.355
REGION1,PWRHYD003,ELC001,2025,0.3551
REGION1,PWRHYD003,ELC001,2026,0.3541
REGION1,PWRHYD003,ELC001,2027,0.3541
REGION1,PWRHYD003,ELC001,2028,0.3532
REGION1,PWRHYD003,ELC001,2029,0.3532
REGION1,PWRHYD003,ELC001,2030,0.3522
REGION1,PWRHYD004,ELC001,2015,0.4017
REGION1,PWRHYD004,ELC001,2016,0.4017
REGION1,PWRHYD004,ELC001,2017,0.4013
REGION1,PWRHYD004,ELC001,2018,0.4013
REGION1,PWRHYD004,ELC001,2019,0.4008
REGION1,PWRHYD004,ELC001,2020,0.4008
REGION1,PWRHYD004,ELC001,2021,0.4004
REGION1,PWRHYD004,ELC001,2022,0.4004
REGION1,PWRHYD004,ELC001,2023,0.4
REGION1,PWRHYD004,ELC001,2024,0.4
REGION1,PWRHYD004,ELC001,2025,0.3996
REGION1,PWRHYD004,ELC001,2026,0.3996
REGION1,PWRHYD004,ELC001,2027,0.3992
REGION1,PWRHYD004,ELC001,2028,0.3992
REGION1,PWRHYD004,ELC001,2029,0.3988
REGION1,PWRHYD004,ELC001,2030,0.3988
REGION1,PWRHYD005,ELC001,2015,0.0342
REGION1,PWRHYD005,ELC001,2016,0.0342
REGION1,PWRHYD005,ELC001,2017,0.0342
REGION1,PWRHYD005,ELC001,2018,0.0342
REGION1,PWRHYD005,ELC001,2019,0.0341
REGION1,PWRHYD005,ELC001,2020,0.0341
REGION1,PWRHYD005,ELC001,2021,0.0341
REGION1,PWRHYD005,ELC001,2022,0.0341
REGION1,PWRHYD005,ELC001,2023,0.034
REGION1,PWRHYD005,ELC001,2024,0.034
REGION1,PWRHYD005,ELC001,2025,0.034
REGION1,PWRHYD005,ELC001,2026,0.034
REGION1,PWRHYD005,ELC001,2027,0.034
REGION1,PWRHYD005,ELC001,2028,0.0339
REGION1,PWRHYD005,ELC001,2029,0.0339
REGION1,PWRHYD005,ELC001,2030,0.0339
REGION1,PWRHYD006,ELC001,2015,0.318
REGION1,PWRHYD006,ELC001,2016,0.3172
REGION1,PWRHYD006,ELC001,2017,0.3172
REGION1,PWRHYD006,ELC001,2018,0.3164
REGION1,PWRHYD006,ELC001,2019,0.3164
REGION1,PWRHYD006,ELC001,2020,0.3156
REGION1,PWRHYD006,ELC001,2021,0.3156
REGION1,PWRHYD006,ELC001,2022,0.3148
REGION1,PWRHYD006,ELC001,2023,0.3148
REGION1,PWRHYD006,ELC001,2024,0.314
REGION1,PWRHYD006,ELC001,2025,0.314
REGION1,PWRHYD006,ELC001,2026,0.3132
REGION1,PWRHYD006,ELC001,2027,0.3132
REGION1,PWRHYD006,ELC001,2028,0.3124
REGION1,PWRHYD006,ELC001,2029,0.3124
REGION1,PWRHYD006,ELC001,2030,0.3117
REGION1,PWRHYD007,ELC001,2015,0.1962
REGION1,PWRHYD007,ELC001,2016,0.1955
REGION1,PWRHYD007,ELC001,2017,0.1955
REGION1,PWRHYD007,ELC001,2018,0.1949
REGION1,PWRHYD007,ELC001,2019,0.1949
REGION1,PWRHYD007,ELC001,2020,0.1942
REGION1,PWRHYD007,ELC001,2021,0.1942
REGION1,PWRHYD007,ELC001,2022,0.1935
REGION1,PWRHYD007,ELC001,2023,0.1935
REGION1,PWRHYD007,ELC001,2024,0.1929
REGION1,PWRHYD007,ELC001,2025,0.1929
REGION1,PWRHYD007,ELC001,2026,0.1922
REGION1,PWRHYD007,ELC001,2027,0.1922
REGION1,PWRHYD007,ELC001,2028,0.1915
REGION1,PWRHYD007,ELC001,2029,0.1915
REGION1,PWRHYD007,ELC001,2030,0.1909
REGION1,PWRHYD008,ELC001,2015,0.1975
REGION1,PWRHYD008,ELC001,2016,0.1975
REGION1,PWRHYD008,ELC001,2017,0.1968
REGION1,PWRHYD008,ELC001,2018,0.1968
REGION1,PWRHYD008,ELC001,2019,0.1962
REGION1,PWRHYD008,ELC001,2020,0.1962
REGION1,PWRHYD008,ELC001,2021,0.1955
REGION1,PWRHYD008,ELC001,2022,0.1955
REGION1,PWRHYD008,ELC001,2023,0.1949
REGION1,PWRHYD008,ELC001,2024,0.1949
REGION1,PWRHYD008,ELC001,2025,0.1942
REGION1,PWRHYD008,ELC001,2026,0.1942
REGION1,PWRHYD008,ELC001,2027,0.1935
REGION1,PWRHYD008,ELC001,2028,0.1935
REGION1,PWRHYD008,ELC001,2029,0.1929
REGION1,PWRHYD008,ELC001,2030,0.1929
REGION1,PWRHYD009,ELC001,2015,2.6225
REGION1,PWRHYD009,ELC001,2016,2.6226
REGION1,PWRHYD009,ELC001,2017,2.6206
REGION1,PWRHYD009,ELC001,2018,1.4472
REGION1,PWRHYD009,ELC001,2019,2.6186
REGION1,PWRHYD009,ELC001,2020,2.6166
REGION1,PWRHYD009,ELC001,2021,2.6166
REGION1,PWRHYD009,ELC001,2022,2.6146
REGION1,PWRHYD009,ELC001,2023,2.6146
REGION1,PWRHYD009,ELC001,2024,2.6126
REGION1,PWRHYD009,ELC001,2025,2.6126
REGION1,PWRHYD009,ELC001,2026,2.6106
REGION1,PWRHYD009,ELC001,2027,2.6106
REGION1,PWRHYD009,ELC001,2028,2.6086
REGION1,PWRHYD009,ELC001,2029,2.6086
REGION1,PWRHYD009,ELC001,2030,2.6066
REGION1,PWRHYD010,ELC001,2015,1.0689
REGION1,PWRHYD010,ELC001,2016,1.0689
REGION1,PWRHYD010,ELC001,2017,1.068
REGION1,PWRHYD010,ELC001,2018,1.068
REGION1,PWRHYD010,ELC001,2019,1.067
REGION1,PWRHYD010,ELC001,2020,1.067
REGION1,PWRHYD010,ELC001,2021,1.0661
REGION1,PWRHYD010,ELC001,2022,1.0661
REGION1,PWRHYD010,ELC001,2023,1.0651
REGION1,PWRHYD010,ELC001,2024,1.0651
REGION1,PWRHYD010,ELC001,2025,1.0642
REGION1,PWRHYD010,ELC001,2026,1.0642
REGION1,PWRHYD010,ELC001,2027,1.0633
REGION1,PWRHYD010,ELC001,2028,1.0633
REGION1,PWRHYD010,ELC001,2029,1.0623
REGION1,PWRHYD010,ELC001,2030,1.0623
REGION1,PWRHYD011,ELC001,2015,8.8519
REGION1,PWRHYD011,ELC001,2016,8.8499
REGION1,PWRHYD011,ELC001,2017,8.8499
REGION1,PWRHYD011,ELC001,2018,5.0503
REGION1,PWRHYD011,ELC001,2019,8.848
REGION1,PWRHYD011,ELC001,2020,8.8461
REGION1,PWRHYD011,ELC001,2021,8.8461
REGION1,PWRHYD011,ELC001,2022,8.8442
REGION1,PWRHYD011,ELC001,2023,8.8442
REGION1,PWRHYD011,ELC001,2024,8.8423
REGION1,PWRHYD011,ELC001,2025,8.8423
REGION1,PWRHYD011,ELC001,2026,8.8404
REGION1,PWRHYD011,ELC001,2027,8.8403
REGION1,PWRHYD011,ELC001,2028,8.8384
REGION1,PWRHYD011,ELC001,2029,8.8384
REGION1,PWRHYD011,ELC001,2030,8.8365
REGION1,PWRHYD012,ELC001,2015,5.432
REGION1,PWRHYD012,ELC001,2016,5.4307
REGION1,PWRHYD012,ELC001,2017,5.4307
REGION1,PWRHYD012,ELC001,2018,5.4295
REGION1,PWRHYD012,ELC001,2019,5.4295
REGION1,PWRHYD012,ELC001,2020,5.4281
REGION1,PWRHYD012,ELC001,2021,5.4282
REGION1,PWRHYD012,ELC001,2022,5.4269
REGION1,PWRHYD012,ELC001,2023,5.4269
REGION1,PWRHYD012,ELC001,2024,5.4256
REGION1,PWRHYD012,ELC001,2025,5.4256
REGION1,PWRHYD012,ELC001,2026,5.4243
REGION1,PWRHYD012,ELC001,2027,5.4243
REGION1,PWRHYD012,ELC001,2028,5.423
REGION1,PWRHYD012,ELC001,2029,5.423
REGION1,PWRHYD012,ELC001,2030,5.4217
REGION1,PWRHYD013,ELC001,2015,2.4592
REGION1,PWRHYD013,ELC001,2016,2.4592
REGION1,PWRHYD013,ELC001,2017,2.4584
REGION1,PWRHYD013,ELC001,2018,0.5193
REGION1,PWRHYD013,ELC001,2019,2.4576
REGION1,PWRHYD013,ELC001,2020,2.4576
REGION1,PWRHYD013,ELC001,2021,2.4568
REGION1,PWRHYD013,ELC001,2022,2.4568
REGION1,PWRHYD013,ELC001,2023,2.4559
REGION1,PWRHYD013,ELC001,2024,2.4559
REGION1,PWRHYD013,ELC001,2025,2.4551
REGION1,PWRHYD013,ELC001,2026,2.4551
REGION1,PWRHYD013,ELC001,2027,2.4543
REGION1,PWRHYD013,ELC001,2028,2.4543
REGION1,PWRHYD013,ELC001,2029,2.4535
REGION1,PWRHYD013,ELC001,2030,2.4535
REGION1,PWRHYD014,ELC001,2015,2.4902
REGION1,PWRHYD014,ELC001,2016,2.4889
REGION1,PWRHYD014,ELC001,2017,2.4889
REGION1,PWRHYD014,ELC001,2018,2.4875
REGION1,PWRHYD014,ELC001,2019,2.4875
REGION1,PWRHYD014,ELC001,2020,2.4862
REGION1,PWRHYD014,ELC001,2021,2.4862
REGION1,PWRHYD014,ELC001,2022,2.4848
REGION1,PWRHYD014,ELC001,2023,2.4848
REGION1,PWRHYD014,ELC001,2024,2.4835
REGION1,PWRHYD014,ELC001,2025,2.4835
REGION1,PWRHYD014,ELC001,2026,2.4821
REGION1,PWRHYD014,ELC001,2027,2.4821
REGION1,PWRHYD014,ELC001,2028,2.4807
REGION1,PWRHYD014,ELC001,2029,2.4807
REGION1,PWRHYD014,ELC001,2030,2.4794
REGION1,PWRHYD015,ELC001,2015,2.2387
REGION1,PWRHYD015,ELC001,2016,7.5929
REGION1,PWRHYD015,ELC001,2017,8.9694
REGION1,PWRHYD015,ELC001,2018,8.9682
REGION1,PWRHYD015,ELC001,2019,8.9682
REGION1,PWRHYD015,ELC001,2020,8.967
REGION1,PWRHYD015,ELC001,2021,8.967
REGION1,PWRHYD015,ELC001,2022,8.9658
REGION1,PWRHYD015,ELC001,2023,8.9658
REGION1,PWRHYD015,ELC001,2024,8.9646
REGION1,PWRHYD015,ELC001,2025,8.9646
REGION1,PWRHYD015,ELC001,2026,8.9634
REGION1,PWRHYD015,ELC001,2027,8.9634
REGION1,PWRHYD015,ELC001,2028,8.9622
REGION1,PWRHYD015,ELC001,2029,8.9622
REGION1,PWRHYD015,ELC001,2030,8.961
REGION1,PWRHYD016,ELC001,2015,1.6795
REGION1,PWRHYD016,ELC001,2017,2.1979
REGION1,PWRHYD016,ELC001,2018,10.6222
REGION1,PWRHYD016,ELC001,2019,10.6212
REGION1,PWRHYD016,ELC001,2020,10.6212
REGION1,PWRHYD016,ELC001,2021,10.6203
REGION1,PWRHYD016,ELC001,2022,10.6203
REGION1,PWRHYD016,ELC001,2023,10.6193
REGION1,PWRHYD016,ELC001,2024,10.6193
REGION1,PWRHYD016,ELC001,2025,10.6183
REGION1,PWRHYD016,ELC001,2026,10.6183
REGION1,PWRHYD016,ELC001,2027,10.6174
REGION1,PWRHYD016,ELC001,2028,10.6174
REGION1,PWRHYD016,ELC001,2029,10.6165
REGION1,PWRHYD016,ELC001,2030,10.6164
REGION1,PWRHYD017,ELC001,2015,0.9947
REGION1,PWRHYD017,ELC001,2018,3.3254
REGION1,PWRHYD017,ELC001,2019,3.3241
REGION1,PWRHYD017,ELC001,2020,3.3241
REGION1,PWRHYD017,ELC001,2021,3.3228
REGION1,PWRHYD017,ELC001,2022,3.3228
REGION1,PWRHYD017,ELC001,2023,3.3215
REGION1,PWRHYD017,ELC001,2024,3.3215
REGION1,PWRHYD017,ELC001,2025,3.3202
REGION1,PWRHYD017,ELC001,2026,3.3202
REGION1,PWRHYD017,ELC001,2027,3.3189
REGION1,PWRHYD017,ELC001,2028,3.3189
REGION1,PWRHYD017,ELC001,2029,3.3175
REGION1,PWRHYD017,ELC001,2030,3.3175
REGION1,PWRHYD042,ELC001,2022,11.2827
REGION1,PWRHYD042,ELC001,2023,22.5654
REGION1,PWRHYD042,ELC001,2024,33.8481
REGION1,PWRHYD042,ELC001,2025,45.1308
REGION1,PWRHYD042,ELC001,2026,56.4135
REGION1,PWRHYD042,ELC001,2027,57.7674
REGION1,PWRHYD042,ELC001,2028,57.7674
REGION1,PWRHYD042,ELC001,2029,57.7674
REGION1,PWRHYD042,ELC001,2030,57.7674
REGION1,PWRSOL001,ELC001,2021,0.7096
REGION1,PWRSOL001,ELC001,2022,0.3775
REGION1,PWRSOL001,ELC001,2023,0.7089
REGION1,PWRSOL001,ELC001,2024,0.7082
REGION1,PWRSOL001,ELC001,2025,0.7082
REGION1,PWRSOL001,ELC001,2026,0.7075
REGION1,PWRSOL001,ELC001,2027,0.4278
REGION1,PWRSOL001,ELC001,2028,0.7068
REGION1,PWRSOL001,ELC001,2029,0.7068
REGION1,PWRSOL001,ELC001,2030,0.7061
REGION1,PWRSOL002,ELC001,2021,0.7096
REGION1,PWRSOL002,ELC001,2022,0.3775
REGION1,PWRSOL002,ELC001,2023,0.7089
REGION1,PWRSOL002,ELC001,2024,0.7082
REGION1,PWRSOL002,ELC001,2025,0.7082
REGION1,PWRSOL002,ELC001,2026,0.7075
REGION1,PWRSOL002,ELC001,2027,0.6215
REGION1,PWRSOL002,ELC001,2028,0.7068
REGION1,PWRSOL002,ELC001,2029,0.7068
REGION1,PWRSOL002,ELC001,2030,0.7061
REGION1,PWRSOL003,ELC001,2021,0.7096
REGION1,PWRSOL003,ELC001,2022,0.4976
REGION1,PWRSOL003,ELC001,2023,0.7089
REGION1,PWRSOL003,ELC001,2024,0.7082
REGION1,PWRSOL003,ELC001,2025,0.7082
REGION1,PWRSOL003,ELC001,2026,0.7075
REGION1,PWRSOL003,ELC001,2027,0.2907
REGION1,PWRSOL003,ELC001,2028,0.7068
REGION1,PWRSOL003,ELC001,2029,0.7068
REGION1,PWRSOL003,ELC001,2030,0.7061
REGION1,PWRTRN001,ELC002,2015,32.5978
REGION1,PWRTRN001,ELC002,2016,35.2653
REGION1,PWRTRN001,ELC002,2017,38.8338
REGION1,PWRTRN001,ELC002,2018,42.9833
REGION1,PWRTRN001,ELC002,2019,47.9273
REGION1,PWRTRN001,ELC002,2020,53.97
REGION1,PWRTRN001,ELC002,2021,58.5177
REGION1,PWRTRN001,ELC002,2022,68.9055
REGION1,PWRTRN001,ELC002,2023,81.0505
REGION1,PWRTRN001,ELC002,2024,92.3126
REGION1,PWRTRN001,ELC002,2025,103.5834
REGION1,PWRTRN001,ELC002,2026,114.8455
REGION1,PWRTRN001,ELC002,2027,115.4051
REGION1,PWRTRN001,ELC002,2028,115.4051
REGION1,PWRTRN001,ELC002,2029,115.4051
REGION1,PWRTRN001,ELC002,2030,116.7169
REGION1,PWRWND001,ELC001,2015,0.5244
REGION1,PWRWND001,ELC001,2016,0.5234
REGION1,PWRWND001,ELC001,2017,0.5234
REGION1,PWRWND001,ELC001,2018,0.2917
REGION1,PWRWND001,ELC001,2019,0.0567
REGION1,PWRWND001,ELC001,2020,0.5213
REGION1,PWRWND001,ELC001,2021,0.5213
REGION1,PWRWND001,ELC001,2022,0.5203
REGION1,PWRWND001,ELC001,2023,0.5203
REGION1,PWRWND001,ELC001,2024,0.5193
REGION1,PWRWND001,ELC001,2025,0.5193
REGION1,PWRWND001,ELC001,2026,0.5182
REGION1,PWRWND001,ELC001,2027,0.5182
REGION1,PWRWND002,ELC001,2015,0.2504
REGION1,PWRWND002,ELC001,2016,0.2496
REGION1,PWRWND002,ELC001,2017,0.2496
REGION1,PWRWND002,ELC001,2018,0.2105
REGION1,PWRWND002,ELC001,2019,0.0243
REGION1,PWRWND002,ELC001,2020,0.2479
REGION1,PWRWND002,ELC001,2021,0.2479
REGION1,PWRWND002,ELC001,2022,0.2471
REGION1,PWRWND002,ELC001,2023,0.2471
REGION1,PWRWND002,ELC001,2024,0.2462
REGION1,PWRWND002,ELC001,2025,0.2462
REGION1,PWRWND002,ELC001,2026,0.2454
REGION1,PWRWND002,ELC001,2027,0.2454
REGION1,PWRWND003,ELC001,2015,0.7538
REGION1,PWRWND003,ELC001,2016,0.7529
REGION1,PWRWND003,ELC001,2017,0.7529
REGION1,PWRWND003,ELC001,2018,0.6053
REGION1,PWRWND003,ELC001,2019,0.0734
REGION1,PWRWND003,ELC001,2020,0.7513
REGION1,PWRWND003,ELC001,2021,0.7513
REGION1,PWRWND003,ELC001,2022,0.7504
REGION1,PWRWND003,ELC001,2023,0.7504
REGION1,PWRWND003,ELC001,2024,0.7496
REGION1,PWRWND003,ELC001,2025,0.7496
REGION1,PWRWND003,ELC001,2026,0.7488
REGION1,PWRWND003,ELC001,2027,0.7488
REGION1,PWRWND003,ELC001,2028,0.7479
REGION1,PWRWND003,ELC001,2029,0.7479
REGION1,PWRWND004,ELC001,2015,1.5763
REGION1,PWRWND004,ELC001,2016,1.5763
REGION1,PWRWND004,ELC001,2017,1.5753
REGION1,PWRWND004,ELC001,2018,1.3981
REGION1,PWRWND004,ELC001,2019,0.4378
REGION1,PWRWND004,ELC001,2020,1.5743
REGION1,PWRWND004,ELC001,2021,1.5732
REGION1,PWRWND004,ELC001,2022,1.5732
REGION1,PWRWND004,ELC001,2023,1.5722
REGION1,PWRWND004,ELC001,2024,1.5722
REGION1,PWRWND004,ELC001,2025,1.5712
REGION1,PWRWND004,ELC001,2026,1.5712
REGION1,PWRWND004,ELC001,2027,1.5702
REGION1,PWRWND004,ELC001,2028,1.5702
REGION1,PWRWND004,ELC001,2029,1.5691
REGION1,PWRWND004,ELC001,2030,1.5691
REGION1,RNWBIO,BIO,2015,1585.42
REGION1,RNWBIO,BIO,2016,1585.42
REGION1,RNWBIO,BIO,2017,1646.8
REGION1,RNWBIO,BIO,2018,1707.59
REGION1,RNWBIO,BIO,2019,1767.87
REGION1,RNWBIO,BIO,2020,1827.69
REGION1,RNWBIO,BIO,2021,1939.0
REGION1,RNWBIO,BIO,2022,2046.97
REGION1,RNWBIO,BIO,2023,2152.13
REGION1,RNWBIO,BIO,2024,2254.86
REGION1,RNWBIO,BIO,2025,2355.51
REGION1,RNWBIO,BIO,2026,2454.32
REGION1,RNWBIO,BIO,2027,2551.52
REGION1,RNWBIO,BIO,2028,2647.28
REGION1,RNWBIO,BIO,2029,2741.7899
REGION1,RNWBIO,BIO,2030,2838.5926
REGION1,RNWGEO,GEO,2020,5.0524
REGION1,RNWGEO,GEO,2021,9.3284
REGION1,RNWGEO,GEO,2022,9.3243
REGION1,RNWGEO,GEO,2023,9.3123
REGION1,RNWGEO,GEO,2024,9.3083
REGION1,RNWGEO,GEO,2025,9.2963
REGION1,RNWGEO,GEO,2026,9.2922
REGION1,RNWGEO,GEO,2027,9.2803
REGION1,RNWGEO,GEO,2028,9.2762
REGION1,RNWGEO,GEO,2029,9.2642
REGION1,RNWGEO,GEO,2030,9.2602
REGION1,RNWHYD,HYD,2015,29.4928
REGION1,RNWHYD,HYD,2016,32.163
REGION1,RNWHYD,HYD,2017,35.7326
REGION1,RNWHYD,HYD,2018,40.4778
REGION1,RNWHYD,HYD,2019,47.3351
REGION1,RNWHYD,HYD,2020,47.4518
REGION1,RNWHYD,HYD,2021,47.4466
REGION1,RNWHYD,HYD,2022,58.7164
REGION1,RNWHYD,HYD,2023,69.9939
REGION1,RNWHYD,HYD,2024,81.2636
REGION1,RNWHYD,HYD,2025,92.5411
REGION1,RNWHYD,HYD,2026,103.8109
REGION1,RNWHYD,HYD,2027,105.1596
REGION1,RNWHYD,HYD,2028,105.1467
REGION1,RNWHYD,HYD,2029,105.1415
REGION1,RNWHYD,HYD,2030,105.1286
REGION1,RNWSOL,SOL,2021,7.0963
REGION1,RNWSOL,SOL,2022,4.1751
REGION1,RNWSOL,SOL,2023,7.0892
REGION1,RNWSOL,SOL,2024,7.0821
REGION1,RNWSOL,SOL,2025,7.0821
REGION1,RNWSOL,SOL,2026,7.075
REGION1,RNWSOL,SOL,2027,4.467
REGION1,RNWSOL,SOL,2028,7.0678
REGION1,RNWSOL,SOL,2029,7.0678
REGION1,RNWSOL,SOL,2030,7.0607
REGION1,RNWWND,WND,2015,3.1049
REGION1,RNWWND,WND,2016,3.1023
REGION1,RNWWND,WND,2017,3.1012
REGION1,RNWWND,WND,2018,2.5055
REGION1,RNWWND,WND,2019,0.5922
REGION1,RNWWND,WND,2020,3.0948
REGION1,RNWWND,WND,2021,3.0938
REGION1,RNWWND,WND,2022,3.091
REGION1,RNWWND,WND,2023,3.09
REGION1,RNWWND,WND,2024,3.0873
REGION1,RNWWND,WND,2025,3.0863
REGION1,RNWWND,WND,2026,3.0836
REGION1,RNWWND,WND,2027,3.0825
REGION1,RNWWND,WND,2028,2.3181
REGION1,RNWWND,WND,2029,2.317
REGION1,RNWWND,WND,2030,1.5691
