r,t,y,CapitalInvestment
REGION1,PWRBIOA01,2017,90.387
REGION1,PWRBIOC01,2018,8.214
REGION1,PWRCOAA01,2020,142.6
REGION1,PWRCOAA01,2021,142.6
REGION1,PWRCOAA01,2022,142.6
REGION1,PWRCOAA01,2023,142.6
REGION1,PWRCOAA01,2024,142.6
REGION1,PWRCOAA01,2025,142.6
REGION1,PWRCOAA01,2026,142.6
REGION1,PWRCOAA01,2027,142.6
REGION1,PWRCOAA01,2028,142.6
REGION1,PWRCOAA01,2029,142.6
REGION1,PWRCOAA01,2030,142.6
REGION1,PWRCOAA01,2031,142.6
REGION1,PWRCOAA01,2032,142.6
REGION1,PWRCOAA01,2033,142.6
REGION1,PWRCOAA01,2034,142.6
REGION1,PWRCOAA01,2035,142.6
REGION1,PWRCOAA01,2036,142.6
REGION1,PWRCOAA01,2037,142.6
REGION1,PWRCOAA01,2038,142.6
REGION1,PWRCOAA01,2039,142.6
REGION1,PWRCOAA01,2040,142.6
REGION1,PWRCOAA01,2041,142.6
REGION1,PWRCOAA01,2042,142.6
REGION1,PWRCOAA01,2043,142.6
REGION1,PWRCOAA01,2044,142.6
REGION1,PWRCOAA01,2045,142.6
REGION1,PWRCOAA01,2046,142.6
REGION1,PWRCOAA01,2047,142.6
REGION1,PWRCOAA01,2048,142.6
REGION1,PWRCOAA01,2049,142.6
REGION1,PWRCOAA01,2050,142.6
REGION1,PWRCOAE01,2022,204.5
REGION1,PWRCOAE01,2023,204.5
REGION1,PWRCOAE01,2024,204.5
REGION1,PWRCOAE01,2025,204.5
REGION1,PWRCOAE01,2026,204.5
REGION1,PWRCOAE01,2027,204.5
REGION1,PWRCOAE01,2028,204.5
REGION1,PWRCOAE01,2029,204.5
REGION1,PWRCOAE01,2030,204.5
REGION1,PWRCOAE01,2031,204.5
REGION1,PWRCOAE01,2032,4.0863
REGION1,PWRCOAE01,2033,204.5
REGION1,PWRCOAE01,2034,204.5
REGION1,PWRCOAE01,2035,204.5
REGION1,PWRCOAE01,2036,204.5
REGION1,PWRCOAE01,2037,204.5
REGION1,PWRCOAE01,2038,204.5
REGION1,PWRCOAE01,2039,204.5
REGION1,PWRCOAE01,2040,204.5
REGION1,PWRCOAE01,2041,204.5
REGION1,PWRCOAE01,2042,204.5
REGION1,PWRCOAE01,2043,204.5
REGION1,PWRCOAE01,2044,204.5
REGION1,PWRCOAE01,2045,204.5
REGION1,PWRCOAE01,2046,204.5
REGION1,PWRCOAE01,2047,204.5
REGION1,PWRCOAE01,2048,204.5
REGION1,PWRCOAE01,2049,204.5
REGION1,PWRCOAE01,2050,204.5
REGION1,PWRCOAF01,2019,183.954
REGION1,PWRCOAF01,2024,285.2
REGION1,PWRCOAF01,2025,285.2
REGION1,PWRCOAF01,2026,36.4577
REGION1,PWRCOAF01,2027,285.2
REGION1,PWRCOAF01,2028,285.2
REGION1,PWRCOAF01,2029,285.2
REGION1,PWRCOAF01,2030,285.2
REGION1,PWRCOAF01,2031,285.2
REGION1,PWRCOAF01,2032,285.2
REGION1,PWRCOAF01,2033,285.2
REGION1,PWRCOAF01,2034,285.2
REGION1,PWRCOAF01,2035,285.2
REGION1,PWRCOAF01,2036,285.2
REGION1,PWRCOAF01,2037,285.2
REGION1,PWRCOAF01,2038,285.2
REGION1,PWRCOAF01,2039,285.2
REGION1,PWRCOAF01,2040,285.2
REGION1,PWRCOAF01,2041,285.2
REGION1,PWRCOAF01,2042,285.2
REGION1,PWRCOAF01,2043,285.2
REGION1,PWRCOAF01,2044,285.2
REGION1,PWRCOAF01,2045,285.2
REGION1,PWRCOAF01,2046,285.2
REGION1,PWRCOAF01,2047,285.2
REGION1,PWRCOAF01,2048,285.2
REGION1,PWRCOAF01,2049,285.2
REGION1,PWRCOAF01,2050,285.2
REGION1,PWRCOAF02,2043,272.9288
REGION1,PWRCOAF02,2044,352.1727
REGION1,PWRCOAF02,2045,662.9737
REGION1,PWRCOAF02,2046,719.0
REGION1,PWRCOAF02,2047,719.0
REGION1,PWRCOAF02,2048,719.0
REGION1,PWRCOAF02,2049,719.0
REGION1,PWRCOAF02,2050,719.0
REGION1,PWRDSLA01,2017,2.981
REGION1,PWRDSLD01,2025,81.3
REGION1,PWRDSLD01,2029,81.3
REGION1,PWRDSLD01,2030,81.3
REGION1,PWRDSLD01,2031,81.3
REGION1,PWRDSLD01,2033,81.3
REGION1,PWRDSLD01,2034,81.3
REGION1,PWRDSLD01,2035,81.3
REGION1,PWRDSLD01,2036,81.3
REGION1,PWRDSLD01,2037,81.3
REGION1,PWRDSLD01,2038,81.3
REGION1,PWRDSLD01,2039,81.3
REGION1,PWRDSLD01,2040,81.3
REGION1,PWRDSLD01,2041,81.3
REGION1,PWRDSLD01,2042,81.3
REGION1,PWRDSLD01,2043,81.3
REGION1,PWRDSLD01,2044,81.3
REGION1,PWRDSLD01,2045,81.3
REGION1,PWRDSLD01,2046,81.3
REGION1,PWRDSLD01,2047,81.3
REGION1,PWRDSLD01,2048,81.3
REGION1,PWRDSLD01,2049,81.3
REGION1,PWRDSLD01,2050,81.3
REGION1,PWRDSLE01,2024,81.3
REGION1,PWRDSLE01,2025,81.3
REGION1,PWRDSLE01,2029,81.3
REGION1,PWRDSLE01,2030,81.3
REGION1,PWRDSLE01,2031,81.3
REGION1,PWRDSLE01,2033,81.3
REGION1,PWRDSLE01,2034,81.3
REGION1,PWRDSLE01,2035,81.3
REGION1,PWRDSLE01,2036,81.3
REGION1,PWRDSLE01,2037,81.3
REGION1,PWRDSLE01,2038,81.3
REGION1,PWRDSLE01,2039,81.3
REGION1,PWRDSLE01,2040,81.3
REGION1,PWRDSLE01,2041,81.3
REGION1,PWRDSLE01,2042,81.3
REGION1,PWRDSLE01,2043,81.3
REGION1,PWRDSLE01,2044,81.3
REGION1,PWRDSLE01,2045,81.3
REGION1,PWRDSLE01,2046,81.3
REGION1,PWRDSLE01,2047,81.3
REGION1,PWRDSLE01,2048,81.3
REGION1,PWRDSLE01,2049,81.3
REGION1,PWRDSLE01,2050,81.3
REGION1,PWRDSLF01,2025,81.3
REGION1,PWRDSLF01,2029,81.3
REGION1,PWRDSLF01,2030,81.3
REGION1,PWRDSLF01,2031,81.3
REGION1,PWRDSLF01,2033,81.3
REGION1,PWRDSLF01,2034,81.3
REGION1,PWRDSLF01,2035,81.3
REGION1,PWRDSLF01,2036,81.3
REGION1,PWRDSLF01,2037,81.3
REGION1,PWRDSLF01,2038,81.3
REGION1,PWRDSLF01,2039,81.3
REGION1,PWRDSLF01,2040,81.3
REGION1,PWRDSLF01,2041,81.3
REGION1,PWRDSLF01,2042,81.3
REGION1,PWRDSLF01,2043,81.3
REGION1,PWRDSLF01,2044,81.3
REGION1,PWRDSLF01,2045,81.3
REGION1,PWRDSLF01,2046,81.3
REGION1,PWRDSLF01,2047,81.3
REGION1,PWRDSLF01,2048,81.3
REGION1,PWRDSLF01,2049,81.3
REGION1,PWRDSLF01,2050,81.3
REGION1,PWRDSLG01,2025,81.3
REGION1,PWRDSLG01,2029,81.3
REGION1,PWRDSLG01,2030,81.3
REGION1,PWRDSLG01,2031,81.3
REGION1,PWRDSLG01,2033,81.3
REGION1,PWRDSLG01,2034,81.3
REGION1,PWRDSLG01,2035,81.3
REGION1,PWRDSLG01,2036,81.3
REGION1,PWRDSLG01,2037,81.3
REGION1,PWRDSLG01,2038,81.3
REGION1,PWRDSLG01,2039,81.3
REGION1,PWRDSLG01,2040,81.3
REGION1,PWRDSLG01,2041,81.3
REGION1,PWRDSLG01,2042,81.3
REGION1,PWRDSLG01,2043,81.3
REGION1,PWRDSLG01,2044,81.3
REGION1,PWRDSLG01,2045,81.3
REGION1,PWRDSLG01,2046,81.3
REGION1,PWRDSLG01,2047,81.3
REGION1,PWRDSLG01,2048,81.3
REGION1,PWRDSLG01,2049,81.3
REGION1,PWRDSLG01,2050,81.3
REGION1,PWRDSLH01,2025,81.3
REGION1,PWRDSLH01,2029,81.3
REGION1,PWRDSLH01,2030,81.3
REGION1,PWRDSLH01,2031,81.3
REGION1,PWRDSLH01,2033,81.3
REGION1,PWRDSLH01,2034,81.3
REGION1,PWRDSLH01,2035,81.3
REGION1,PWRDSLH01,2036,81.3
REGION1,PWRDSLH01,2037,81.3
REGION1,PWRDSLH01,2038,81.3
REGION1,PWRDSLH01,2039,81.3
REGION1,PWRDSLH01,2040,81.3
REGION1,PWRDSLH01,2041,81.3
REGION1,PWRDSLH01,2042,81.3
REGION1,PWRDSLH01,2043,81.3
REGION1,PWRDSLH01,2044,81.3
REGION1,PWRDSLH01,2045,81.3
REGION1,PWRDSLH01,2046,81.3
REGION1,PWRDSLH01,2047,81.3
REGION1,PWRDSLH01,2048,81.3
REGION1,PWRDSLH01,2049,81.3
REGION1,PWRDSLH01,2050,81.3
REGION1,PWRDSLI01,2025,81.3
REGION1,PWRDSLI01,2029,81.3
REGION1,PWRDSLI01,2030,81.3
REGION1,PWRDSLI01,2031,81.3
REGION1,PWRDSLI01,2033,81.3
REGION1,PWRDSLI01,2034,81.3
REGION1,PWRDSLI01,2035,81.3
REGION1,PWRDSLI01,2036,81.3
REGION1,PWRDSLI01,2037,81.3
REGION1,PWRDSLI01,2038,81.3
REGION1,PWRDSLI01,2039,81.3
REGION1,PWRDSLI01,2040,81.3
REGION1,PWRDSLI01,2041,81.3
REGION1,PWRDSLI01,2042,81.3
REGION1,PWRDSLI01,2043,81.3
REGION1,PWRDSLI01,2044,81.3
REGION1,PWRDSLI01,2045,81.3
REGION1,PWRDSLI01,2046,81.3
REGION1,PWRDSLI01,2047,81.3
REGION1,PWRDSLI01,2048,81.3
REGION1,PWRDSLI01,2049,81.3
REGION1,PWRDSLI01,2050,81.3
REGION1,PWRDSLJ01,2019,23.848
REGION1,PWRDSLJ02,2025,81.3
REGION1,PWRDSLJ02,2029,81.3
REGION1,PWRDSLJ02,2030,81.3
REGION1,PWRDSLJ02,2031,81.3
REGION1,PWRDSLJ02,2033,81.3
REGION1,PWRDSLJ02,2034,81.3
REGION1,PWRDSLJ02,2035,81.3
REGION1,PWRDSLJ02,2036,81.3
REGION1,PWRDSLJ02,2037,81.3
REGION1,PWRDSLJ02,2038,81.3
REGION1,PWRDSLJ02,2039,81.3
REGION1,PWRDSLJ02,2040,81.3
REGION1,PWRDSLJ02,2041,81.3
REGION1,PWRDSLJ02,2042,81.3
REGION1,PWRDSLJ02,2043,81.3
REGION1,PWRDSLJ02,2044,81.3
REGION1,PWRDSLJ02,2045,81.3
REGION1,PWRDSLJ02,2046,81.3
REGION1,PWRDSLJ02,2047,81.3
REGION1,PWRDSLJ02,2048,81.3
REGION1,PWRDSLJ02,2049,81.3
REGION1,PWRDSLJ02,2050,81.3
REGION1,PWRGEOA01,2017,189.0
REGION1,PWRGEOA01,2018,188.8
REGION1,PWRGEOA01,2019,188.7
REGION1,PWRGEOA01,2020,188.6
REGION1,PWRGEOA01,2021,187.9
REGION1,PWRGEOA01,2022,187.2
REGION1,PWRGEOA01,2023,186.6
REGION1,PWRGEOA01,2024,185.9
REGION1,PWRGEOA01,2025,185.2
REGION1,PWRGEOA01,2026,184.5
REGION1,PWRGEOA01,2027,183.8
REGION1,PWRGEOA01,2028,183.1
REGION1,PWRGEOA01,2029,182.5
REGION1,PWRGEOA01,2030,181.8
REGION1,PWRGEOA01,2031,181.0
REGION1,PWRGEOA01,2032,180.3
REGION1,PWRGEOA01,2033,179.5
REGION1,PWRGEOA01,2034,178.8
REGION1,PWRGEOA01,2035,178.1
REGION1,PWRGEOA01,2036,177.3
REGION1,PWRGEOA01,2037,176.6
REGION1,PWRGEOA01,2038,175.8
REGION1,PWRGEOA01,2039,175.1
REGION1,PWRGEOA01,2047,174.3
REGION1,PWRGEOA01,2048,174.3
REGION1,PWRGEOA01,2049,174.3
REGION1,PWRGEOA01,2050,174.3
REGION1,PWRGEOB01,2019,188.7
REGION1,PWRGEOB01,2020,188.6
REGION1,PWRGEOB01,2021,187.9
REGION1,PWRGEOB01,2022,187.2
REGION1,PWRGEOB01,2023,186.6
REGION1,PWRGEOB01,2024,185.9
REGION1,PWRGEOB01,2025,185.2
REGION1,PWRGEOB01,2026,184.5
REGION1,PWRGEOB01,2027,183.8
REGION1,PWRGEOB01,2028,183.1
REGION1,PWRGEOB01,2029,182.5
REGION1,PWRGEOB01,2030,181.8
REGION1,PWRGEOB01,2031,181.0
REGION1,PWRGEOB01,2032,180.3
REGION1,PWRGEOB01,2033,179.5
REGION1,PWRGEOB01,2034,178.8
REGION1,PWRGEOB01,2035,178.1
REGION1,PWRGEOB01,2036,177.3
REGION1,PWRGEOB01,2037,176.6
REGION1,PWRGEOB01,2038,175.8
REGION1,PWRGEOB01,2049,174.3
REGION1,PWRGEOB01,2050,174.3
REGION1,PWRGEOC01,2017,567.0
REGION1,PWRGEOC01,2018,566.4
REGION1,PWRGEOC01,2019,566.1
REGION1,PWRGEOC01,2020,565.8
REGION1,PWRGEOC01,2021,563.7
REGION1,PWRGEOC01,2022,561.6
REGION1,PWRGEOC01,2023,559.8
REGION1,PWRGEOC01,2024,557.7
REGION1,PWRGEOC01,2025,555.6
REGION1,PWRGEOC01,2026,553.5
REGION1,PWRGEOC01,2027,551.4
REGION1,PWRGEOC01,2028,549.3
REGION1,PWRGEOC01,2029,547.5
REGION1,PWRGEOC01,2030,545.4
REGION1,PWRGEOC01,2031,543.0
REGION1,PWRGEOC01,2032,540.9
REGION1,PWRGEOC01,2033,538.5
REGION1,PWRGEOC01,2034,536.4
REGION1,PWRGEOC01,2035,534.3
REGION1,PWRGEOC01,2036,531.9
REGION1,PWRGEOC01,2037,529.8
REGION1,PWRGEOC01,2038,527.4
REGION1,PWRGEOC01,2047,522.9
REGION1,PWRGEOC01,2048,522.9
REGION1,PWRGEOC01,2049,522.9
REGION1,PWRGEOC01,2050,522.9
REGION1,PWRGEOD01,2019,188.7
REGION1,PWRGEOD01,2020,188.6
REGION1,PWRGEOD01,2021,187.9
REGION1,PWRGEOD01,2022,187.2
REGION1,PWRGEOD01,2023,186.6
REGION1,PWRGEOD01,2024,185.9
REGION1,PWRGEOD01,2025,185.2
REGION1,PWRGEOD01,2026,184.5
REGION1,PWRGEOD01,2027,183.8
REGION1,PWRGEOD01,2028,183.1
REGION1,PWRGEOD01,2029,182.5
REGION1,PWRGEOD01,2030,181.8
REGION1,PWRGEOD01,2031,181.0
REGION1,PWRGEOD01,2032,180.3
REGION1,PWRGEOD01,2033,179.5
REGION1,PWRGEOD01,2034,178.8
REGION1,PWRGEOD01,2035,178.1
REGION1,PWRGEOD01,2036,177.3
REGION1,PWRGEOD01,2037,176.6
REGION1,PWRGEOD01,2049,174.3
REGION1,PWRGEOD01,2050,174.3
REGION1,PWRGEOH01,2020,377.2
REGION1,PWRGEOH01,2021,375.8
REGION1,PWRGEOH01,2022,374.4
REGION1,PWRGEOH01,2023,373.2
REGION1,PWRGEOH01,2024,371.8
REGION1,PWRGEOH01,2025,370.4
REGION1,PWRGEOH01,2026,369.0
REGION1,PWRGEOH01,2027,367.6
REGION1,PWRGEOH01,2028,366.2
REGION1,PWRGEOH01,2029,365.0
REGION1,PWRGEOH01,2030,363.6
REGION1,PWRGEOH01,2031,362.0
REGION1,PWRGEOH01,2032,360.6
REGION1,PWRGEOH01,2033,359.0
REGION1,PWRGEOH01,2034,357.6
REGION1,PWRGEOH01,2035,293.8553
REGION1,PWRGEOH01,2050,347.4037
REGION1,PWRGEOJ01,2020,34.5532
REGION1,PWRGEOJ01,2021,1.6705
REGION1,PWRGEOJ01,2022,1.6165
REGION1,PWRGEOJ01,2023,2.4518
REGION1,PWRGEOJ01,2024,185.9
REGION1,PWRGEOJ01,2025,185.2
REGION1,PWRGEOJ01,2026,184.5
REGION1,PWRGEOJ01,2027,183.8
REGION1,PWRGEOJ01,2028,183.1
REGION1,PWRGEOJ01,2029,182.5
REGION1,PWRGEOJ01,2030,143.7776
REGION1,PWRGEOJ01,2050,33.1296
REGION1,PWRHFOA01,2017,204.5
REGION1,PWRHFOA01,2018,204.5
REGION1,PWRHFOB01,2017,204.5
REGION1,PWRHFOD01,2017,204.5
REGION1,PWRHFOE01,2017,204.5
REGION1,PWRHFOG01,2017,204.5
REGION1,PWRHFOG01,2018,204.5
REGION1,PWRHFOI01,2017,204.5
REGION1,PWRHFOI01,2018,204.5
REGION1,PWRHFOI01,2019,204.5
REGION1,PWRHFOI01,2049,84.2145
REGION1,PWRHFOP01,2017,204.5
REGION1,PWRHFOP01,2018,204.5
REGION1,PWRHYDA01,2025,101.66
REGION1,PWRHYDB01,2019,56.028
REGION1,PWRHYDB01,2024,868.195
REGION1,PWRHYDB01,2028,586.762
REGION1,PWRHYDB01,2030,989.0
REGION1,PWRHYDB01,2034,474.72
REGION1,PWRHYDC01,2024,15.608
REGION1,PWRHYDC01,2027,56.956
REGION1,PWRHYDC01,2032,20.6626
REGION1,PWRHYDC01,2033,175.2755
REGION1,PWRHYDC01,2034,245.1559
REGION1,PWRHYDD01,2024,232.169
REGION1,PWRHYDE01,2024,19.51
REGION1,PWRHYDE01,2030,696.256
REGION1,PWRHYDH01,2025,21.505
REGION1,PWRHYDH01,2027,33.388
REGION1,PWRHYDP01,2025,195.5
REGION1,PWRHYDP01,2026,196.0
REGION1,PWRHYDP01,2027,196.4
REGION1,PWRHYDP01,2028,196.9
REGION1,PWRHYDP01,2029,197.3
REGION1,PWRHYDP01,2030,197.8
REGION1,PWRHYDP01,2031,197.8
REGION1,PWRHYDP01,2032,197.8
REGION1,PWRHYDP01,2033,197.8
REGION1,PWRHYDP01,2034,197.8
REGION1,PWRHYDP01,2035,197.8
REGION1,PWRHYDP01,2036,197.8
REGION1,PWRHYDP01,2037,197.8
REGION1,PWRHYDP01,2038,197.8
REGION1,PWRHYDP01,2039,197.8
REGION1,PWRHYDP01,2040,39.56
REGION1,PWRNGSA01,2017,0.813
REGION1,PWRNGSA01,2029,81.3
REGION1,PWRNGSA01,2030,81.3
REGION1,PWRNGSA01,2031,81.3
REGION1,PWRNGSA01,2033,81.3
REGION1,PWRNGSA01,2034,81.3
REGION1,PWRNGSA01,2035,81.3
REGION1,PWRNGSA01,2036,81.3
REGION1,PWRNGSA01,2037,81.3
REGION1,PWRNGSA01,2038,81.3
REGION1,PWRNGSA01,2039,81.3
REGION1,PWRNGSA01,2040,81.3
REGION1,PWRNGSA01,2041,81.3
REGION1,PWRNGSA01,2042,81.3
REGION1,PWRNGSA01,2043,81.3
REGION1,PWRNGSA01,2044,81.3
REGION1,PWRNGSA01,2045,81.3
REGION1,PWRNGSA01,2046,81.3
REGION1,PWRNGSA01,2047,81.3
REGION1,PWRNGSA01,2048,81.3
REGION1,PWRNGSA01,2049,81.3
REGION1,PWRNGSA01,2050,81.3
REGION1,PWRNGSA02,2020,204.5
REGION1,PWRNGSA02,2021,204.5
REGION1,PWRNGSA02,2022,204.5
REGION1,PWRNGSA02,2023,204.5
REGION1,PWRNGSA02,2024,204.5
REGION1,PWRNGSA02,2025,204.5
REGION1,PWRNGSA02,2026,204.5
REGION1,PWRNGSA02,2027,204.5
REGION1,PWRNGSA02,2028,204.5
REGION1,PWRNGSA02,2029,204.5
REGION1,PWRNGSA02,2030,204.5
REGION1,PWRNGSA02,2031,204.5
REGION1,PWRNGSA02,2032,204.5
REGION1,PWRNGSA02,2033,204.5
REGION1,PWRNGSA02,2034,204.5
REGION1,PWRNGSA02,2035,204.5
REGION1,PWRNGSA02,2036,204.5
REGION1,PWRNGSA02,2037,204.5
REGION1,PWRNGSA02,2038,204.5
REGION1,PWRNGSA02,2039,204.5
REGION1,PWRNGSA02,2040,204.5
REGION1,PWRNGSA02,2041,204.5
REGION1,PWRNGSA02,2042,204.5
REGION1,PWRNGSA02,2043,204.5
REGION1,PWRNGSA02,2044,204.5
REGION1,PWRNGSA02,2045,204.5
REGION1,PWRNGSA02,2046,204.5
REGION1,PWRNGSA02,2047,204.5
REGION1,PWRNGSA02,2048,204.5
REGION1,PWRNGSA02,2049,204.5
REGION1,PWRNGSA02,2050,204.5
REGION1,PWRNGSA03,2017,2.961
REGION1,PWRNGSA04,2018,688.84
REGION1,PWRNGSA04,2023,1112.3523
REGION1,PWRNGSA04,2024,1215.6
REGION1,PWRNGSA04,2025,1215.6
REGION1,PWRNGSA04,2030,900.9264
REGION1,PWRNGSA04,2034,1215.6
REGION1,PWRNGSA04,2046,54.3255
REGION1,PWRNGSA04,2047,360.6647
REGION1,PWRNGSA04,2048,1033.4037
REGION1,PWRNGSA04,2049,40.4069
REGION1,PWRNGSA05,2018,2.13
REGION1,PWRNGSB02,2025,147.4318
REGION1,PWRNGSB02,2029,162.6
REGION1,PWRNGSB02,2030,162.6
REGION1,PWRNGSB02,2031,162.6
REGION1,PWRNGSB02,2033,162.6
REGION1,PWRNGSB02,2034,162.6
REGION1,PWRNGSB02,2035,162.6
REGION1,PWRNGSB02,2036,162.6
REGION1,PWRNGSB02,2037,162.6
REGION1,PWRNGSB02,2038,162.6
REGION1,PWRNGSB02,2039,162.6
REGION1,PWRNGSB02,2040,162.6
REGION1,PWRNGSB02,2041,162.6
REGION1,PWRNGSB02,2042,162.6
REGION1,PWRNGSB02,2043,162.6
REGION1,PWRNGSB02,2044,162.6
REGION1,PWRNGSB02,2045,162.6
REGION1,PWRNGSB02,2046,162.6
REGION1,PWRNGSB02,2047,162.6
REGION1,PWRNGSB02,2048,162.6
REGION1,PWRNGSB02,2049,162.6
REGION1,PWRNGSB02,2050,162.6
REGION1,PWRNGSB03,2025,204.5
REGION1,PWRNGSB03,2027,204.5
REGION1,PWRNGSB03,2028,204.5
REGION1,PWRNGSB03,2029,204.5
REGION1,PWRNGSB03,2030,204.5
REGION1,PWRNGSB03,2031,204.5
REGION1,PWRNGSB03,2033,204.5
REGION1,PWRNGSB03,2034,204.5
REGION1,PWRNGSB03,2035,204.5
REGION1,PWRNGSB03,2036,204.5
REGION1,PWRNGSB03,2037,204.5
REGION1,PWRNGSB03,2038,204.5
REGION1,PWRNGSB03,2039,204.5
REGION1,PWRNGSB03,2040,204.5
REGION1,PWRNGSB03,2041,204.5
REGION1,PWRNGSB03,2042,204.5
REGION1,PWRNGSB03,2043,204.5
REGION1,PWRNGSB03,2044,204.5
REGION1,PWRNGSB03,2045,204.5
REGION1,PWRNGSB03,2046,204.5
REGION1,PWRNGSB03,2047,204.5
REGION1,PWRNGSB03,2048,204.5
REGION1,PWRNGSB03,2049,204.5
REGION1,PWRNGSB03,2050,204.5
REGION1,PWRNGSB04,2018,583.62
REGION1,PWRNGSB06,2027,204.5
REGION1,PWRNGSB06,2028,204.5
REGION1,PWRNGSB06,2029,204.5
REGION1,PWRNGSB06,2030,204.5
REGION1,PWRNGSB06,2031,204.5
REGION1,PWRNGSB06,2033,204.5
REGION1,PWRNGSB06,2034,204.5
REGION1,PWRNGSB06,2035,204.5
REGION1,PWRNGSB06,2036,204.5
REGION1,PWRNGSB06,2037,204.5
REGION1,PWRNGSB06,2038,204.5
REGION1,PWRNGSB06,2039,204.5
REGION1,PWRNGSB06,2040,204.5
REGION1,PWRNGSB06,2041,204.5
REGION1,PWRNGSB06,2042,204.5
REGION1,PWRNGSB06,2043,204.5
REGION1,PWRNGSB06,2044,204.5
REGION1,PWRNGSB06,2045,204.5
REGION1,PWRNGSB06,2046,204.5
REGION1,PWRNGSB06,2047,204.5
REGION1,PWRNGSB06,2048,204.5
REGION1,PWRNGSB06,2049,204.5
REGION1,PWRNGSB06,2050,204.5
REGION1,PWRNGSC01,2021,204.5
REGION1,PWRNGSC01,2022,204.5
REGION1,PWRNGSC01,2023,204.5
REGION1,PWRNGSC01,2024,204.5
REGION1,PWRNGSC01,2025,204.5
REGION1,PWRNGSC01,2026,204.5
REGION1,PWRNGSC01,2027,204.5
REGION1,PWRNGSC01,2028,204.5
REGION1,PWRNGSC01,2029,204.5
REGION1,PWRNGSC01,2030,204.5
REGION1,PWRNGSC01,2031,204.5
REGION1,PWRNGSC01,2032,204.5
REGION1,PWRNGSC01,2033,204.5
REGION1,PWRNGSC01,2034,204.5
REGION1,PWRNGSC01,2035,204.5
REGION1,PWRNGSC01,2036,204.5
REGION1,PWRNGSC01,2037,204.5
REGION1,PWRNGSC01,2038,204.5
REGION1,PWRNGSC01,2039,204.5
REGION1,PWRNGSC01,2040,204.5
REGION1,PWRNGSC01,2041,204.5
REGION1,PWRNGSC01,2042,204.5
REGION1,PWRNGSC01,2043,204.5
REGION1,PWRNGSC01,2044,204.5
REGION1,PWRNGSC01,2045,204.5
REGION1,PWRNGSC01,2046,204.5
REGION1,PWRNGSC01,2047,204.5
REGION1,PWRNGSC01,2048,204.5
REGION1,PWRNGSC01,2049,204.5
REGION1,PWRNGSC01,2050,204.5
REGION1,PWRNGSC02,2024,1304.9029
REGION1,PWRNGSC02,2025,634.2154
REGION1,PWRNGSC02,2048,223.8174
REGION1,PWRNGSC02,2049,1040.1871
REGION1,PWRNGSC04,2029,81.3
REGION1,PWRNGSC04,2030,81.3
REGION1,PWRNGSC04,2031,81.3
REGION1,PWRNGSC04,2033,81.3
REGION1,PWRNGSC04,2034,81.3
REGION1,PWRNGSC04,2035,81.3
REGION1,PWRNGSC04,2036,81.3
REGION1,PWRNGSC04,2037,81.3
REGION1,PWRNGSC04,2038,81.3
REGION1,PWRNGSC04,2039,81.3
REGION1,PWRNGSC04,2040,81.3
REGION1,PWRNGSC04,2041,81.3
REGION1,PWRNGSC04,2042,81.3
REGION1,PWRNGSC04,2043,81.3
REGION1,PWRNGSC04,2044,81.3
REGION1,PWRNGSC04,2045,81.3
REGION1,PWRNGSC04,2046,81.3
REGION1,PWRNGSC04,2047,81.3
REGION1,PWRNGSC04,2048,81.3
REGION1,PWRNGSC04,2049,81.3
REGION1,PWRNGSC04,2050,81.3
REGION1,PWRNGSC05,2018,115.02
REGION1,PWRNGSC06,2024,204.5
REGION1,PWRNGSC06,2025,204.5
REGION1,PWRNGSC06,2027,204.5
REGION1,PWRNGSC06,2029,204.5
REGION1,PWRNGSC06,2030,204.5
REGION1,PWRNGSC06,2043,16.9094
REGION1,PWRNGSC06,2044,204.5
REGION1,PWRNGSC06,2045,204.5
REGION1,PWRNGSC06,2046,204.5
REGION1,PWRNGSC06,2047,204.5
REGION1,PWRNGSC06,2048,204.5
REGION1,PWRNGSC06,2049,204.5
REGION1,PWRNGSC06,2050,204.5
REGION1,PWRNGSD01,2029,204.5
REGION1,PWRNGSD01,2030,204.5
REGION1,PWRNGSD01,2031,204.5
REGION1,PWRNGSD01,2033,204.5
REGION1,PWRNGSD01,2034,204.5
REGION1,PWRNGSD01,2035,204.5
REGION1,PWRNGSD01,2036,204.5
REGION1,PWRNGSD01,2037,204.5
REGION1,PWRNGSD01,2038,204.5
REGION1,PWRNGSD01,2039,20.6375
REGION1,PWRNGSD01,2040,204.5
REGION1,PWRNGSD01,2041,204.5
REGION1,PWRNGSD01,2042,204.5
REGION1,PWRNGSD01,2043,204.5
REGION1,PWRNGSD01,2044,204.5
REGION1,PWRNGSD01,2045,204.5
REGION1,PWRNGSD01,2046,204.5
REGION1,PWRNGSD01,2047,204.5
REGION1,PWRNGSD01,2048,204.5
REGION1,PWRNGSD01,2049,204.5
REGION1,PWRNGSD01,2050,204.5
REGION1,PWRNGSD02,2018,1608.644
REGION1,PWRNGSD02,2019,898.531
REGION1,PWRNGSD02,2048,1620.8
REGION1,PWRNGSD02,2049,1620.8
REGION1,PWRNGSD02,2050,472.997
REGION1,PWRNGSE01,2023,81.3
REGION1,PWRNGSE01,2024,81.3
REGION1,PWRNGSE01,2025,81.3
REGION1,PWRNGSE01,2029,81.3
REGION1,PWRNGSE01,2030,81.3
REGION1,PWRNGSE01,2031,81.3
REGION1,PWRNGSE01,2033,81.3
REGION1,PWRNGSE01,2034,81.3
REGION1,PWRNGSE01,2035,81.3
REGION1,PWRNGSE01,2036,81.3
REGION1,PWRNGSE01,2037,81.3
REGION1,PWRNGSE01,2038,81.3
REGION1,PWRNGSE01,2039,81.3
REGION1,PWRNGSE01,2040,81.3
REGION1,PWRNGSE01,2041,81.3
REGION1,PWRNGSE01,2042,81.3
REGION1,PWRNGSE01,2043,81.3
REGION1,PWRNGSE01,2044,81.3
REGION1,PWRNGSE01,2045,81.3
REGION1,PWRNGSE01,2046,81.3
REGION1,PWRNGSE01,2047,81.3
REGION1,PWRNGSE01,2048,81.3
REGION1,PWRNGSE01,2049,81.3
REGION1,PWRNGSE01,2050,81.3
REGION1,PWRNGSE02,2019,918.791
REGION1,PWRNGSE02,2049,901.4872
REGION1,PWRNGSE03,2023,204.5
REGION1,PWRNGSE03,2024,204.5
REGION1,PWRNGSE03,2025,204.5
REGION1,PWRNGSE03,2026,44.7591
REGION1,PWRNGSE03,2027,204.5
REGION1,PWRNGSE03,2028,148.2175
REGION1,PWRNGSE03,2029,204.5
REGION1,PWRNGSE03,2030,204.5
REGION1,PWRNGSE03,2034,204.5
REGION1,PWRNGSE03,2040,50.9672
REGION1,PWRNGSE03,2041,158.8516
REGION1,PWRNGSE03,2046,49.3239
REGION1,PWRNGSE03,2047,204.5
REGION1,PWRNGSE03,2048,204.5
REGION1,PWRNGSE03,2049,204.5
REGION1,PWRNGSE03,2050,204.5
REGION1,PWRNGSF01,2027,204.5
REGION1,PWRNGSF01,2028,204.5
REGION1,PWRNGSF01,2029,204.5
REGION1,PWRNGSF01,2030,204.5
REGION1,PWRNGSF01,2031,204.5
REGION1,PWRNGSF01,2033,204.5
REGION1,PWRNGSF01,2034,204.5
REGION1,PWRNGSF01,2035,204.5
REGION1,PWRNGSF01,2036,204.5
REGION1,PWRNGSF01,2037,204.5
REGION1,PWRNGSF01,2038,204.5
REGION1,PWRNGSF01,2039,204.5
REGION1,PWRNGSF01,2040,204.5
REGION1,PWRNGSF01,2041,204.5
REGION1,PWRNGSF01,2042,204.5
REGION1,PWRNGSF01,2043,204.5
REGION1,PWRNGSF01,2044,204.5
REGION1,PWRNGSF01,2045,204.5
REGION1,PWRNGSF01,2046,204.5
REGION1,PWRNGSF01,2047,204.5
REGION1,PWRNGSF01,2048,204.5
REGION1,PWRNGSF01,2049,204.5
REGION1,PWRNGSF01,2050,204.5
REGION1,PWRNGSF02,2029,487.8
REGION1,PWRNGSF02,2030,487.8
REGION1,PWRNGSF02,2031,487.8
REGION1,PWRNGSF02,2033,319.8229
REGION1,PWRNGSF02,2034,487.8
REGION1,PWRNGSF02,2035,73.2079
REGION1,PWRNGSF02,2036,156.139
REGION1,PWRNGSF02,2037,487.8
REGION1,PWRNGSF02,2038,487.8
REGION1,PWRNGSF02,2039,487.8
REGION1,PWRNGSF02,2040,487.8
REGION1,PWRNGSF02,2041,487.8
REGION1,PWRNGSF02,2042,487.8
REGION1,PWRNGSF02,2043,487.8
REGION1,PWRNGSF02,2044,487.8
REGION1,PWRNGSF02,2045,487.8
REGION1,PWRNGSF02,2046,487.8
REGION1,PWRNGSF02,2047,487.8
REGION1,PWRNGSF02,2048,487.8
REGION1,PWRNGSF02,2049,487.8
REGION1,PWRNGSF02,2050,487.8
REGION1,PWRNGSF03,2019,1830.491
REGION1,PWRNGSF04,2047,101.3
REGION1,PWRNGSF04,2048,101.3
REGION1,PWRNGSF04,2049,101.3
REGION1,PWRNGSF04,2050,101.3
REGION1,PWRNGSF05,2019,44.415
REGION1,PWRNGSF06,2018,745.5
REGION1,PWRNGSF06,2019,2.13
REGION1,PWRNGSF07,2048,204.5
REGION1,PWRNGSF07,2049,204.5
REGION1,PWRNGSF07,2050,204.5
REGION1,PWRNGSG01,2023,44.3649
REGION1,PWRNGSG01,2024,607.8
REGION1,PWRNGSG01,2025,131.8533
REGION1,PWRNGSG01,2030,363.1809
REGION1,PWRNGSG01,2034,12.7384
REGION1,PWRNGSG01,2038,26.9569
REGION1,PWRNGSG01,2040,85.5753
REGION1,PWRNGSG01,2041,49.5456
REGION1,PWRNGSG01,2042,308.6404
REGION1,PWRNGSG01,2043,213.1312
REGION1,PWRNGSG01,2044,92.6187
REGION1,PWRNGSG01,2046,18.5762
REGION1,PWRNGSG01,2047,462.6731
REGION1,PWRNGSG01,2048,452.3096
REGION1,PWRNGSG01,2049,339.08
REGION1,PWRNGSG01,2050,6.2858
REGION1,PWRNGSG02,2024,81.3
REGION1,PWRNGSG02,2025,81.3
REGION1,PWRNGSG02,2027,58.9713
REGION1,PWRNGSG02,2029,81.3
REGION1,PWRNGSG02,2030,81.3
REGION1,PWRNGSG02,2031,81.3
REGION1,PWRNGSG02,2033,81.3
REGION1,PWRNGSG02,2034,81.3
REGION1,PWRNGSG02,2035,81.3
REGION1,PWRNGSG02,2036,81.3
REGION1,PWRNGSG02,2037,81.3
REGION1,PWRNGSG02,2038,81.3
REGION1,PWRNGSG02,2039,81.3
REGION1,PWRNGSG02,2040,81.3
REGION1,PWRNGSG02,2041,81.3
REGION1,PWRNGSG02,2042,81.3
REGION1,PWRNGSG02,2043,81.3
REGION1,PWRNGSG02,2044,81.3
REGION1,PWRNGSG02,2045,81.3
REGION1,PWRNGSG02,2046,81.3
REGION1,PWRNGSG02,2047,81.3
REGION1,PWRNGSG02,2048,81.3
REGION1,PWRNGSG02,2049,81.3
REGION1,PWRNGSG02,2050,81.3
REGION1,PWRNGSH01,2030,204.5
REGION1,PWRNGSH01,2038,23.5814
REGION1,PWRNGSH01,2040,204.5
REGION1,PWRNGSH01,2041,204.5
REGION1,PWRNGSH01,2042,100.2767
REGION1,PWRNGSH01,2043,142.2417
REGION1,PWRNGSH01,2044,204.5
REGION1,PWRNGSH01,2045,204.5
REGION1,PWRNGSH01,2046,204.5
REGION1,PWRNGSH01,2047,204.5
REGION1,PWRNGSH01,2048,204.5
REGION1,PWRNGSH01,2049,204.5
REGION1,PWRNGSH01,2050,204.5
REGION1,PWRNGSH02,2029,325.2
REGION1,PWRNGSH02,2030,325.2
REGION1,PWRNGSH02,2031,242.0574
REGION1,PWRNGSH02,2034,325.2
REGION1,PWRNGSH02,2035,325.2
REGION1,PWRNGSH02,2036,325.2
REGION1,PWRNGSH02,2037,195.0612
REGION1,PWRNGSH02,2038,325.2
REGION1,PWRNGSH02,2039,325.2
REGION1,PWRNGSH02,2040,325.2
REGION1,PWRNGSH02,2041,325.2
REGION1,PWRNGSH02,2042,325.2
REGION1,PWRNGSH02,2043,325.2
REGION1,PWRNGSH02,2044,325.2
REGION1,PWRNGSH02,2045,325.2
REGION1,PWRNGSH02,2046,325.2
REGION1,PWRNGSH02,2047,325.2
REGION1,PWRNGSH02,2048,325.2
REGION1,PWRNGSH02,2049,325.2
REGION1,PWRNGSH02,2050,325.2
REGION1,PWRNGSI01,2020,82.9912
REGION1,PWRNGSI01,2021,22.4226
REGION1,PWRNGSI01,2046,17.2345
REGION1,PWRNGSI01,2047,162.6
REGION1,PWRNGSI01,2048,162.6
REGION1,PWRNGSI01,2049,162.6
REGION1,PWRNGSI01,2050,162.6
REGION1,PWRSOLA01,2017,30.9
REGION1,PWRSOLA01,2025,85.2
REGION1,PWRSOLA01,2026,81.9
REGION1,PWRSOLA01,2027,78.7
REGION1,PWRSOLA01,2028,75.4
REGION1,PWRSOLA01,2029,72.2
REGION1,PWRSOLA01,2030,68.9
REGION1,PWRSOLA01,2031,68.2
REGION1,PWRSOLA01,2032,67.4
REGION1,PWRSOLA01,2033,66.7
REGION1,PWRSOLA01,2034,65.9
REGION1,PWRSOLA01,2035,65.1
REGION1,PWRSOLA01,2036,64.4
REGION1,PWRSOLA01,2037,63.6
REGION1,PWRSOLA01,2038,62.9
REGION1,PWRSOLA01,2039,62.1
REGION1,PWRSOLA01,2040,61.3
REGION1,PWRSOLA01,2041,61.3
REGION1,PWRSOLA01,2042,61.3
REGION1,PWRSOLA01,2043,61.3
REGION1,PWRSOLA01,2044,61.3
REGION1,PWRSOLA01,2045,61.3
REGION1,PWRSOLA01,2046,61.3
REGION1,PWRSOLA01,2047,61.3
REGION1,PWRSOLA01,2048,61.3
REGION1,PWRSOLA01,2049,61.3
REGION1,PWRSOLA01,2050,61.3
REGION1,PWRSOLA02,2031,500.4
REGION1,PWRSOLA02,2032,495.0
REGION1,PWRSOLA02,2033,489.0
REGION1,PWRSOLA02,2034,483.6
REGION1,PWRSOLA02,2035,478.2
REGION1,PWRSOLA02,2036,472.8
REGION1,PWRSOLA02,2037,466.8
REGION1,PWRSOLA02,2038,461.4
REGION1,PWRSOLA02,2039,456.0
REGION1,PWRSOLA02,2040,450.0
REGION1,PWRSOLA02,2041,450.0
REGION1,PWRSOLA02,2042,450.0
REGION1,PWRSOLA02,2043,450.0
REGION1,PWRSOLA02,2044,450.0
REGION1,PWRSOLA02,2045,450.0
REGION1,PWRSOLA02,2046,450.0
REGION1,PWRSOLA02,2047,450.0
REGION1,PWRSOLA02,2048,450.0
REGION1,PWRSOLA02,2049,450.0
REGION1,PWRSOLA02,2050,450.0
REGION1,PWRSOLA03,2028,82.0
REGION1,PWRSOLA03,2029,78.5
REGION1,PWRSOLA03,2030,75.0
REGION1,PWRSOLA03,2031,74.1
REGION1,PWRSOLA03,2032,73.3
REGION1,PWRSOLA03,2033,72.5
REGION1,PWRSOLA03,2034,71.7
REGION1,PWRSOLA03,2035,70.8
REGION1,PWRSOLA03,2036,70.0
REGION1,PWRSOLA03,2037,69.2
REGION1,PWRSOLA03,2038,68.4
REGION1,PWRSOLA03,2039,67.5
REGION1,PWRSOLA03,2040,66.7
REGION1,PWRSOLA03,2041,66.7
REGION1,PWRSOLA03,2042,66.7
REGION1,PWRSOLA03,2043,66.7
REGION1,PWRSOLA03,2044,66.7
REGION1,PWRSOLA03,2045,66.7
REGION1,PWRSOLA03,2046,66.7
REGION1,PWRSOLA03,2047,66.7
REGION1,PWRSOLA03,2048,66.7
REGION1,PWRSOLA03,2049,66.7
REGION1,PWRSOLA03,2050,66.7
REGION1,PWRSOLB01,2019,87.29
REGION1,PWRSOLB01,2035,192.4058
REGION1,PWRSOLB01,2036,945.6
REGION1,PWRSOLB01,2037,933.6
REGION1,PWRSOLB01,2038,922.8
REGION1,PWRSOLB01,2039,912.0
REGION1,PWRSOLB01,2040,900.0
REGION1,PWRSOLB01,2041,900.0
REGION1,PWRSOLB01,2042,900.0
REGION1,PWRSOLB01,2043,900.0
REGION1,PWRSOLB01,2044,900.0
REGION1,PWRSOLB01,2045,900.0
REGION1,PWRSOLB01,2046,900.0
REGION1,PWRSOLB01,2047,900.0
REGION1,PWRSOLB01,2048,900.0
REGION1,PWRSOLB01,2049,900.0
REGION1,PWRSOLB01,2050,900.0
REGION1,PWRSOLB02,2027,78.7
REGION1,PWRSOLB02,2028,75.4
REGION1,PWRSOLB02,2029,72.2
REGION1,PWRSOLB02,2030,68.9
REGION1,PWRSOLB02,2031,68.2
REGION1,PWRSOLB02,2032,67.4
REGION1,PWRSOLB02,2033,66.7
REGION1,PWRSOLB02,2034,65.9
REGION1,PWRSOLB02,2035,65.1
REGION1,PWRSOLB02,2036,64.4
REGION1,PWRSOLB02,2037,63.6
REGION1,PWRSOLB02,2038,62.9
REGION1,PWRSOLB02,2039,62.1
REGION1,PWRSOLB02,2040,61.3
REGION1,PWRSOLB02,2041,61.3
REGION1,PWRSOLB02,2042,61.3
REGION1,PWRSOLB02,2043,61.3
REGION1,PWRSOLB02,2044,61.3
REGION1,PWRSOLB02,2045,61.3
REGION1,PWRSOLB02,2046,61.3
REGION1,PWRSOLB02,2047,61.3
REGION1,PWRSOLB02,2048,61.3
REGION1,PWRSOLB02,2049,61.3
REGION1,PWRSOLB02,2050,61.3
REGION1,PWRSOLC01,2028,82.0
REGION1,PWRSOLC01,2029,78.5
REGION1,PWRSOLC01,2030,75.0
REGION1,PWRSOLC01,2031,74.1
REGION1,PWRSOLC01,2032,73.3
REGION1,PWRSOLC01,2033,72.5
REGION1,PWRSOLC01,2034,71.7
REGION1,PWRSOLC01,2035,70.8
REGION1,PWRSOLC01,2036,70.0
REGION1,PWRSOLC01,2037,69.2
REGION1,PWRSOLC01,2038,68.4
REGION1,PWRSOLC01,2039,67.5
REGION1,PWRSOLC01,2040,66.7
REGION1,PWRSOLC01,2041,66.7
REGION1,PWRSOLC01,2042,66.7
REGION1,PWRSOLC01,2043,66.7
REGION1,PWRSOLC01,2044,66.7
REGION1,PWRSOLC01,2045,66.7
REGION1,PWRSOLC01,2046,66.7
REGION1,PWRSOLC01,2047,66.7
REGION1,PWRSOLC01,2048,66.7
REGION1,PWRSOLC01,2049,66.7
REGION1,PWRSOLC01,2050,66.7
REGION1,PWRSOLC02,2018,8.238
REGION1,PWRSOLC03,2017,235.7298
REGION1,PWRSOLC03,2018,542.4398
REGION1,PWRSOLC03,2019,1117.312
REGION1,PWRSOLC03,2032,42.8024
REGION1,PWRSOLC03,2035,1115.8
REGION1,PWRSOLC03,2036,1103.2
REGION1,PWRSOLC03,2037,1089.2
REGION1,PWRSOLC03,2038,1076.6
REGION1,PWRSOLC03,2039,1064.0
REGION1,PWRSOLC03,2040,1050.0
REGION1,PWRSOLC03,2041,1050.0
REGION1,PWRSOLC03,2042,1050.0
REGION1,PWRSOLC03,2043,1050.0
REGION1,PWRSOLC03,2044,1050.0
REGION1,PWRSOLC03,2045,1050.0
REGION1,PWRSOLC03,2046,1050.0
REGION1,PWRSOLC03,2047,1050.0
REGION1,PWRSOLC03,2048,1050.0
REGION1,PWRSOLC03,2049,1050.0
REGION1,PWRSOLC03,2050,1050.0
REGION1,PWRSOLC04,2017,61.8
REGION1,PWRSOLC04,2019,163.04
REGION1,PWRSOLC04,2025,340.8
REGION1,PWRSOLC04,2026,327.6
REGION1,PWRSOLC04,2027,314.8
REGION1,PWRSOLC04,2028,301.6
REGION1,PWRSOLC04,2029,288.8
REGION1,PWRSOLC04,2030,275.6
REGION1,PWRSOLC04,2031,272.8
REGION1,PWRSOLC04,2032,269.6
REGION1,PWRSOLC04,2033,266.8
REGION1,PWRSOLC04,2034,263.6
REGION1,PWRSOLC04,2035,260.4
REGION1,PWRSOLC04,2036,257.6
REGION1,PWRSOLC04,2037,254.4
REGION1,PWRSOLC04,2038,251.6
REGION1,PWRSOLC04,2039,248.4
REGION1,PWRSOLC04,2040,245.2
REGION1,PWRSOLC04,2041,245.2
REGION1,PWRSOLC04,2042,245.2
REGION1,PWRSOLC04,2043,245.2
REGION1,PWRSOLC04,2044,245.2
REGION1,PWRSOLC04,2045,245.2
REGION1,PWRSOLC04,2046,245.2
REGION1,PWRSOLC04,2047,245.2
REGION1,PWRSOLC04,2048,245.2
REGION1,PWRSOLC04,2049,245.2
REGION1,PWRSOLC04,2050,245.2
REGION1,PWRSOLD01,2030,75.0
REGION1,PWRSOLD01,2031,74.1
REGION1,PWRSOLD01,2032,73.3
REGION1,PWRSOLD01,2033,72.5
REGION1,PWRSOLD01,2034,71.7
REGION1,PWRSOLD01,2035,70.8
REGION1,PWRSOLD01,2036,70.0
REGION1,PWRSOLD01,2037,69.2
REGION1,PWRSOLD01,2038,68.4
REGION1,PWRSOLD01,2039,67.5
REGION1,PWRSOLD01,2040,66.7
REGION1,PWRSOLD01,2041,66.7
REGION1,PWRSOLD01,2042,66.7
REGION1,PWRSOLD01,2043,66.7
REGION1,PWRSOLD01,2044,66.7
REGION1,PWRSOLD01,2045,66.7
REGION1,PWRSOLD01,2046,66.7
REGION1,PWRSOLD01,2047,66.7
REGION1,PWRSOLD01,2048,66.7
REGION1,PWRSOLD01,2049,66.7
REGION1,PWRSOLD01,2050,66.7
REGION1,PWRSOLD02,2019,754.435
REGION1,PWRSOLD03,2019,22.418
REGION1,PWRSOLD03,2028,603.2
REGION1,PWRSOLD03,2029,577.6
REGION1,PWRSOLD03,2030,551.2
REGION1,PWRSOLD03,2031,545.6
REGION1,PWRSOLD03,2032,539.2
REGION1,PWRSOLD03,2033,533.6
REGION1,PWRSOLD03,2034,527.2
REGION1,PWRSOLD03,2035,520.8
REGION1,PWRSOLD03,2036,515.2
REGION1,PWRSOLD03,2037,508.8
REGION1,PWRSOLD03,2038,503.2
REGION1,PWRSOLD03,2039,496.8
REGION1,PWRSOLD03,2040,490.4
REGION1,PWRSOLD03,2041,490.4
REGION1,PWRSOLD03,2042,490.4
REGION1,PWRSOLD03,2043,490.4
REGION1,PWRSOLD03,2044,490.4
REGION1,PWRSOLD03,2045,490.4
REGION1,PWRSOLD03,2046,490.4
REGION1,PWRSOLD03,2047,490.4
REGION1,PWRSOLD03,2048,490.4
REGION1,PWRSOLD03,2049,490.4
REGION1,PWRSOLD03,2050,490.4
REGION1,PWRSOLD05,2018,92.008
REGION1,PWRSOLE01,2017,61.8
REGION1,PWRSOLE01,2019,61.14
REGION1,PWRSOLE01,2028,563.2146
REGION1,PWRSOLE01,2029,1010.8
REGION1,PWRSOLE01,2030,964.6
REGION1,PWRSOLE01,2031,954.8
REGION1,PWRSOLE01,2032,943.6
REGION1,PWRSOLE01,2033,933.8
REGION1,PWRSOLE01,2034,922.6
REGION1,PWRSOLE01,2035,911.4
REGION1,PWRSOLE01,2036,901.6
REGION1,PWRSOLE01,2037,890.4
REGION1,PWRSOLE01,2038,880.6
REGION1,PWRSOLE01,2039,869.4
REGION1,PWRSOLE01,2040,858.2
REGION1,PWRSOLE01,2041,858.2
REGION1,PWRSOLE01,2042,858.2
REGION1,PWRSOLE01,2043,858.2
REGION1,PWRSOLE01,2044,858.2
REGION1,PWRSOLE01,2045,858.2
REGION1,PWRSOLE01,2046,858.2
REGION1,PWRSOLE01,2047,124.1304
REGION1,PWRSOLE01,2048,72.2021
REGION1,PWRSOLE01,2049,263.0457
REGION1,PWRSOLE01,2050,235.6292
REGION1,PWRSOLE02,2018,726.74
REGION1,PWRSOLE02,2019,700.814
REGION1,PWRSOLF01,2017,15.45
REGION1,PWRSOLF01,2019,40.76
REGION1,PWRSOLF01,2027,314.8
REGION1,PWRSOLF01,2028,301.6
REGION1,PWRSOLF01,2029,288.8
REGION1,PWRSOLF01,2030,275.6
REGION1,PWRSOLF01,2031,272.8
REGION1,PWRSOLF01,2032,269.6
REGION1,PWRSOLF01,2033,266.8
REGION1,PWRSOLF01,2034,263.6
REGION1,PWRSOLF01,2035,260.4
REGION1,PWRSOLF01,2036,257.6
REGION1,PWRSOLF01,2037,254.4
REGION1,PWRSOLF01,2038,251.6
REGION1,PWRSOLF01,2039,248.4
REGION1,PWRSOLF01,2040,245.2
REGION1,PWRSOLF01,2041,245.2
REGION1,PWRSOLF01,2042,245.2
REGION1,PWRSOLF01,2043,245.2
REGION1,PWRSOLF01,2044,245.2
REGION1,PWRSOLF01,2045,245.2
REGION1,PWRSOLF01,2046,245.2
REGION1,PWRSOLF01,2047,245.2
REGION1,PWRSOLF01,2048,245.2
REGION1,PWRSOLF01,2049,245.2
REGION1,PWRSOLF01,2050,245.2
REGION1,PWRSOLF02,2017,2.24
REGION1,PWRSOLF02,2029,78.5
REGION1,PWRSOLF02,2030,75.0
REGION1,PWRSOLF02,2031,74.1
REGION1,PWRSOLF02,2032,73.3
REGION1,PWRSOLF02,2033,72.5
REGION1,PWRSOLF02,2034,71.7
REGION1,PWRSOLF02,2035,70.8
REGION1,PWRSOLF02,2036,70.0
REGION1,PWRSOLF02,2037,69.2
REGION1,PWRSOLF02,2038,68.4
REGION1,PWRSOLF02,2039,67.5
REGION1,PWRSOLF02,2040,66.7
REGION1,PWRSOLF02,2041,66.7
REGION1,PWRSOLF02,2042,66.7
REGION1,PWRSOLF02,2043,66.7
REGION1,PWRSOLF02,2044,66.7
REGION1,PWRSOLF02,2045,66.7
REGION1,PWRSOLF02,2046,66.7
REGION1,PWRSOLF02,2047,66.7
REGION1,PWRSOLF02,2048,66.7
REGION1,PWRSOLF02,2049,66.7
REGION1,PWRSOLF02,2050,66.7
REGION1,PWRSOLF03,2035,876.7
REGION1,PWRSOLF03,2036,866.8
REGION1,PWRSOLF03,2037,855.8
REGION1,PWRSOLF03,2038,845.9
REGION1,PWRSOLF03,2039,836.0
REGION1,PWRSOLF03,2040,825.0
REGION1,PWRSOLF03,2041,825.0
REGION1,PWRSOLF03,2042,825.0
REGION1,PWRSOLF03,2043,825.0
REGION1,PWRSOLF03,2044,825.0
REGION1,PWRSOLF03,2045,825.0
REGION1,PWRSOLF03,2046,825.0
REGION1,PWRSOLF03,2047,825.0
REGION1,PWRSOLF03,2048,825.0
REGION1,PWRSOLF03,2049,825.0
REGION1,PWRSOLF03,2050,825.0
REGION1,PWRSOLG01,2018,443.562
REGION1,PWRSOLG01,2034,403.0
REGION1,PWRSOLG01,2035,398.5
REGION1,PWRSOLG01,2036,394.0
REGION1,PWRSOLG01,2037,389.0
REGION1,PWRSOLG01,2038,384.5
REGION1,PWRSOLG01,2039,380.0
REGION1,PWRSOLG01,2040,375.0
REGION1,PWRSOLG01,2041,375.0
REGION1,PWRSOLG01,2042,375.0
REGION1,PWRSOLG01,2043,375.0
REGION1,PWRSOLG01,2044,375.0
REGION1,PWRSOLG01,2045,375.0
REGION1,PWRSOLG01,2046,375.0
REGION1,PWRSOLG01,2047,186.0086
REGION1,PWRSOLG01,2050,215.5247
REGION1,PWRSOLG02,2017,49.44
REGION1,PWRSOLG02,2026,163.8
REGION1,PWRSOLG02,2027,157.4
REGION1,PWRSOLG02,2028,150.8
REGION1,PWRSOLG02,2029,144.4
REGION1,PWRSOLG02,2030,137.8
REGION1,PWRSOLG02,2031,136.4
REGION1,PWRSOLG02,2032,134.8
REGION1,PWRSOLG02,2033,133.4
REGION1,PWRSOLG02,2034,131.8
REGION1,PWRSOLG02,2035,130.2
REGION1,PWRSOLG02,2036,128.8
REGION1,PWRSOLG02,2037,127.2
REGION1,PWRSOLG02,2038,125.8
REGION1,PWRSOLG02,2039,124.2
REGION1,PWRSOLG02,2040,122.6
REGION1,PWRSOLG02,2041,122.6
REGION1,PWRSOLG02,2042,122.6
REGION1,PWRSOLG02,2043,122.6
REGION1,PWRSOLG02,2044,122.6
REGION1,PWRSOLG02,2045,122.6
REGION1,PWRSOLG02,2046,122.6
REGION1,PWRSOLG02,2047,122.6
REGION1,PWRSOLG02,2048,122.6
REGION1,PWRSOLG02,2049,122.6
REGION1,PWRSOLG02,2050,122.6
REGION1,PWRSOLG04,2028,82.0
REGION1,PWRSOLG04,2029,78.5
REGION1,PWRSOLG04,2030,75.0
REGION1,PWRSOLG04,2031,74.1
REGION1,PWRSOLG04,2032,73.3
REGION1,PWRSOLG04,2033,72.5
REGION1,PWRSOLG04,2034,71.7
REGION1,PWRSOLG04,2035,70.8
REGION1,PWRSOLG04,2036,70.0
REGION1,PWRSOLG04,2037,69.2
REGION1,PWRSOLG04,2038,68.4
REGION1,PWRSOLG04,2039,67.5
REGION1,PWRSOLG04,2040,66.7
REGION1,PWRSOLG04,2041,66.7
REGION1,PWRSOLG04,2042,66.7
REGION1,PWRSOLG04,2043,66.7
REGION1,PWRSOLG04,2044,66.7
REGION1,PWRSOLG04,2045,66.7
REGION1,PWRSOLG04,2046,66.7
REGION1,PWRSOLG04,2047,66.7
REGION1,PWRSOLG04,2048,66.7
REGION1,PWRSOLG04,2049,66.7
REGION1,PWRSOLG04,2050,66.7
REGION1,PWRSOLH01,2031,22.1324
REGION1,PWRSOLH01,2032,73.3
REGION1,PWRSOLH01,2033,72.5
REGION1,PWRSOLH01,2034,71.7
REGION1,PWRSOLH01,2035,70.8
REGION1,PWRSOLH01,2036,70.0
REGION1,PWRSOLH01,2037,69.2
REGION1,PWRSOLH01,2038,68.4
REGION1,PWRSOLH01,2039,67.5
REGION1,PWRSOLH01,2040,66.7
REGION1,PWRSOLH01,2041,66.7
REGION1,PWRSOLH01,2042,66.7
REGION1,PWRSOLH01,2043,66.7
REGION1,PWRSOLH01,2044,66.7
REGION1,PWRSOLH01,2045,66.7
REGION1,PWRSOLH01,2046,66.7
REGION1,PWRSOLH01,2047,66.7
REGION1,PWRSOLH01,2048,66.7
REGION1,PWRSOLH01,2049,66.7
REGION1,PWRSOLH01,2050,66.7
REGION1,PWRSOLH02,2019,41.779
REGION1,PWRSOLH02,2029,72.2
REGION1,PWRSOLH02,2030,68.9
REGION1,PWRSOLH02,2031,68.2
REGION1,PWRSOLH02,2032,67.4
REGION1,PWRSOLH02,2033,66.7
REGION1,PWRSOLH02,2034,65.9
REGION1,PWRSOLH02,2035,65.1
REGION1,PWRSOLH02,2036,64.4
REGION1,PWRSOLH02,2037,63.6
REGION1,PWRSOLH02,2038,62.9
REGION1,PWRSOLH02,2039,62.1
REGION1,PWRSOLH02,2040,61.3
REGION1,PWRSOLH02,2041,61.3
REGION1,PWRSOLH02,2042,61.3
REGION1,PWRSOLH02,2043,61.3
REGION1,PWRSOLH02,2044,61.3
REGION1,PWRSOLH02,2045,61.3
REGION1,PWRSOLH02,2046,61.3
REGION1,PWRSOLH02,2047,61.3
REGION1,PWRSOLH02,2048,61.3
REGION1,PWRSOLH02,2049,61.3
REGION1,PWRSOLH02,2050,61.3
REGION1,PWRSOLH03,2048,76.5022
REGION1,PWRSOLI01,2018,23.575
REGION1,PWRSOLI01,2022,65.3035
REGION1,PWRSOLI01,2023,64.4454
REGION1,PWRSOLI01,2030,275.6
REGION1,PWRSOLI01,2031,272.8
REGION1,PWRSOLI01,2032,188.4518
REGION1,PWRSOLI01,2033,34.5734
REGION1,PWRSOLI01,2034,263.6
REGION1,PWRSOLI01,2035,224.6702
REGION1,PWRSOLI01,2036,48.1802
REGION1,PWRSOLI01,2037,172.9313
REGION1,PWRSOLI01,2038,83.7495
REGION1,PWRSOLI01,2039,91.074
REGION1,PWRSOLI01,2040,60.4362
REGION1,PWRSOLI01,2041,62.7908
REGION1,PWRSOLI01,2042,64.3606
REGION1,PWRSOLI01,2043,42.7596
REGION1,PWRSOLI01,2044,107.9094
REGION1,PWRSOLI01,2045,71.5617
REGION1,PWRSOLI01,2046,108.8221
REGION1,PWRSOLI01,2047,177.4667
REGION1,PWRSOLI01,2048,199.2749
REGION1,PWRSOLI01,2049,22.4306
REGION1,PWRSOLI01,2050,4.1782
REGION1,PWRURNB01,2017,282.8397
REGION1,PWRURNB01,2018,1718.7371
REGION1,PWRURNB01,2019,1719.5984
REGION1,PWRWNDB01,2018,69.1924
REGION1,PWRWNDB01,2019,872.9792
REGION1,PWRWNDC01,2018,250.272
REGION1,PWRWNDD01,2018,2.844
REGION1,PWRWNDF01,2018,523.296
REGION1,PWRWNDF01,2019,1347.108
REGION1,PWRWNDG01,2018,335.592
